{"type":"FeatureCollection","features":[{"type":"Feature","geometry":{"type":"MultiPolygon","coordinates":[[[[-73.980891668661,40.766054103499],[-73.981365677744,40.766250993492],[-73.981280866135,40.766367289746],[-73.981588846673,40.766497122705],[-73.981498324927,40.766618470029],[-73.981334967937,40.766549855898],[-73.981330796641,40.766553513069],[-73.98115857003,40.766794729151],[-73.981088370267,40.766766071719],[-73.980536692497,40.766540855663],[-73.980614549255,40.766434096928],[-73.980526272447,40.766398058281],[-73.980670005249,40.766200970255],[-73.980757625459,40.766237908288],[-73.980891668661,40.766054103499]]]]},"properties":{"name":null,"construction_year":"2020","ground_elevation":"80","height_roof":"1550","bin":"1090180","geom_source":"Other (Manual)"}},{"type":"Feature","geometry":{"type":"MultiPolygon","coordinates":[[[[-73.977562517544,40.764671700831],[-73.977579069554,40.764649118506],[-73.977718647387,40.764708262784],[-73.977806686695,40.764745568756],[-73.977893927949,40.764782535916],[-73.977789666801,40.764924776623],[-73.977700649127,40.765046221238],[-73.977683528301,40.765069578804],[-73.977540531198,40.765264663261],[-73.977527297682,40.765259055943],[-73.977350765755,40.765184252516],[-73.977225671231,40.765131244894],[-73.977393656549,40.764902071739],[-73.977399372596,40.764894272692],[-73.977447127132,40.764829123365],[-73.977464872429,40.764804913178],[-73.977562517544,40.764671700831]]]]},"properties":{"name":null,"construction_year":"1924","ground_elevation":"58","height_roof":"1428","bin":"1023728","geom_source":"Other (Manual)"}},{"type":"Feature","geometry":{"type":"MultiPolygon","coordinates":[[[[-74.0130301554,40.712627417796],[-74.013674674942,40.7129028597],[-74.013311382243,40.713390681937],[-74.012676098965,40.713116748056],[-74.0130301554,40.712627417796]]]]},"properties":{"name":"Tower 1 World Trade Ctr","construction_year":"2009","ground_elevation":"5","height_roof":"1408.377901","bin":"1088469","geom_source":"Photogrammetric"}},{"type":"Feature","geometry":{"type":"MultiPolygon","coordinates":[[[[-73.979066084266,40.75287637611],[-73.97871342128,40.753357974013],[-73.978033346173,40.753069976267],[-73.978386013735,40.752588379527],[-73.979066084266,40.75287637611]]]]},"properties":{"name":null,"construction_year":"2021","ground_elevation":"60","height_roof":"1401","bin":"1090825","geom_source":"Other (Manual)"}},{"type":"Feature","geometry":{"type":"MultiPolygon","coordinates":[[[[-73.972025740133,40.761683016088],[-73.972100770854,40.761714683418],[-73.971927333478,40.761957775743],[-73.971848766609,40.761925126788],[-73.972025740133,40.761683016088]]]]},"properties":{"name":null,"construction_year":"2016","ground_elevation":"49","height_roof":"1396","bin":"1035787","geom_source":null}},{"type":"Feature","geometry":{"type":"MultiPolygon","coordinates":[[[[-73.971547045497,40.761799734844],[-73.971781562889,40.761468592305],[-73.971609985835,40.76140256027],[-73.971284691224,40.761275217628],[-73.971409069685,40.761111685383],[-73.972273884645,40.761472041899],[-73.972100770854,40.761714683418],[-73.972025740133,40.761683016088],[-73.971848766609,40.761925126788],[-73.971547045497,40.761799734844]]]]},"properties":{"name":null,"construction_year":"2016","ground_elevation":"49","height_roof":"1396","bin":"1088817","geom_source":null}},{"type":"Feature","geometry":{"type":"MultiPolygon","coordinates":[[[[-74.001823528885,40.753251853503],[-74.001916440539,40.753288241429],[-74.000991035262,40.754372298938],[-74.000280434393,40.754094969664],[-74.000287805848,40.754082958702],[-74.000191183966,40.754052418257],[-74.000170730895,40.7540665067],[-73.999846983037,40.75392571808],[-74.000798996914,40.752649068431],[-74.001898093041,40.753119856166],[-74.001880164219,40.753139407341],[-74.00192938333,40.753161729162],[-74.001823528885,40.753251853503]]]]},"properties":{"name":null,"construction_year":"2018","ground_elevation":null,"height_roof":"1265","bin":"1088961","geom_source":"Other (Manual)"}},{"type":"Feature","geometry":{"type":"MultiPolygon","coordinates":[[[[-73.98608527878,40.748921498021],[-73.98482339139,40.74839078918],[-73.984909832216,40.748271913883],[-73.985031089296,40.74810515772],[-73.985157291953,40.747931600537],[-73.98648794223,40.748491226399],[-73.986469871701,40.748516078254],[-73.986682947706,40.748605687253],[-73.98655560005,40.748780826345],[-73.98635802669,40.748697735913],[-73.986345130771,40.748715469858],[-73.98632962892,40.748708950154],[-73.986312563843,40.748732419825],[-73.986154048034,40.748950418863],[-73.98608527878,40.748921498021]]]]},"properties":{"name":"Empire State Building","construction_year":"1931","ground_elevation":"50","height_roof":"1238.79032716","bin":"1015862","geom_source":"Photogrammetric"}},{"type":"Feature","geometry":{"type":"MultiPolygon","coordinates":[[[[-74.011689600459,40.711236482694],[-74.011656575035,40.711223982449],[-74.011649231534,40.711235216166],[-74.011631215195,40.711228396618],[-74.011608305625,40.711263444115],[-74.011193827713,40.711106563034],[-74.011200642426,40.711096138056],[-74.011066040741,40.71104519026],[-74.011136419261,40.710937525582],[-74.011093837443,40.710921407847],[-74.011264760619,40.710659932375],[-74.011291949938,40.710670223452],[-74.011346592515,40.710586630843],[-74.011370560381,40.710595702927],[-74.011391876216,40.710563093315],[-74.011935919434,40.710769015668],[-74.011914002791,40.710802543963],[-74.011931215455,40.710809059178],[-74.011922123446,40.710822969414],[-74.011954392471,40.710835183299],[-74.011973797417,40.710805495937],[-74.012238248506,40.710905589635],[-74.012046161736,40.71140809502],[-74.011670392838,40.711265867415],[-74.011689600459,40.711236482694]]]]},"properties":{"name":null,"construction_year":"2009","ground_elevation":"21","height_roof":"1064","bin":"1088797","geom_source":"Photogrammetric"}},{"type":"Feature","geometry":{"type":"MultiPolygon","coordinates":[[[[-73.978119372368,40.762107340204],[-73.977778262515,40.761963919991],[-73.97788363082,40.761819032863],[-73.97796412227,40.761852875742],[-73.977992245967,40.761814204443],[-73.977911755734,40.761780361584],[-73.977953679416,40.761722713904],[-73.97808155456,40.761776479517],[-73.978256969868,40.761535273862],[-73.97853284479,40.761651265567],[-73.97835743136,40.761892471639],[-73.978294787227,40.761866133602],[-73.978119372368,40.762107340204]]]]},"properties":{"name":null,"construction_year":"2020","ground_elevation":"66","height_roof":"1050","bin":"1090777","geom_source":"Other (Manual)"}},{"type":"Feature","geometry":{"type":"MultiPolygon","coordinates":[[[[-74.002197349809,40.754316726425],[-74.002683986994,40.754522966099],[-74.002348192886,40.754977270376],[-74.001811630821,40.75474505051],[-74.002197349809,40.754316726425]]]]},"properties":{"name":null,"construction_year":"2018","ground_elevation":"28","height_roof":"1039","bin":"1091590","geom_source":"Other (Manual)"}},{"type":"Feature","geometry":{"type":"MultiPolygon","coordinates":[[[[-73.998887473738,40.755253620827],[-73.999201425345,40.754819038574],[-74.00017149183,40.755238260719],[-73.999861271322,40.755648183453],[-73.999321732934,40.755429459589],[-73.998887473738,40.755253620827]]]]},"properties":{"name":null,"construction_year":"2022","ground_elevation":"42","height_roof":"1029","bin":"1090122","geom_source":"Other (Manual)"}},{"type":"Feature","geometry":{"type":"MultiPolygon","coordinates":[[[[-73.979335794036,40.765393491242],[-73.979172706566,40.76561599266],[-73.979134125052,40.765669709756],[-73.979123005943,40.765685191009],[-73.979176033655,40.765706412879],[-73.979180533753,40.7657082138],[-73.979037780327,40.765895032613],[-73.978797579701,40.765797310086],[-73.97886625881,40.765703612644],[-73.978975130478,40.765555080899],[-73.97886447673,40.765508194818],[-73.978916718642,40.765436920481],[-73.978730744097,40.765358118304],[-73.978709422255,40.765349084111],[-73.978727039264,40.765325049306],[-73.978820168196,40.765197972006],[-73.978821079375,40.765196730378],[-73.978833021865,40.76518045686],[-73.978855481701,40.76518997391],[-73.979335794036,40.765393491242]]]]},"properties":{"name":null,"construction_year":"2009","ground_elevation":"46","height_roof":"1018.54529693","bin":"1088565","geom_source":"Photogrammetric"}},{"type":"Feature","geometry":{"type":"MultiPolygon","coordinates":[[[[-73.999755228776,40.754142241327],[-74.00072494178,40.754548470859],[-74.000460192332,40.754916582679],[-73.999491570943,40.754511898913],[-73.999755228776,40.754142241327]]]]},"properties":{"name":null,"construction_year":"2021","ground_elevation":"40","height_roof":"1011","bin":"1090274","geom_source":"Other (Manual)"}},{"type":"Feature","geometry":{"type":"MultiPolygon","coordinates":[[[[-73.997863518751,40.753031616925],[-73.997249812181,40.752792139626],[-73.997241500826,40.752786658949],[-73.997234109628,40.752779539373],[-73.997235096464,40.752769047604],[-73.99746780553,40.752450804291],[-73.997476966425,40.752442319026],[-73.997488004054,40.752437522272],[-73.997500996699,40.752433043438],[-73.997512096911,40.752432889692],[-73.99753215274,40.752435364713],[-73.997651811605,40.752483595602],[-73.998115234712,40.752679748681],[-73.998122802517,40.752683825394],[-73.998124832011,40.752688961912],[-73.998110693908,40.752706672829],[-73.997863518751,40.753031616925]]]]},"properties":{"name":null,"construction_year":"2020","ground_elevation":"44","height_roof":"998","bin":"1089972","geom_source":"Other (Manual)"}},{"type":"Feature","geometry":{"type":"MultiPolygon","coordinates":[[[[-74.012495896689,40.710215953782],[-74.012494845971,40.710216699519],[-74.012495666043,40.710216573358],[-74.012312205714,40.710713806704],[-74.012175398845,40.710654079556],[-74.012148359909,40.710690445048],[-74.011444049431,40.710387218815],[-74.011763205242,40.709901946239],[-74.011886010567,40.7099545766],[-74.012495896689,40.710215953782]]]]},"properties":{"name":"Tower 4 World Trade Ctr","construction_year":"2009","ground_elevation":"15","height_roof":"978.45258","bin":"1088795","geom_source":"Photogrammetric"}},{"type":"Feature","geometry":{"type":"MultiPolygon","coordinates":[[[[-73.981063192398,40.76694038756],[-73.980891666944,40.76717891624],[-73.980495819975,40.767014370176],[-73.980325151351,40.767251702287],[-73.980092243192,40.767154886029],[-73.980434440616,40.766679026507],[-73.981063192398,40.76694038756]]]]},"properties":{"name":null,"construction_year":"2016","ground_elevation":"76","height_roof":"952","bin":"1090184","geom_source":"Other (Manual)"}},{"type":"Feature","geometry":{"type":"MultiPolygon","coordinates":[[[[-73.975189088809,40.751427304257],[-73.975316694836,40.751297919952],[-73.975495218227,40.751373368239],[-73.975828834653,40.751514360705],[-73.975839972076,40.751519067285],[-73.975732095967,40.751666690669],[-73.975490878774,40.751996779489],[-73.9754768998,40.751990871896],[-73.975172456667,40.751862209036],[-73.974851646641,40.751726626811],[-73.974898702636,40.751661634952],[-73.975107627339,40.751498085365],[-73.97510893386,40.751496950109],[-73.975189088809,40.751427304257]]]]},"properties":{"name":"Chrysler Building","construction_year":"1930","ground_elevation":"41","height_roof":"947.01","bin":"1036156","geom_source":"Photogrammetric"}},{"type":"Feature","geometry":{"type":"MultiPolygon","coordinates":[[[[-73.980895181755,40.7544703549],[-73.980746901897,40.754674599999],[-73.98035251274,40.754509989435],[-73.98050013038,40.754305468271],[-73.980895181755,40.7544703549]]]]},"properties":{"name":null,"construction_year":"2025","ground_elevation":"71","height_roof":"922","bin":"1091887","geom_source":"Other (Manual)"}},{"type":"Feature","geometry":{"type":"MultiPolygon","coordinates":[[[[-74.008833353005,40.712927206952],[-74.009096209908,40.712583458813],[-74.009442561924,40.712736805014],[-74.009453190212,40.712777005644],[-74.009432028236,40.712804680076],[-74.009230420043,40.713068335353],[-74.009215593102,40.713071886354],[-74.009179597318,40.713080506218],[-74.008833353005,40.712927206952]]]]},"properties":{"name":null,"construction_year":"2016","ground_elevation":"25","height_roof":"919","bin":"1089428","geom_source":"Photogrammetric"}},{"type":"Feature","geometry":{"type":"MultiPolygon","coordinates":[[[[-73.970124273181,40.758708305759],[-73.969982008735,40.758648925496],[-73.969968960711,40.758667000636],[-73.969809316053,40.758600366561],[-73.969340783305,40.758404801707],[-73.969152705555,40.758326297696],[-73.969328643842,40.75808257703],[-73.969533496367,40.758168082119],[-73.969625445383,40.758206461612],[-73.969795489847,40.757970904456],[-73.96995254352,40.758036458175],[-73.97009265999,40.758094942821],[-73.970120560412,40.758106588189],[-73.970116954501,40.758111582355],[-73.970107619181,40.758124514789],[-73.970506954878,40.758291194049],[-73.970538898931,40.758304526996],[-73.970588223444,40.758325114339],[-73.970579461716,40.758337252712],[-73.97055816409,40.758366755023],[-73.970532993929,40.758401623349],[-73.970498707674,40.758449120721],[-73.970463044419,40.758498525],[-73.970426550436,40.758549078998],[-73.970412145743,40.758569034094],[-73.970411463191,40.758569978549],[-73.970410752199,40.758570963519],[-73.970410049501,40.758571937685],[-73.970409332584,40.758572930758],[-73.970408631072,40.758573903123],[-73.970407916525,40.758574892595],[-73.97034813505,40.758657707482],[-73.970471754748,40.758709303953],[-73.970488695562,40.758741438314],[-73.970504307583,40.758771052719],[-73.970452562659,40.75884273407],[-73.970445238232,40.758852879982],[-73.970412160367,40.758858725675],[-73.970407909714,40.758859477406],[-73.970348210282,40.75883455949],[-73.970333865612,40.758828572842],[-73.970249902868,40.758793527848],[-73.970249497198,40.758792336375],[-73.970236880042,40.75875530705],[-73.970124273181,40.758708305759]]]]},"properties":{"name":"Citigroup Center","construction_year":"1978","ground_elevation":"39","height_roof":"911","bin":"1036474","geom_source":"Other (Manual)"}},{"type":"Feature","geometry":{"type":"MultiPolygon","coordinates":[[[[-74.002549299893,40.753466478849],[-74.002065437195,40.753264967981],[-74.002311373469,40.752918296507],[-74.002784233402,40.753116477449],[-74.0031860615,40.753285726985],[-74.003194081309,40.753274671254],[-74.003498479336,40.753397961447],[-74.003226852241,40.753771372168],[-74.002937779781,40.753649422626],[-74.002948275599,40.753634401023],[-74.002549299893,40.753466478849]]]]},"properties":{"name":null,"construction_year":"2016","ground_elevation":"30","height_roof":"904","bin":"1089411","geom_source":"Other (Manual)"}},{"type":"Feature","geometry":{"type":"MultiPolygon","coordinates":[[[[-73.998503678445,40.75198473856],[-73.998511549306,40.75199011108],[-73.998518815035,40.751997171139],[-73.998522206296,40.75200250668],[-73.998308157174,40.752294401817],[-73.998280450741,40.752332095681],[-73.998273551713,40.752339452711],[-73.998262829178,40.752342809636],[-73.997796720532,40.752165621744],[-73.997793653639,40.75216445553],[-73.997792978782,40.752161297443],[-73.997801357007,40.752148851711],[-73.997721376366,40.752115694433],[-73.997684468484,40.752096613779],[-73.997665244373,40.752084037827],[-73.997659846047,40.752078963367],[-73.997658937994,40.752073725106],[-73.997665245036,40.752065092084],[-73.997897866428,40.751755463909],[-73.997907721069,40.751747220857],[-73.997920532308,40.751744972526],[-73.998482487397,40.751970311278],[-73.998503678445,40.75198473856]]]]},"properties":{"name":null,"construction_year":"2022","ground_elevation":"33","height_roof":"902","bin":"1089694","geom_source":"Other (Manual)"}},{"type":"Feature","geometry":{"type":"MultiPolygon","coordinates":[[[[-74.012994343315,40.709082521076],[-74.012899906437,40.70928560508],[-74.012527775092,40.70912636827],[-74.012658993625,40.708937083563],[-74.012994343315,40.709082521076]]]]},"properties":{"name":null,"construction_year":"2019","ground_elevation":"19","height_roof":"900","bin":"1090832","geom_source":"Other (Manual)"}},{"type":"Feature","geometry":{"type":"MultiPolygon","coordinates":[[[[-73.985538519276,40.755640629909],[-73.98530893998,40.755951049201],[-73.985204155588,40.756092729413],[-73.984993407216,40.75600260029],[-73.984501522721,40.755792236546],[-73.984258811826,40.755688435701],[-73.983863487762,40.755519364246],[-73.984218411225,40.755039477311],[-73.984586326614,40.755196826519],[-73.985211461969,40.755464178478],[-73.98544577594,40.755564386844],[-73.985425222736,40.755592177445],[-73.985538519276,40.755640629909]]]]},"properties":{"name":"Bank of America Tower","construction_year":"2005","ground_elevation":"60","height_roof":"887.74953871","bin":"1087268","geom_source":"Photogrammetric"}},{"type":"Feature","geometry":{"type":"MultiPolygon","coordinates":[[[[-74.005558142948,40.710567201106],[-74.005604686352,40.710526200382],[-74.00604662281,40.710945629731],[-74.006004080328,40.710971585586],[-74.006013691602,40.71098030113],[-74.005534364744,40.711250366809],[-74.005208594374,40.710940035321],[-74.005558142948,40.710567201106]]]]},"properties":{"name":null,"construction_year":null,"ground_elevation":"27","height_roof":"860.84409712","bin":"1087485","geom_source":"Photogrammetric"}},{"type":"Feature","geometry":{"type":"MultiPolygon","coordinates":[[[[-73.967673689749,40.752351504583],[-73.967706184237,40.752306891828],[-73.967947053516,40.752408351562],[-73.967929528384,40.752432412704],[-73.967876666159,40.752504989556],[-73.967842266312,40.752552217795],[-73.967774143071,40.75264574691],[-73.96775690457,40.752669413684],[-73.967695787657,40.752753323708],[-73.967551050959,40.752692356604],[-73.967454917514,40.752651863453],[-73.967543349953,40.752530451584],[-73.967673689749,40.752351504583]]]]},"properties":{"name":null,"construction_year":"2000","ground_elevation":"24","height_roof":"859","bin":"1038909","geom_source":"Other (Manual)"}},{"type":"Feature","geometry":{"type":"MultiPolygon","coordinates":[[[[-73.980109277315,40.759662813846],[-73.979912516073,40.759578860756],[-73.979211386929,40.759279703007],[-73.9791469369,40.759252203446],[-73.978663314126,40.759045846129],[-73.97873717321,40.758945762349],[-73.978718199148,40.758937666908],[-73.978905261678,40.758684182131],[-73.978924174117,40.758692252316],[-73.978995250591,40.758595938271],[-73.979008442635,40.758601567031],[-73.979016004291,40.758604794018],[-73.979108529837,40.758644273665],[-73.979267143793,40.758711952758],[-73.979711775646,40.758901670164],[-73.980450923981,40.759217047636],[-73.980465998609,40.759196620437],[-73.98056412555,40.759238488],[-73.9806726954,40.759284812029],[-73.98036514668,40.759701575844],[-73.980236896176,40.759646854547],[-73.980148793644,40.759609264032],[-73.980109277315,40.759662813846]]]]},"properties":{"name":"RCA Building","construction_year":"1937","ground_elevation":"64","height_roof":"834.56","bin":"1076262","geom_source":"Photogrammetric"}},{"type":"Feature","geometry":{"type":"MultiPolygon","coordinates":[[[[-74.008557500353,40.707641997364],[-74.008722015696,40.707495322325],[-74.008811063337,40.707553161692],[-74.008900263797,40.707611100033],[-74.008933404093,40.707632625991],[-74.008995451522,40.707672928047],[-74.009024723156,40.707691940053],[-74.009328652553,40.70788935023],[-74.009429518163,40.707954864116],[-74.009494415984,40.707997017119],[-74.00944759757,40.708038759672],[-74.009308462444,40.70816280654],[-74.009244144027,40.708220149981],[-74.009153563713,40.708161316912],[-74.009041837403,40.708088747234],[-74.008901309421,40.707997470654],[-74.008696685757,40.707864561821],[-74.008569259555,40.707781794575],[-74.00854055962,40.707763152522],[-74.008519503622,40.707749475315],[-74.008502771968,40.707738608281],[-74.008494361172,40.707733144599],[-74.008486387071,40.707727965446],[-74.008471743037,40.707718453523],[-74.008557500353,40.707641997364]]]]},"properties":{"name":"One Chase Manhattan Plaza","construction_year":"1964","ground_elevation":"26","height_roof":"820.30621785","bin":"1001021","geom_source":"Photogrammetric"}},{"type":"Feature","geometry":{"type":"MultiPolygon","coordinates":[[[[-74.007685937352,40.706245941934],[-74.007725714982,40.706266899577],[-74.007724708062,40.706267696597],[-74.007725739992,40.706268274656],[-74.007861211643,40.706344238037],[-74.00801569273,40.70643085929],[-74.008192214127,40.706529838288],[-74.008215768814,40.706543046212],[-74.008141764725,40.706613992867],[-74.008045426419,40.706706350698],[-74.008063522134,40.706717281641],[-74.007934190826,40.706838615642],[-74.007866627718,40.706795121975],[-74.007519749689,40.706571819217],[-74.00731954979,40.706442939212],[-74.007225157139,40.706382173257],[-74.007241163616,40.706367300303],[-74.007489996671,40.706136087043],[-74.007655419728,40.706228845055],[-74.007685263997,40.706245579973],[-74.007685937352,40.706245941934]]]]},"properties":{"name":null,"construction_year":"1932","ground_elevation":"15","height_roof":"817.78","bin":"1001007","geom_source":"Photogrammetric"}},{"type":"Feature","geometry":{"type":"MultiPolygon","coordinates":[[[[-74.009313699358,40.707082863341],[-74.009333463761,40.707059031506],[-74.00945397603,40.706913717841],[-74.009576012831,40.706766563276],[-74.009691216534,40.706627647033],[-74.00984023201,40.706719235317],[-74.010087575858,40.70687125716],[-74.010098915669,40.706878227024],[-74.010092607212,40.706885539731],[-74.010011603996,40.706979437733],[-74.009941361192,40.707060862665],[-74.009869431057,40.707144243609],[-74.009852340584,40.707164054524],[-74.009950907003,40.707217946155],[-74.010056435781,40.707275644455],[-74.009937207194,40.707398987955],[-74.009903458554,40.707433900089],[-74.009902887084,40.707434491775],[-74.009824751959,40.707387860986],[-74.009632402238,40.707273066544],[-74.009313699358,40.707082863341]]]]},"properties":{"name":"The Trump Building","construction_year":"1930","ground_elevation":"31","height_roof":"807.01","bin":"1001018","geom_source":"Photogrammetric"}},{"type":"Feature","geometry":{"type":"MultiPolygon","coordinates":[[[[-73.967375251942,40.761732721565],[-73.967350127201,40.761717253683],[-73.967329183962,40.761745900904],[-73.967312785602,40.761768331426],[-73.966944404897,40.761612627221],[-73.966802286647,40.761552557815],[-73.966873098557,40.761455699199],[-73.967059519991,40.761200703596],[-73.967148984659,40.761078328932],[-73.967358475108,40.761166874773],[-73.96759724441,40.761267795101],[-73.967585328286,40.761284094487],[-73.967633956554,40.76130464777],[-73.967584999115,40.761400777294],[-73.967550816416,40.761410544451],[-73.967542428594,40.761414108087],[-73.967534460963,40.761418161716],[-73.967526966827,40.761422678336],[-73.967519995945,40.761427626446],[-73.967513593334,40.76143297544],[-73.967507802832,40.761438687509],[-73.967499336278,40.761445830626],[-73.967491453403,40.761453349417],[-73.967484182644,40.761461217777],[-73.967477550068,40.761469406896],[-73.967471578193,40.761477887964],[-73.967466289535,40.761486630371],[-73.967461701875,40.761495603506],[-73.967457832992,40.761504774954],[-73.967454695931,40.761514111401],[-73.967452301367,40.761523580432],[-73.967450658791,40.761533148731],[-73.967449772957,40.76154278118],[-73.967449647436,40.761552443559],[-73.967450284613,40.761562100752],[-73.967451678584,40.761571720337],[-73.967453828181,40.761581266294],[-73.967456722763,40.761590704401],[-73.967459725604,40.761596726023],[-73.967463409528,40.761602533518],[-73.967467746135,40.761608081851],[-73.967472701101,40.76161332869],[-73.967478238917,40.761618233501],[-73.967484313411,40.761622758451],[-73.967490880783,40.761626868406],[-73.967497888938,40.761630531836],[-73.967505284595,40.761633719907],[-73.967513009734,40.761636410092],[-73.967521005151,40.761638579861],[-73.96752920927,40.761640212087],[-73.967537559326,40.761641295946],[-73.967545991373,40.761641821515],[-73.967554439088,40.761641786073],[-73.967562837337,40.761641188702],[-73.967571123346,40.761640034786],[-73.967579231975,40.761638333314],[-73.967587100449,40.761636095972],[-73.967594668358,40.761633341656],[-73.967605779249,40.761629139424],[-73.967616548107,40.761624451722],[-73.967626938213,40.76161929475],[-73.967636916396,40.761613685608],[-73.967646448302,40.761607642297],[-73.967655501946,40.761601186419],[-73.967664046525,40.761594337778],[-73.967672055972,40.76158712068],[-73.9676771605,40.761581937006],[-73.967679501852,40.761579558529],[-73.967686359284,40.761571676534],[-73.967692605752,40.761563501703],[-73.967698219925,40.761555060146],[-73.967703184026,40.761546380672],[-73.967707480277,40.761537492094],[-73.967711095634,40.761528424124],[-73.967714017058,40.761519206476],[-73.967716235058,40.761509870665],[-73.967717742513,40.761500448206],[-73.967718534673,40.761490968815],[-73.967718607969,40.76148146581],[-73.967714274743,40.761454253144],[-73.967798257304,40.761374092106],[-73.967848332632,40.761395257146],[-73.967860248711,40.761378957733],[-73.96795606339,40.761419454904],[-73.968272974941,40.761553400833],[-73.968460928866,40.76163284093],[-73.968371689844,40.761754909592],[-73.968197926301,40.76199259859],[-73.968114237307,40.762107074623],[-73.967810094887,40.761978525861],[-73.967576703141,40.761879880372],[-73.967450150729,40.761826390732],[-73.967486841631,40.76177620336],[-73.967483287922,40.761775345977],[-73.967466894495,40.761770794701],[-73.96745077372,40.761765714003],[-73.967434952835,40.761760112896],[-73.967419462625,40.761754001294],[-73.967404330325,40.761747390912],[-73.967389584353,40.761740293464],[-73.967375251942,40.761732721565]]]]},"properties":{"name":null,"construction_year":"2001","ground_elevation":"49","height_roof":"806","bin":"1086160","geom_source":"Other (Manual)"}},{"type":"Feature","geometry":{"type":"MultiPolygon","coordinates":[[[[-73.98513610202,40.745531923824],[-73.985247114884,40.745575618074],[-73.985235585816,40.745592562333],[-73.985369414269,40.745645235638],[-73.985272749133,40.745778845909],[-73.985238329495,40.745826420675],[-73.98522089403,40.745850519601],[-73.985134532876,40.745814597182],[-73.985103191915,40.745860775619],[-73.984975240103,40.746036841377],[-73.984523369392,40.745850177659],[-73.984571735493,40.745775181845],[-73.984872504153,40.745904821757],[-73.98492264561,40.745831317268],[-73.98495693535,40.745783222987],[-73.984657277031,40.745656456057],[-73.984690587457,40.745609344176],[-73.984990419647,40.745736257825],[-73.98513610202,40.745531923824]]]]},"properties":{"name":null,"construction_year":"2023","ground_elevation":"39","height_roof":"805","bin":"1090479","geom_source":"Other (Manual)"}},{"type":"Feature","geometry":{"type":"MultiPolygon","coordinates":[[[[-73.971627012143,40.756054176783],[-73.971733819089,40.755908042904],[-73.97179333158,40.755933194199],[-73.971839454479,40.755870940035],[-73.972099563675,40.755981350356],[-73.971923643537,40.756222046029],[-73.971782578654,40.756154751016],[-73.971797528855,40.756136370859],[-73.971738135439,40.756098079421],[-73.971627012143,40.756054176783]]]]},"properties":{"name":null,"construction_year":"2023","ground_elevation":"42","height_roof":"802","bin":"1090524","geom_source":"Other (Manual)"}},{"type":"Feature","geometry":{"type":"MultiPolygon","coordinates":[[[[-73.991575610789,40.710751584378],[-73.991269760144,40.710489929825],[-73.991411928853,40.7103937038],[-73.991203567193,40.710215449017],[-73.99136527382,40.71010599693],[-73.991671123077,40.710367651244],[-73.991528955982,40.710463878489],[-73.991737319288,40.710642132678],[-73.991575610789,40.710751584378]]]]},"properties":{"name":null,"construction_year":null,"ground_elevation":"10","height_roof":"800","bin":"1089771","geom_source":"Other (Manual)"}},{"type":"Feature","geometry":{"type":"MultiPolygon","coordinates":[[[[-73.961089672586,40.758328304685],[-73.961116156871,40.758292395177],[-73.961084673068,40.758278969722],[-73.96118266448,40.758146103527],[-73.96121414824,40.758159528956],[-73.961453420254,40.758261564456],[-73.961355429212,40.758394429979],[-73.9613050564,40.758372949531],[-73.961278572185,40.758408859081],[-73.961089672586,40.758328304685]]]]},"properties":{"name":null,"construction_year":"2023","ground_elevation":"49","height_roof":"799","bin":"1090365","geom_source":"Other (Manual)"}},{"type":"Feature","geometry":{"type":"MultiPolygon","coordinates":[[[[-74.014133727289,40.708653617372],[-74.014030866581,40.708907686695],[-74.013995244967,40.708898059164],[-74.01395283941,40.708991774212],[-74.013685488022,40.708873755595],[-74.013793757588,40.708726355093],[-74.013760808681,40.708713524951],[-74.013797242967,40.708630865361],[-74.013832790375,40.708642985578],[-74.013864301142,40.708585995632],[-74.014133727289,40.708653617372]]]]},"properties":{"name":null,"construction_year":null,"ground_elevation":"7","height_roof":"785","bin":"1091905","geom_source":"Other (Manual)"}},{"type":"Feature","geometry":{"type":"MultiPolygon","coordinates":[[[[-74.012946226105,40.715404821443],[-74.012927606725,40.715460457307],[-74.012902701832,40.715514661223],[-74.012871697378,40.715567026707],[-74.012834825129,40.715617160213],[-74.012829502611,40.715621211472],[-74.012821988203,40.715623475411],[-74.012816821094,40.71562395203],[-74.012809775607,40.715623000154],[-74.012566989732,40.715539025327],[-74.012575281182,40.715512919519],[-74.012569558015,40.715508344653],[-74.01257519135,40.715495835431],[-74.012524458995,40.715466891675],[-74.01252069685,40.715443305116],[-74.012566714847,40.715380756199],[-74.012588786454,40.715353235446],[-74.012615553554,40.715323675426],[-74.012636875068,40.715307207492],[-74.012646825706,40.715306884751],[-74.012653803819,40.715297101083],[-74.012658978115,40.715287786545],[-74.012665990364,40.715279399374],[-74.012671000269,40.71527501514],[-74.012676260803,40.715271773435],[-74.012681928274,40.715270533539],[-74.012687563406,40.715270056917],[-74.012695078712,40.715270652013],[-74.012704316088,40.715273628853],[-74.012712145804,40.715277082314],[-74.012756144388,40.715294589971],[-74.012895049084,40.715350678036],[-74.012894424755,40.715356872743],[-74.012918537333,40.715365208837],[-74.012915510909,40.71537227712],[-74.012934822891,40.715380217618],[-74.012941224286,40.715392097041],[-74.012937584312,40.715401403394],[-74.012946226105,40.715404821443]]]]},"properties":{"name":null,"construction_year":"2018","ground_elevation":"8","height_roof":"784","bin":"1089698","geom_source":"Other (Manual)"}},{"type":"Feature","geometry":{"type":"MultiPolygon","coordinates":[[[[-73.970178397523,40.763988183797],[-73.970059419602,40.764149133403],[-73.969870099881,40.764073866724],[-73.969988490231,40.763908669479],[-73.970178397523,40.763988183797]]]]},"properties":{"name":null,"construction_year":"2018","ground_elevation":"0","height_roof":"781","bin":"1090526","geom_source":"Other (Manual)"}},{"type":"Feature","geometry":{"type":"MultiPolygon","coordinates":[[[[-74.008769976464,40.712428769658],[-74.00867149396,40.712553226813],[-74.008587501456,40.712514744379],[-74.008379179304,40.712419296585],[-74.00830668861,40.712510905401],[-74.008599003521,40.712644836712],[-74.008524662278,40.712738785329],[-74.008501743863,40.712767748351],[-74.008053402167,40.712562330865],[-74.007906565962,40.712495053979],[-74.008091655795,40.712261150539],[-74.008174800493,40.712156076661],[-74.008234244139,40.712183311975],[-74.00835565717,40.712238941286],[-74.008769976464,40.712428769658]]]]},"properties":{"name":"Woolworth Building","construction_year":"1913","ground_elevation":"33","height_roof":"780","bin":"1087167","geom_source":"Other (Manual)"}},{"type":"Feature","geometry":{"type":"MultiPolygon","coordinates":[[[[-73.987530537643,40.739954495822],[-73.987542759476,40.740016979753],[-73.987503906521,40.740067486808],[-73.987418701835,40.740072242118],[-73.987253320127,40.74000360527],[-73.987151814758,40.73996147816],[-73.987255209424,40.739819203166],[-73.987495070114,40.739920047567],[-73.987484185838,40.739935024526],[-73.987530537643,40.739954495822]]]]},"properties":{"name":null,"construction_year":"2015","ground_elevation":"35","height_roof":"778","bin":"1089831","geom_source":"Other (Manual)"}},{"type":"Feature","geometry":{"type":"MultiPolygon","coordinates":[[[[-74.015277336301,40.707846192006],[-74.015216514967,40.708000494737],[-74.014738109077,40.70783465376],[-74.014796882253,40.707680158613],[-74.014882049729,40.707707786043],[-74.014910849717,40.707682049653],[-74.014913975854,40.707679457219],[-74.014917601454,40.707677269277],[-74.014921636687,40.707675540988],[-74.014925979143,40.707674315931],[-74.014930522821,40.707673624071],[-74.014935152738,40.70767348243],[-74.014939754808,40.707673894414],[-74.014944214045,40.707674850489],[-74.014948419957,40.707676326822],[-74.01501894669,40.707693961774],[-74.015087750454,40.707715149316],[-74.015154521331,40.707739793427],[-74.015218956588,40.707767783105],[-74.015227584008,40.707777192669],[-74.015234020437,40.707787561709],[-74.015238084415,40.707798599454],[-74.015239661857,40.707809996065],[-74.015238708744,40.707821432851],[-74.015235252027,40.707832588398],[-74.015277336301,40.707846192006]]]]},"properties":{"name":null,"construction_year":"2016","ground_elevation":"6","height_roof":"778","bin":"1090192","geom_source":"Other (Manual)"}},{"type":"Feature","geometry":{"type":"MultiPolygon","coordinates":[[[[-73.979318004091,40.76424717769],[-73.979400056768,40.764135064294],[-73.979491442255,40.764010198656],[-73.979645414452,40.764075343228],[-73.979744612268,40.763939801488],[-73.979820569024,40.763836017281],[-73.979901481853,40.763870251489],[-73.97985133107,40.763938775614],[-73.979849744566,40.763940943751],[-73.979812175544,40.763992277628],[-73.979761896614,40.764060977288],[-73.979726327482,40.764109577557],[-73.97981544595,40.764147282911],[-73.980042762684,40.764243459446],[-73.980035810022,40.764252958562],[-73.980008444855,40.764290350861],[-73.980005919951,40.764293800255],[-73.98016142686,40.764359592763],[-73.9800248319,40.764546232893],[-73.979619808242,40.764374870746],[-73.979607128935,40.764369506],[-73.979318004091,40.76424717769]]]]},"properties":{"name":"City Spire","construction_year":"1987","ground_elevation":"75","height_roof":"766","bin":"1076177","geom_source":"Other (Manual)"}},{"type":"Feature","geometry":{"type":"MultiPolygon","coordinates":[[[[-73.988925910435,40.755882329922],[-73.989023171616,40.755747746991],[-73.989069713238,40.755683346368],[-73.989107033648,40.755631706817],[-73.989244460571,40.755441545588],[-73.989254312466,40.755445662717],[-73.989389250399,40.755502053167],[-73.989381854605,40.75551228673],[-73.989443516714,40.755538054955],[-73.989450912501,40.755527821388],[-73.989458090345,40.755517889471],[-73.989738044015,40.755634876891],[-73.990002429684,40.755745364232],[-73.989998011674,40.75575147738],[-73.989947465073,40.755821420639],[-73.989960475153,40.755826858124],[-73.990113355304,40.75589074419],[-73.990163901784,40.75582080086],[-73.99018504808,40.755829628516],[-73.990354186669,40.755900318064],[-73.990309641936,40.755961956621],[-73.990460475351,40.756024987474],[-73.990382009175,40.756133543176],[-73.990239224396,40.756331153369],[-73.990201343039,40.756383563166],[-73.990056988691,40.756323240356],[-73.99002659419,40.756365300333],[-73.989837448694,40.756286259961],[-73.989870261957,40.756240854869],[-73.98970976012,40.756173782716],[-73.989702198476,40.756184245912],[-73.989683332256,40.756210350775],[-73.989175076601,40.755997955078],[-73.98892927263,40.755895233587],[-73.98893565462,40.755886402043],[-73.988925910435,40.755882329922]]]]},"properties":{"name":"New York Times Building","construction_year":"2003","ground_elevation":"35","height_roof":"755","bin":"1087186","geom_source":"Other (Manual)"}},{"type":"Feature","geometry":{"type":"MultiPolygon","coordinates":[[[[-73.979326410782,40.765071076648],[-73.979498314066,40.764836922239],[-73.979665251588,40.764609529476],[-73.979676633328,40.7645940248],[-73.979693836412,40.764601176937],[-73.979693988074,40.764600969847],[-73.979698547402,40.764594760773],[-73.979853980043,40.764660725677],[-73.979850267896,40.764665781359],[-73.979850065285,40.764666057779],[-73.979820516191,40.76470630965],[-73.979498964428,40.765144308563],[-73.979326410782,40.765071076648]]]]},"properties":{"name":null,"construction_year":"1988","ground_elevation":"77","height_roof":"753.42","bin":"1084455","geom_source":"Photogrammetric"}},{"type":"Feature","geometry":{"type":"MultiPolygon","coordinates":[[[[-74.006591026111,40.709040092652],[-74.006437353968,40.709212364641],[-74.006308775716,40.70914560246],[-74.006145382032,40.709327830641],[-74.00593675031,40.709219500194],[-74.006298522329,40.708888998749],[-74.006591026111,40.709040092652]]]]},"properties":{"name":null,"construction_year":"2019","ground_elevation":"27","height_roof":"750","bin":"1090562","geom_source":"Other (Manual)"}},{"type":"Feature","geometry":{"type":"MultiPolygon","coordinates":[[[[-73.981833498599,40.760381651956],[-73.981843400607,40.760368021675],[-73.981900167068,40.760289875793],[-73.981825056284,40.760258329191],[-73.981709396709,40.760209752967],[-73.98116452495,40.759980905433],[-73.981071260801,40.759941734396],[-73.981265655395,40.759674133415],[-73.981407482007,40.759733701375],[-73.981748814463,40.759877062297],[-73.982035875282,40.75999762738],[-73.982103528774,40.759904493288],[-73.982109020851,40.759906799433],[-73.982375003363,40.760018511135],[-73.982576072567,40.760102958643],[-73.98255418857,40.760133085323],[-73.982415236811,40.760324371948],[-73.982226867199,40.760245258911],[-73.982172034631,40.760320743361],[-73.982058993824,40.760476357359],[-73.98184799975,40.760387742554],[-73.981833498599,40.760381651956]]]]},"properties":{"name":"Exxon Building","construction_year":"1970","ground_elevation":"58","height_roof":"749","bin":"1022706","geom_source":"Other (Manual)"}},{"type":"Feature","geometry":{"type":"MultiPolygon","coordinates":[[[[-73.981003495348,40.761651581861],[-73.981316222624,40.761224578562],[-73.981783852763,40.761422583471],[-73.982555496767,40.761749306913],[-73.982563169087,40.761752555294],[-73.982577657565,40.761758689922],[-73.982577863613,40.761758777302],[-73.982563719031,40.761778090987],[-73.98248358204,40.761887514456],[-73.982450863026,40.761873660617],[-73.982376028659,40.76197584386],[-73.982325867645,40.762044336661],[-73.982358586717,40.762058189634],[-73.982265140732,40.762185784892],[-73.981835678264,40.762003944837],[-73.981831306265,40.762002094511],[-73.981003495348,40.761651581861]]]]},"properties":{"name":"AXA Center","construction_year":"1985","ground_elevation":"62","height_roof":"746.25990952","bin":"1023157","geom_source":"Photogrammetric"}},{"type":"Feature","geometry":{"type":"MultiPolygon","coordinates":[[[[-74.011838485156,40.713177073322],[-74.011876858342,40.713023162179],[-74.012020145205,40.713087034038],[-74.01240955722,40.713260616582],[-74.012404015699,40.713282841783],[-74.012343531756,40.713525444968],[-74.012274031323,40.713804205477],[-74.012249828724,40.713793417237],[-74.01174645336,40.713569035438],[-74.011741328584,40.713566751365],[-74.011749234409,40.713535040876],[-74.011818074494,40.713258936347],[-74.011838485156,40.713177073322]]]]},"properties":{"name":"7 World Trade Center","construction_year":"2003","ground_elevation":"9","height_roof":"743.75","bin":"1086510","geom_source":"Photogrammetric"}},{"type":"Feature","geometry":{"type":"MultiPolygon","coordinates":[[[[-74.014041411609,40.714940531543],[-74.014256491027,40.714112828732],[-74.014956132771,40.714421208053],[-74.014792941425,40.714613679957],[-74.014617303605,40.715313077585],[-74.013967922831,40.715209425716],[-74.014014821785,40.715039313583],[-74.014088051432,40.714945985639],[-74.014041411609,40.714940531543]]]]},"properties":{"name":null,"construction_year":"2006","ground_elevation":"9","height_roof":"741","bin":"1087239","geom_source":"Other (Manual)"}},{"type":"Feature","geometry":{"type":"MultiPolygon","coordinates":[[[[-73.983601739683,40.763602497588],[-73.98369742213,40.763470849319],[-73.983762037956,40.76338194534],[-73.983776987005,40.763361379024],[-73.983775786205,40.763360874573],[-73.983882078445,40.763214626861],[-73.983949064423,40.763122461478],[-73.98407462366,40.763175218743],[-73.983909871123,40.763401901445],[-73.983901711838,40.763413127794],[-73.98390291264,40.763413632244],[-73.984315045939,40.763586799345],[-73.984421833755,40.763439870426],[-73.984487956735,40.76334889058],[-73.984573377412,40.763384781746],[-73.98443806062,40.763570965346],[-73.984400465643,40.763622690637],[-73.984401666453,40.763623195082],[-73.984491157642,40.763660796916],[-73.984487644924,40.76366563035],[-73.984440643178,40.763730300938],[-73.984385183535,40.763806608478],[-73.984316496191,40.763901114285],[-73.984316393119,40.76390125565],[-73.984315546033,40.763902420787],[-73.983601739683,40.763602497588]]]]},"properties":{"name":null,"construction_year":"1922","ground_elevation":"67","height_roof":"741","bin":"1090495","geom_source":"Photogrammetric"}},{"type":"Feature","geometry":{"type":"MultiPolygon","coordinates":[[[[-74.014973742702,40.714062382905],[-74.014904833606,40.714033402611],[-74.014685835382,40.713941300419],[-74.014691046962,40.713934125386],[-74.014691354569,40.713933703007],[-74.014604943053,40.71389736219],[-74.014603989469,40.713898675256],[-74.014602464444,40.71390077544],[-74.014568768893,40.713884674077],[-74.014503201746,40.713853342786],[-74.014322507448,40.713766998336],[-74.014413805687,40.713532209399],[-74.014398921835,40.71352900004],[-74.014403988825,40.71351539359],[-74.014385885825,40.713511489439],[-74.014391660113,40.713495983724],[-74.014371947542,40.713491733075],[-74.014432252193,40.713329816407],[-74.014447537212,40.71333311306],[-74.014451964719,40.713334067946],[-74.014456979642,40.713320603781],[-74.014475146504,40.713324521421],[-74.01448067829,40.713309669502],[-74.014501371942,40.713314132529],[-74.014505752892,40.713302367705],[-74.014598040669,40.71330653981],[-74.014666662122,40.713134916255],[-74.014760126657,40.71309384372],[-74.015046265731,40.713193101486],[-74.01502892527,40.71321697449],[-74.015168157485,40.713275529046],[-74.015152421306,40.713297192904],[-74.015331946024,40.713372694063],[-74.015446761764,40.713420980305],[-74.015331993484,40.713578986649],[-74.015111795822,40.713882138465],[-74.015161992495,40.713903247938],[-74.015173605416,40.713963824659],[-74.015144746186,40.714003556288],[-74.015126595128,40.714028544242],[-74.015034945594,40.714051504863],[-74.014994115687,40.71403433385],[-74.014973742702,40.714062382905]]]]},"properties":{"name":"3 World Financial Center","construction_year":"1986","ground_elevation":"13","height_roof":"739.53371898","bin":"1000059","geom_source":"Photogrammetric"}},{"type":"Feature","geometry":{"type":"MultiPolygon","coordinates":[[[[-73.982791312627,40.764582564365],[-73.982499149296,40.764459284552],[-73.982592302934,40.764187359877],[-73.982968510774,40.764343761653],[-73.982791312627,40.764582564365]]]]},"properties":{"name":null,"construction_year":"2015","ground_elevation":"64","height_roof":"738","bin":"1024849","geom_source":"Other (Manual)"}},{"type":"Feature","geometry":{"type":"MultiPolygon","coordinates":[[[[-73.985204155588,40.756092729413],[-73.98530893998,40.755951049201],[-73.985538519276,40.755640629909],[-73.985545028394,40.755631828285],[-73.985846156267,40.755760608229],[-73.985860200261,40.755741619195],[-73.985934089302,40.755773217969],[-73.986024806872,40.755812014676],[-73.986093333265,40.755841320011],[-73.986102404416,40.755846467494],[-73.986110984023,40.755852086781],[-73.986119030645,40.755858149053],[-73.986126504026,40.755864625487],[-73.986133369829,40.755871482762],[-73.986139592534,40.755878689355],[-73.986145141361,40.755886208342],[-73.986149990264,40.755894003699],[-73.986154115566,40.755902036703],[-73.986157495959,40.755910268629],[-73.986160116058,40.755918658953],[-73.986161961659,40.755927166249],[-73.986163025666,40.755935749093],[-73.986163300981,40.755944365162],[-73.986162787615,40.755952973031],[-73.986161487942,40.755961529477],[-73.986159406709,40.755969993077],[-73.986133220262,40.756055261484],[-73.986049833911,40.756326777194],[-73.98604782766,40.756333320924],[-73.986041642224,40.756345900234],[-73.986032717895,40.756357497661],[-73.986021315271,40.756367773746],[-73.986007768365,40.756376426858],[-73.986000312945,40.756380063093],[-73.985992475127,40.756383204004],[-73.985984311757,40.756385824382],[-73.985975883234,40.756387907126],[-73.985967249959,40.756389434232],[-73.985958477064,40.756390396704],[-73.985949628499,40.756390787345],[-73.985940769398,40.756390602561],[-73.985931963708,40.756389843261],[-73.98592327656,40.756388515756],[-73.985914770716,40.756386629958],[-73.985906511305,40.756384199385],[-73.985549258789,40.75623594456],[-73.985204155588,40.756092729413]]]]},"properties":{"name":"Conde-Nast","construction_year":"1998","ground_elevation":"56","height_roof":"737","bin":"1085682","geom_source":"Other (Manual)"}},{"type":"Feature","geometry":{"type":"MultiPolygon","coordinates":[[[[-74.010621261377,40.709408281819],[-74.010643944595,40.709379353503],[-74.011039943977,40.709559161784],[-74.011236366893,40.709648350111],[-74.011380769213,40.709713916546],[-74.011077446771,40.710100743579],[-74.01099980542,40.710065490614],[-74.010833986423,40.709990198401],[-74.010539954526,40.709856690714],[-74.010340618216,40.709766178613],[-74.010621261377,40.709408281819]]]]},"properties":{"name":null,"construction_year":"1973","ground_elevation":"30","height_roof":"732","bin":"1001068","geom_source":"Other (Manual)"}},{"type":"Feature","geometry":{"type":"MultiPolygon","coordinates":[[[[-73.992945150435,40.751628084638],[-73.992850029659,40.751588348453],[-73.992823762849,40.751624712852],[-73.992443863298,40.751466011313],[-73.992411832237,40.751510353724],[-73.99240806214,40.751508779391],[-73.992033447561,40.751352282183],[-73.991989228372,40.751413497314],[-73.991988441979,40.751414586872],[-73.991982236264,40.751411994784],[-73.99140969278,40.75117281065],[-73.991408969318,40.751172508026],[-73.991748187192,40.750702905418],[-73.991750176407,40.750703734026],[-73.992047952932,40.750828135559],[-73.992328545048,40.750945354542],[-73.992287718272,40.751001875679],[-73.992277782778,40.750997725482],[-73.992271721464,40.751006116891],[-73.992660907023,40.75116869898],[-73.992632217182,40.751208418468],[-73.992620467637,40.751203509958],[-73.992615089694,40.751210954997],[-73.993003017428,40.751373009949],[-73.992975712154,40.751410812429],[-73.99307279714,40.75145136899],[-73.993067747278,40.751458360215],[-73.992945150435,40.751628084638]]]]},"properties":{"name":"One Penn Plaza","construction_year":"1972","ground_elevation":"36","height_roof":"728.51137","bin":"1014387","geom_source":"Photogrammetric"}},{"type":"Feature","geometry":{"type":"MultiPolygon","coordinates":[[[[-74.007320258111,40.709647577537],[-74.00762373763,40.709809509355],[-74.007438552533,40.709991834451],[-74.007134093569,40.709837219763],[-74.007320258111,40.709647577537]]]]},"properties":{"name":null,"construction_year":"2018","ground_elevation":"33","height_roof":"727","bin":"1090115","geom_source":"Other (Manual)"}},{"type":"Feature","geometry":{"type":"MultiPolygon","coordinates":[[[[-73.976569352967,40.755103516279],[-73.976569634942,40.755103128219],[-73.976585815769,40.75510994023],[-73.976964603867,40.755269410568],[-73.9772313785,40.755381721514],[-73.977089582816,40.755576485342],[-73.976885826263,40.755856353249],[-73.976509341507,40.755697853881],[-73.976275155982,40.755599261781],[-73.9762540995,40.755536525532],[-73.976395071753,40.755342896298],[-73.976569352967,40.755103516279]]]]},"properties":{"name":null,"construction_year":"1999","ground_elevation":"60","height_roof":"725.27","bin":"1035404","geom_source":"Photogrammetric"}},{"type":"Feature","geometry":{"type":"MultiPolygon","coordinates":[[[[-74.009119725071,40.705365294488],[-74.009884342178,40.705275970836],[-74.00992508948,40.70535541677],[-74.009881274813,40.705513891678],[-74.009835345295,40.705680012991],[-74.009767509752,40.705715851926],[-74.009459205544,40.705615521066],[-74.009143999681,40.70551294225],[-74.009129256104,40.705508144594],[-74.009122652675,40.705409168083],[-74.009119725071,40.705365294488]]]]},"properties":{"name":null,"construction_year":"1929","ground_elevation":"18","height_roof":"723.43","bin":"1000830","geom_source":"Photogrammetric"}},{"type":"Feature","geometry":{"type":"MultiPolygon","coordinates":[[[[-73.980793552179,40.772553628766],[-73.980748762742,40.772614081976],[-73.98070072877,40.772678916474],[-73.980644966303,40.772754181082],[-73.980622179485,40.772796283879],[-73.980587165795,40.772843542695],[-73.980490985725,40.772973359194],[-73.980447681701,40.773031808015],[-73.979900325431,40.772797429946],[-73.979913171938,40.772780092097],[-73.979973978046,40.772806129923],[-73.980104578923,40.772567250855],[-73.98020852526,40.772423820396],[-73.980136040609,40.772360687152],[-73.980180654075,40.772299783896],[-73.980428152919,40.772414023511],[-73.98041732483,40.772444062458],[-73.980473131979,40.772466880774],[-73.980487885669,40.772448366225],[-73.980793552179,40.772553628766]]]]},"properties":{"name":null,"construction_year":"2026","ground_elevation":"80","height_roof":"719","bin":"1028168","geom_source":"Other (Manual)"}},{"type":"Feature","geometry":{"type":"MultiPolygon","coordinates":[[[[-73.98236030596,40.768553710955],[-73.982488349497,40.768462877763],[-73.982531189096,40.768481599435],[-73.982688507547,40.768273522164],[-73.982641446026,40.768252955683],[-73.9826486684,40.768235836394],[-73.982654733672,40.768218374738],[-73.98266009661,40.768200780602],[-73.982664751286,40.768183070194],[-73.982668694144,40.768165260624],[-73.982671920443,40.768147368099],[-73.982674428995,40.768129408829],[-73.982676216242,40.768111399022],[-73.982676355435,40.768109037021],[-73.982677279812,40.768093357589],[-73.982677620886,40.768075298937],[-73.98267723709,40.768057241077],[-73.982676129606,40.768039200218],[-73.982674299614,40.768021193469],[-73.982671749479,40.76800323794],[-73.982668479198,40.767985348941],[-73.982664494689,40.767967544481],[-73.982659797132,40.76794984077],[-73.982654392446,40.767932254018],[-73.982648285365,40.767914801334],[-73.982641481808,40.76789749803],[-73.982633987692,40.767880359413],[-73.982625808936,40.767863403494],[-73.982616955012,40.767846644683],[-73.982607434207,40.76783009829],[-73.982597253624,40.767813780524],[-73.98258642392,40.767797706696],[-73.982574954566,40.767781890314],[-73.982573365607,40.767779848632],[-73.982562856218,40.76776634849],[-73.982550140717,40.767751092931],[-73.982536821089,40.767736139848],[-73.982522906805,40.76772150185],[-73.982508412075,40.767707193346],[-73.982493349924,40.767693226946],[-73.982504731812,40.767685673447],[-73.982524928498,40.76767226891],[-73.982528411297,40.767669956944],[-73.982439131106,40.767619969012],[-73.982457625362,40.767594646959],[-73.982458931061,40.767592858757],[-73.982769443236,40.767723953228],[-73.982941981582,40.767796796339],[-73.98326283695,40.767932255749],[-73.983369048447,40.767977096404],[-73.983436263417,40.768005472855],[-73.983734155927,40.768131235523],[-73.984001169872,40.768243961044],[-73.983990930663,40.768257981366],[-73.983909602138,40.768369335337],[-73.983797555482,40.768522748364],[-73.983486999141,40.76894795274],[-73.983360059344,40.769121753297],[-73.983323997211,40.769171128102],[-73.983294733716,40.769211194474],[-73.983267900323,40.76924793293],[-73.982843380133,40.769068779245],[-73.982367681143,40.768868024795],[-73.982360624537,40.768567262684],[-73.98236030596,40.768553710955]]]]},"properties":{"name":"Time Warner Center","construction_year":"2004","ground_elevation":"84","height_roof":"715","bin":"1026318","geom_source":"Other (Manual)"}},{"type":"Feature","geometry":{"type":"MultiPolygon","coordinates":[[[[-74.008762928474,40.703766874255],[-74.008244979282,40.703318977224],[-74.00812244406,40.703213012799],[-74.008192783912,40.703165902936],[-74.008198305652,40.703170677957],[-74.008211622445,40.703182193654],[-74.008603232005,40.702919911658],[-74.008611334329,40.702914485468],[-74.008611701183,40.70291480242],[-74.008631931429,40.702932296951],[-74.008904077897,40.702750023404],[-74.008932958848,40.702774997765],[-74.009164243625,40.702620091521],[-74.009228952673,40.702576751012],[-74.009859256803,40.703121799322],[-74.009926458768,40.703179911682],[-74.01000540874,40.703248181657],[-74.009976123261,40.703267794647],[-74.009551780032,40.703551983572],[-74.009551358825,40.703552265467],[-74.009498187498,40.703506287031],[-74.00942683058,40.703444581721],[-74.009305655294,40.70352574031],[-74.009373569605,40.703584467983],[-74.009107689478,40.703762543038],[-74.00897550375,40.703851076438],[-74.008910582694,40.703894556393],[-74.008762928474,40.703766874255]]]]},"properties":{"name":null,"construction_year":"1973","ground_elevation":"6","height_roof":"711","bin":"1083346","geom_source":"Other (Manual)"}},{"type":"Feature","geometry":{"type":"MultiPolygon","coordinates":[[[[-73.971519593604,40.758505037832],[-73.971170667795,40.758360166938],[-73.971343926072,40.758118883796],[-73.971692850993,40.758263754171],[-73.971519593604,40.758505037832]]]]},"properties":{"name":null,"construction_year":"2014","ground_elevation":"45","height_roof":"711","bin":"1090179","geom_source":"Other (Manual)"}},{"type":"Feature","geometry":{"type":"MultiPolygon","coordinates":[[[[-74.007995446451,40.706306959317],[-74.008018118181,40.706280193636],[-74.008175663836,40.706094195399],[-74.008215547923,40.70604710751],[-74.008042083602,40.705962016918],[-74.00821626434,40.70578247142],[-74.008263285607,40.705808623412],[-74.008401801758,40.705885662954],[-74.008650823714,40.706024162094],[-74.008882622112,40.70615308058],[-74.009090122278,40.706268484742],[-74.008872957689,40.706524871919],[-74.008859267493,40.706541034454],[-74.008799815454,40.706611223981],[-74.008705956014,40.706722035457],[-74.008585987445,40.706651951358],[-74.00844299093,40.706568413383],[-74.00830053678,40.70648519307],[-74.008159258116,40.706402657786],[-74.008011894696,40.706316568432],[-74.007995446451,40.706306959317]]]]},"properties":{"name":null,"construction_year":"1987","ground_elevation":"22","height_roof":"709.33","bin":"1001004","geom_source":"Photogrammetric"}},{"type":"Feature","geometry":{"type":"MultiPolygon","coordinates":[[[[-73.981178425769,40.754080146241],[-73.980973349533,40.753994295268],[-73.980786488969,40.753916069748],[-73.980959075971,40.75367766341],[-73.981288627199,40.753816335847],[-73.98130462112,40.753823065221],[-73.981473753349,40.753894233391],[-73.981610070324,40.753951594028],[-73.981438265617,40.754188921752],[-73.981178425769,40.754080146241]]]]},"properties":{"name":"Salmon Tower Building","construction_year":"1931","ground_elevation":"68","height_roof":"704.76","bin":"1034199","geom_source":"Photogrammetric"}},{"type":"Feature","geometry":{"type":"MultiPolygon","coordinates":[[[[-73.978990406481,40.764928475063],[-73.97906616875,40.764825276661],[-73.979166834417,40.764688156215],[-73.979167486096,40.764687269336],[-73.979165461098,40.764686409889],[-73.979117184463,40.764665920982],[-73.979130838923,40.764647321739],[-73.979183624877,40.76457542062],[-73.979495934096,40.764707965107],[-73.979424316106,40.764805518372],[-73.979398763253,40.764840325499],[-73.979252413828,40.765039672672],[-73.979237155206,40.7650331971],[-73.979040742613,40.764949837886],[-73.978990406481,40.764928475063]]]]},"properties":{"name":"Metropolitan Tower","construction_year":"1986","ground_elevation":"75","height_roof":"702","bin":"1085969","geom_source":"Other (Manual)"}},{"type":"Feature","geometry":{"type":"MultiPolygon","coordinates":[[[[-73.998522206296,40.75200250668],[-73.999258723104,40.752301055767],[-73.998991230522,40.75268776336],[-73.998979896794,40.752700878226],[-73.998971601715,40.752706503613],[-73.998964129685,40.752707997485],[-73.998958787987,40.75270688081],[-73.998800047527,40.752640173401],[-73.998778508035,40.752627402202],[-73.998768864459,40.752618930141],[-73.998767654625,40.752598977621],[-73.99877088428,40.752573192572],[-73.998505705711,40.752459861686],[-73.998473482242,40.752477829057],[-73.998454560539,40.75248574245],[-73.998439108531,40.75248766122],[-73.99842712499,40.752485502545],[-73.998306326463,40.75243519948],[-73.998226995318,40.752402223565],[-73.998280450741,40.752332095681],[-73.998522206296,40.75200250668]]]]},"properties":{"name":null,"construction_year":"2018","ground_elevation":"34","height_roof":"702","bin":"1089664","geom_source":"Other (Manual)"}},{"type":"Feature","geometry":{"type":"MultiPolygon","coordinates":[[[[-73.986701723968,40.758298523028],[-73.986624958836,40.75826657863],[-73.986612601268,40.758283748026],[-73.986593784398,40.758238082126],[-73.98635060723,40.758136887232],[-73.98629151877,40.758167207427],[-73.986287968692,40.758165730176],[-73.986277332265,40.7581805089],[-73.986124761912,40.758117018527],[-73.985840363517,40.757998667462],[-73.985875747914,40.757930356785],[-73.985825569175,40.757924147043],[-73.985790570893,40.757919814905],[-73.986072201242,40.757528504162],[-73.986132341672,40.75757383114],[-73.986187168402,40.757516797927],[-73.986314527128,40.757569797949],[-73.986644167086,40.757706974562],[-73.98660777345,40.757757543607],[-73.986848324368,40.757857646253],[-73.986880497662,40.757871035029],[-73.986924834791,40.757845987115],[-73.986929031411,40.757847732771],[-73.986921610095,40.757858043613],[-73.98701594649,40.757897300997],[-73.987035558376,40.757905461782],[-73.987030582014,40.757912376201],[-73.987008236348,40.757943424901],[-73.986990738162,40.757936143243],[-73.986947300028,40.757996500989],[-73.986969483911,40.758005732777],[-73.986911262456,40.758019307596],[-73.986778077211,40.758204365999],[-73.986819361616,40.758251081728],[-73.986807349555,40.75824608255],[-73.98674511295,40.758332558114],[-73.986692873961,40.758310820204],[-73.986701723968,40.758298523028]]]]},"properties":{"name":"Minskoff Theatre","construction_year":"1970","ground_elevation":"44","height_roof":"700.68","bin":"1024714","geom_source":"Photogrammetric"}},{"type":"Feature","geometry":{"type":"MultiPolygon","coordinates":[[[[-73.976417792647,40.756447903499],[-73.975248399143,40.755954335238],[-73.975546155316,40.755546405927],[-73.97671554505,40.756039971195],[-73.976417792647,40.756447903499]]]]},"properties":{"name":null,"construction_year":"2023","ground_elevation":"74","height_roof":"700","bin":"1091010","geom_source":"Other (Manual)"}},{"type":"Feature","geometry":{"type":"MultiPolygon","coordinates":[[[[-73.973493466346,40.755182454326],[-73.973799305227,40.75475840599],[-73.973816135726,40.754765425656],[-73.973949665697,40.754821116176],[-73.974129640663,40.754896176949],[-73.974264159801,40.754952278857],[-73.974347010413,40.754986832623],[-73.974560299483,40.75507578593],[-73.974704111448,40.755135763349],[-73.974979033745,40.755254415459],[-73.974641355384,40.755722615275],[-73.97455648969,40.755687222008],[-73.97448439844,40.755657156198],[-73.974300459308,40.755580443576],[-73.974082308605,40.755489462565],[-73.973887747481,40.755408319107],[-73.973687869465,40.755324957961],[-73.973530867034,40.755259477759],[-73.973459408967,40.755229675298],[-73.973493466346,40.755182454326]]]]},"properties":{"name":null,"construction_year":"1963","ground_elevation":"54","height_roof":"696","bin":"1076268","geom_source":"Other (Manual)"}},{"type":"Feature","geometry":{"type":"MultiPolygon","coordinates":[[[[-73.96587975718,40.759407153852],[-73.965525702917,40.759257335894],[-73.965875830218,40.758773559152],[-73.966229882697,40.758923376044],[-73.96587975718,40.759407153852]]]]},"properties":{"name":null,"construction_year":"2016","ground_elevation":"38","height_roof":"691","bin":"1090233","geom_source":"Other (Manual)"}},{"type":"Feature","geometry":{"type":"MultiPolygon","coordinates":[[[[-73.972554661429,40.763982367671],[-73.972178402913,40.763823557234],[-73.972051224963,40.763769878005],[-73.97179816394,40.763663064248],[-73.971773737577,40.763652754695],[-73.971594173017,40.763576961936],[-73.971943920456,40.763097925237],[-73.972642932961,40.763392967114],[-73.972904404088,40.763503328085],[-73.972816235966,40.763624092874],[-73.972892105255,40.763656114675],[-73.972720112515,40.763891691954],[-73.972644243041,40.76385966914],[-73.97255862533,40.763976936773],[-73.972554661429,40.763982367671]]]]},"properties":{"name":null,"construction_year":"1968","ground_elevation":"46","height_roof":"690.17","bin":"1036082","geom_source":"Photogrammetric"}},{"type":"Feature","geometry":{"type":"MultiPolygon","coordinates":[[[[-73.986613566134,40.755727325415],[-73.986785567859,40.755199869704],[-73.986958622946,40.755272417033],[-73.987218253054,40.755381257805],[-73.986942654109,40.755761416692],[-73.986884904759,40.755841074244],[-73.986777711978,40.755796137579],[-73.986758797013,40.755788208258],[-73.986613566134,40.755727325415]]]]},"properties":{"name":null,"construction_year":"2002","ground_elevation":"54","height_roof":"687.61","bin":"1086069","geom_source":"Photogrammetric"}},{"type":"Feature","geometry":{"type":"MultiPolygon","coordinates":[[[[-73.971073817368,40.762226905982],[-73.971131263027,40.762251282641],[-73.971283979976,40.762043221395],[-73.971307820101,40.762010742531],[-73.971669462338,40.762164205968],[-73.971604194377,40.762253127337],[-73.971520633167,40.762366971914],[-73.971386119342,40.762550233589],[-73.971337616351,40.762616314064],[-73.971021671891,40.762482243558],[-73.970990437485,40.762468988376],[-73.970997147123,40.762459847242],[-73.970879263351,40.762409822395],[-73.971027844531,40.762207396706],[-73.971073817368,40.762226905982]]]]},"properties":{"name":null,"construction_year":"1992","ground_elevation":"44","height_roof":"686","bin":"1077862","geom_source":"Other (Manual)"}},{"type":"Feature","geometry":{"type":"MultiPolygon","coordinates":[[[[-74.009615828348,40.708577445105],[-74.009858128278,40.708331714698],[-74.010430856221,40.708706131019],[-74.010347271281,40.708790900987],[-74.010244764553,40.708894858872],[-74.009609098328,40.708584269741],[-74.009615828348,40.708577445105]]]]},"properties":{"name":null,"construction_year":"1968","ground_elevation":"35","height_roof":"678.75","bin":"1001027","geom_source":"Photogrammetric"}},{"type":"Feature","geometry":{"type":"MultiPolygon","coordinates":[[[[-73.981520960913,40.759314631844],[-73.981717834535,40.759045408665],[-73.981832272352,40.759093793789],[-73.982005381727,40.759166986084],[-73.982078107147,40.759067533944],[-73.982292454209,40.759158161488],[-73.983005427398,40.759459604828],[-73.982794987057,40.759747388472],[-73.982815742825,40.759756164288],[-73.982688844917,40.759929699597],[-73.982682427382,40.759938474953],[-73.982245995289,40.759753952713],[-73.982227603149,40.75974617672],[-73.982231658413,40.759740631135],[-73.98223801083,40.759731944944],[-73.982301764735,40.759644760666],[-73.982208402175,40.759605287063],[-73.981861143777,40.759458464123],[-73.981520960913,40.759314631844]]]]},"properties":{"name":"McGraw Hill Building","construction_year":"1971","ground_elevation":"55","height_roof":"673.5","bin":"1022693","geom_source":"Photogrammetric"}},{"type":"Feature","geometry":{"type":"MultiPolygon","coordinates":[[[[-73.998705032722,40.760799593002],[-73.998714149693,40.760786549293],[-73.998673192283,40.760770794499],[-73.998690164893,40.760747598591],[-73.998636686027,40.760728222712],[-73.998776930149,40.760544673498],[-73.998823870413,40.760564871407],[-73.998864905862,40.760582528015],[-73.998875340899,40.7605689395],[-73.999024087172,40.760632334587],[-73.999117613738,40.760505459621],[-73.99934974107,40.76060607996],[-73.999385431385,40.760558123774],[-73.999665038746,40.760681380609],[-73.99959719232,40.76077036557],[-73.999634177813,40.760786669331],[-73.999536478356,40.760914809003],[-73.999371827113,40.760842227546],[-73.999209233522,40.761055478672],[-73.999208577409,40.761056338649],[-73.998900374615,40.76092047428],[-73.998926072082,40.760886772232],[-73.998705032722,40.760799593002]]]]},"properties":{"name":"SILVER TOWERS SOUTH","construction_year":"2005","ground_elevation":"-6","height_roof":"673","bin":"1085962","geom_source":"Other (Manual)"}},{"type":"Feature","geometry":{"type":"MultiPolygon","coordinates":[[[[-73.975481179859,40.76380730858],[-73.975292665428,40.764063175439],[-73.975188749681,40.764204217112],[-73.974390183985,40.763864078582],[-73.974681823508,40.763468248886],[-73.975481179859,40.76380730858]]]]},"properties":{"name":"Solow Building","construction_year":"1971","ground_elevation":"52","height_roof":"671.92","bin":"1035071","geom_source":"Photogrammetric"}},{"type":"Feature","geometry":{"type":"MultiPolygon","coordinates":[[[[-73.978305598214,40.752242282442],[-73.978309107215,40.752237480705],[-73.978397962248,40.752115879577],[-73.978487256467,40.751993676924],[-73.978577007636,40.751870849333],[-73.978650651896,40.751770063972],[-73.978700215526,40.751791009009],[-73.978995687015,40.751915868879],[-73.979008716732,40.751921374246],[-73.97915784173,40.75198439081],[-73.979151253904,40.751993406384],[-73.97920843088,40.752017567385],[-73.979132742484,40.752121151501],[-73.979124018715,40.752133090629],[-73.979150602763,40.752144323851],[-73.979192186754,40.752161896638],[-73.979196767795,40.752155625441],[-73.97936175422,40.752225343466],[-73.979498418717,40.752283093897],[-73.979430444899,40.752376121146],[-73.979412715452,40.752400384811],[-73.979272541438,40.752341151415],[-73.979062768096,40.752252507306],[-73.978987887998,40.752220865204],[-73.978936457292,40.752291249257],[-73.978850491216,40.752408897206],[-73.978814957234,40.752457526998],[-73.978684510091,40.752402402784],[-73.978319642611,40.752248217618],[-73.978305598214,40.752242282442]]]]},"properties":{"name":"Lincoln Building","construction_year":"1929","ground_elevation":"65","height_roof":"669.14","bin":"1035335","geom_source":"Photogrammetric"}},{"type":"Feature","geometry":{"type":"MultiPolygon","coordinates":[[[[-74.007457631808,40.711065983076],[-74.007537295671,40.711045231014],[-74.007700808443,40.711408684419],[-74.007598581782,40.711435313919],[-74.007438149012,40.711477106307],[-74.007394518733,40.711488471765],[-74.007359525981,40.711497587179],[-74.007295047937,40.711514383112],[-74.00721809458,40.711534429735],[-74.007201475072,40.711538758632],[-74.007101046221,40.711315524612],[-74.00723560963,40.71122214405],[-74.00730596663,40.711173086072],[-74.007392276536,40.711150602906],[-74.007378897103,40.71112086439],[-74.007471471728,40.711096749036],[-74.007457631808,40.711065983076]]]]},"properties":{"name":null,"construction_year":"2019","ground_elevation":"39","height_roof":"669","bin":"1090475","geom_source":"Other (Manual)"}},{"type":"Feature","geometry":{"type":"MultiPolygon","coordinates":[[[[-73.983473035431,40.776940376611],[-73.983330983459,40.777135193391],[-73.98329295696,40.777187344092],[-73.98298615311,40.777058088798],[-73.983192460983,40.776775152341],[-73.983499263929,40.776904407092],[-73.983473035431,40.776940376611]]]]},"properties":{"name":null,"construction_year":"2020","ground_elevation":"76","height_roof":"668","bin":"1030358","geom_source":"Other (Manual)"}},{"type":"Feature","geometry":{"type":"MultiPolygon","coordinates":[[[[-73.985577945842,40.762168757138],[-73.985489568975,40.762290351979],[-73.985464113772,40.762325373895],[-73.985399208627,40.762414675928],[-73.985317363474,40.762527283524],[-73.985296931167,40.76255539467],[-73.985228227454,40.762649920846],[-73.985225650592,40.762648838109],[-73.984882292776,40.762504558864],[-73.984919447224,40.76245344029],[-73.984892672153,40.762442189481],[-73.984884501304,40.762453432109],[-73.984446652559,40.762269444886],[-73.984117308681,40.762131050941],[-73.983882324861,40.762034657116],[-73.983963482021,40.761914460982],[-73.984202561404,40.762013758431],[-73.984336258574,40.761829813499],[-73.984119538246,40.761735752241],[-73.984190288676,40.761632952257],[-73.984438312151,40.761738845744],[-73.984470049836,40.761752182897],[-73.985177972508,40.762049657876],[-73.985170525595,40.76205990466],[-73.985197299375,40.762071155405],[-73.985228346314,40.762028439452],[-73.985232011715,40.762023395295],[-73.985512932535,40.76214143848],[-73.985577945842,40.762168757138]]]]},"properties":{"name":null,"construction_year":"1972","ground_elevation":"62","height_roof":"665.35","bin":"1024812","geom_source":"Photogrammetric"}},{"type":"Feature","geometry":{"type":"MultiPolygon","coordinates":[[[[-73.973660722378,40.762418663005],[-73.973693143166,40.762374022495],[-73.973537097645,40.762308501168],[-73.973707107372,40.762074414299],[-73.973757569998,40.762095602971],[-73.973769622016,40.76210066385],[-73.974044931437,40.762216263638],[-73.974250638523,40.762302638467],[-73.974249202358,40.762304616555],[-73.974221303771,40.762343028542],[-73.974112004367,40.762493522472],[-73.974048205964,40.762581364045],[-73.973660722378,40.762418663005]]]]},"properties":{"name":null,"construction_year":"1983","ground_elevation":"54","height_roof":"665","bin":"1035794","geom_source":"Other (Manual)"}},{"type":"Feature","geometry":{"type":"MultiPolygon","coordinates":[[[[-73.983160842571,40.757091146193],[-73.983142687724,40.757116852062],[-73.983082428932,40.757202169702],[-73.983073792766,40.757214396394],[-73.983025997629,40.757282068634],[-73.982971586044,40.757359105129],[-73.983142456001,40.757428886991],[-73.983217146446,40.757459389901],[-73.983099267715,40.757626288509],[-73.982759990192,40.757487728838],[-73.98252103889,40.757390142008],[-73.98248253047,40.75737441514],[-73.982760487283,40.756980874146],[-73.98278966789,40.756939559726],[-73.982989824264,40.757021303098],[-73.983160842571,40.757091146193]]]]},"properties":{"name":"Americas Tower Offices","construction_year":"1988","ground_elevation":"56","height_roof":"664.21","bin":"1076173","geom_source":"Photogrammetric"}},{"type":"Feature","geometry":{"type":"MultiPolygon","coordinates":[[[[-73.986112151115,40.745481391225],[-73.986149756004,40.745497226661],[-73.986161302563,40.745480376866],[-73.986400936707,40.745576304868],[-73.98638692069,40.74559709141],[-73.986419889457,40.745610973911],[-73.986292165701,40.745785510303],[-73.986110393002,40.745707816224],[-73.986133140784,40.745678308459],[-73.986043181207,40.745641882905],[-73.986079344365,40.745593740788],[-73.986041011138,40.745578499576],[-73.986112151115,40.745481391225]]]]},"properties":{"name":null,"construction_year":"2021","ground_elevation":"41","height_roof":"663","bin":"1090386","geom_source":"Other (Manual)"}},{"type":"Feature","geometry":{"type":"MultiPolygon","coordinates":[[[[-74.011535691688,40.701962544986],[-74.011521867709,40.701914359971],[-74.011507380732,40.701863863406],[-74.012062373427,40.701771636458],[-74.012353262558,40.701723296729],[-74.01240805526,40.70191426783],[-74.012415597465,40.701940553864],[-74.01249353463,40.701927602369],[-74.01249373473,40.701928302045],[-74.012534890337,40.702071741033],[-74.012575553562,40.702213464582],[-74.012576118347,40.702215432139],[-74.012603044524,40.702309275152],[-74.012405883154,40.702342040093],[-74.012110961301,40.702391049456],[-74.011765421805,40.702448469529],[-74.011611936063,40.702473974111],[-74.011600018604,40.702475954638],[-74.011499543103,40.702125747499],[-74.011490515361,40.702094281809],[-74.011554021152,40.702083728654],[-74.011569711831,40.702081120995],[-74.0115693152,40.702079737849],[-74.011535691688,40.701962544986]]]]},"properties":{"name":"1 New York Plaza","construction_year":"1969","ground_elevation":"6","height_roof":"662","bin":"1000005","geom_source":"Other (Manual)"}},{"type":"Feature","geometry":{"type":"MultiPolygon","coordinates":[[[[-73.986075812866,40.759926740369],[-73.98605690511,40.75995272305],[-73.985902574336,40.760164796575],[-73.98589866861,40.760170163106],[-73.985740541248,40.760387452567],[-73.985728793188,40.760403597163],[-73.985699574654,40.760391303451],[-73.985066981944,40.760125135736],[-73.985083484114,40.76010245956],[-73.985060688784,40.760092868031],[-73.985055074316,40.760091862339],[-73.98504967314,40.760090324477],[-73.985044570517,40.760088279669],[-73.985039849341,40.760085760344],[-73.985035584212,40.760082807035],[-73.985031846176,40.760079467477],[-73.985028693252,40.760075795709],[-73.985026176351,40.76007184937],[-73.985024335723,40.760067693301],[-73.985023202146,40.760063392343],[-73.98502284535,40.760059578658],[-73.985022793367,40.760059017637],[-73.985023114108,40.760054639424],[-73.985024161985,40.760050326142],[-73.985025919217,40.760046148928],[-73.985028356181,40.760042174417],[-73.985031434968,40.760038465637],[-73.985035107007,40.760035083818],[-73.985039311887,40.76003208118],[-73.985043982095,40.760029507243],[-73.98504904301,40.76002740342],[-73.98505441291,40.76002580392],[-73.985039461561,40.760019512854],[-73.985175151894,40.759642124297],[-73.985186093586,40.759646728184],[-73.985184359583,40.759642398334],[-73.985183357493,40.759637937104],[-73.985183103879,40.759633415636],[-73.985183604647,40.759628905071],[-73.985184850306,40.75962447925],[-73.985186820707,40.759620208409],[-73.985189483859,40.759616160981],[-73.985192798299,40.759612401799],[-73.985196711905,40.75960899119],[-73.98520115953,40.759605983174],[-73.985206071289,40.759603426371],[-73.985211367829,40.759601362193],[-73.985216965058,40.759599823048],[-73.98522277415,40.759598833238],[-73.98522870036,40.75959840986],[-73.985234648944,40.759598558305],[-73.985240525161,40.759599277661],[-73.98524623664,40.759600554408],[-73.985251688644,40.759602370524],[-73.985256795911,40.759604695381],[-73.985261475551,40.759607492047],[-73.985265654148,40.759610714588],[-73.985272246535,40.759618231045],[-73.985274554951,40.759622402478],[-73.985276151576,40.759626762027],[-73.985289499964,40.759624904189],[-73.985305663127,40.759602694398],[-73.985489361816,40.759679987302],[-73.986075812866,40.759926740369]]]]},"properties":{"name":"Morgan Stanley Building","construction_year":"1987","ground_elevation":"52","height_roof":"660","bin":"1076193","geom_source":"Other (Manual)"}},{"type":"Feature","geometry":{"type":"MultiPolygon","coordinates":[[[[-74.011859108308,40.706721645658],[-74.01189504449,40.706665468043],[-74.011938430103,40.706684199592],[-74.011999395563,40.706710521506],[-74.012061191838,40.706737200804],[-74.012124317155,40.706764454455],[-74.012202719436,40.706798304499],[-74.01224808392,40.706817890307],[-74.012187443108,40.706891971919],[-74.012185396389,40.706894472856],[-74.012124476231,40.706968896657],[-74.011931690656,40.707204413156],[-74.011944938144,40.707210692849],[-74.011978787063,40.707226738246],[-74.011843890133,40.70739153319],[-74.01176067964,40.707493187849],[-74.011658139421,40.707618454013],[-74.011610194964,40.70762664721],[-74.011583424669,40.707616982017],[-74.011579754864,40.707615656834],[-74.011520903085,40.70759440797],[-74.011458385062,40.707564772079],[-74.011419414594,40.70754205605],[-74.011365715891,40.707510755087],[-74.011364439824,40.707494439747],[-74.01136320408,40.707478643098],[-74.011390616468,40.707437628398],[-74.01153254729,40.707225266466],[-74.011635277426,40.707071556834],[-74.011652047906,40.707045339448],[-74.011762283676,40.706873011764],[-74.011859108308,40.706721645658]]]]},"properties":{"name":null,"construction_year":"1930","ground_elevation":"29","height_roof":"657.87","bin":"1000815","geom_source":"Photogrammetric"}},{"type":"Feature","geometry":{"type":"MultiPolygon","coordinates":[[[[-73.970249333674,40.757917505526],[-73.970382317964,40.757735079432],[-73.970418999725,40.75768475872],[-73.97043351434,40.757664846873],[-73.970465214447,40.757621361504],[-73.970531699545,40.757649352723],[-73.97058640795,40.757574218643],[-73.970519970264,40.757546247279],[-73.970536047778,40.757524192616],[-73.970917547726,40.757684811808],[-73.971214077656,40.757809655776],[-73.971192479614,40.757839318421],[-73.971076884079,40.757998075534],[-73.970817876702,40.758059009538],[-73.970693638552,40.758088238115],[-73.970668758457,40.758094091371],[-73.970288807836,40.75793412463],[-73.970249333674,40.757917505526]]]]},"properties":{"name":null,"construction_year":"1985","ground_elevation":"40","height_roof":"654.14","bin":"1036467","geom_source":"Photogrammetric"}},{"type":"Feature","geometry":{"type":"MultiPolygon","coordinates":[[[[-73.970001105104,40.753197090513],[-73.970024864371,40.753207082407],[-73.970046123167,40.753216022755],[-73.970119225482,40.753246764295],[-73.970263462602,40.753307421864],[-73.97029851794,40.753322164083],[-73.970333368472,40.753336819789],[-73.970338532831,40.753338991338],[-73.970364875563,40.753350069836],[-73.970218232008,40.753551719192],[-73.970217992659,40.753552047815],[-73.970181211067,40.753602626911],[-73.970164458966,40.753625662913],[-73.97013697365,40.753614104104],[-73.970123157715,40.753633102093],[-73.970079332946,40.75369336697],[-73.970041357971,40.753745588233],[-73.969783270785,40.753637053112],[-73.969750631824,40.753623327143],[-73.969720300381,40.753610570715],[-73.96971184466,40.753607015997],[-73.969707889107,40.753605351723],[-73.969705927313,40.753604527244],[-73.969705074875,40.753604168618],[-73.969705692213,40.753603319604],[-73.969706804844,40.753601789037],[-73.969733004376,40.753565763087],[-73.969895279467,40.753342614357],[-73.969991564321,40.753210211099],[-73.970001105104,40.753197090513]]]]},"properties":{"name":null,"construction_year":"1971","ground_elevation":"32","height_roof":"650.18","bin":"1037988","geom_source":"Photogrammetric"}},{"type":"Feature","geometry":{"type":"MultiPolygon","coordinates":[[[[-74.014873561141,40.712790103948],[-74.014827413694,40.712725251514],[-74.014832279479,40.712712224098],[-74.014858893417,40.712640957843],[-74.014860319796,40.712637139494],[-74.014885493106,40.712569733908],[-74.014891339353,40.712554077771],[-74.014813098866,40.712523370543],[-74.014818447194,40.71250904723],[-74.01480116697,40.712505310533],[-74.014800529471,40.712506999973],[-74.014787598537,40.712541273276],[-74.0146988209,40.71252187954],[-74.014805153032,40.71224003484],[-74.014912881591,40.71226356749],[-74.01491337274,40.712263674587],[-74.014970996203,40.712109376279],[-74.014900223176,40.71206594752],[-74.014942512553,40.711952706398],[-74.014993357545,40.711816557849],[-74.014973079725,40.7118121732],[-74.01492588101,40.711706013598],[-74.014912191362,40.711675223302],[-74.014992807799,40.711545448306],[-74.01516924846,40.711496645411],[-74.015211567369,40.711511191182],[-74.015293393211,40.711539315001],[-74.015301236366,40.711542010989],[-74.015331527262,40.711552422267],[-74.015338550245,40.711554835601],[-74.015400963646,40.711691876023],[-74.015331586117,40.711808257409],[-74.015316039518,40.711834337373],[-74.015331593347,40.711839683437],[-74.01546552657,40.711885716745],[-74.015367891324,40.712147161635],[-74.015415907956,40.712157544408],[-74.015422398613,40.712140163679],[-74.015436692898,40.712138448991],[-74.015450820433,40.712137230505],[-74.015465013186,40.712136572127],[-74.015479230921,40.712136474761],[-74.015493435769,40.712136940215],[-74.015507589861,40.712137966693],[-74.015521655325,40.712139550596],[-74.015535593109,40.71214168833],[-74.015549366524,40.712144374495],[-74.015562937699,40.712147600992],[-74.01557627113,40.712151359722],[-74.015589328945,40.712155639883],[-74.015602078005,40.712160430674],[-74.015614481621,40.712165718593],[-74.01562650902,40.712171490136],[-74.015638124697,40.712177729098],[-74.015649299061,40.712184418375],[-74.015660002522,40.712191540861],[-74.015653511921,40.712208921603],[-74.015969053016,40.712277150487],[-74.015946077146,40.712338675672],[-74.015952948531,40.712340161463],[-74.015882200532,40.712529613509],[-74.016101663962,40.712624741795],[-74.016042047165,40.712704377786],[-74.016035009681,40.712701326936],[-74.015870408923,40.712927941673],[-74.01506874053,40.712752904576],[-74.015060049796,40.712775951585],[-74.01497403624,40.712814268734],[-74.014873561141,40.712790103948]]]]},"properties":{"name":"2 World Financial Center","construction_year":"1987","ground_elevation":"12","height_roof":"646.979739","bin":"1000058","geom_source":"Photogrammetric"}},{"type":"Feature","geometry":{"type":"MultiPolygon","coordinates":[[[[-74.014873561141,40.712790103948],[-74.01497403624,40.712814268734],[-74.015060049796,40.712775951585],[-74.01506874053,40.712752904576],[-74.015870408923,40.712927941673],[-74.015511100691,40.713422612383],[-74.015460907821,40.713401503961],[-74.015446761764,40.713420980305],[-74.015331946024,40.713372694063],[-74.015152421306,40.713297192904],[-74.015168157485,40.713275529046],[-74.01502892527,40.71321697449],[-74.015046265731,40.713193101486],[-74.014760126657,40.71309384372],[-74.014775147549,40.713053624082],[-74.014774661124,40.713053502576],[-74.014727250737,40.713041675941],[-74.014720335842,40.713057726628],[-74.01468040763,40.713063866907],[-74.01467580417,40.713064575296],[-74.014643060377,40.713063995035],[-74.014609531218,40.713060042451],[-74.014564215073,40.713051405092],[-74.014530434546,40.71303978737],[-74.014530102002,40.713007242053],[-74.014537474905,40.712958520789],[-74.01455967527,40.712877639509],[-74.014582180275,40.712837125382],[-74.014613932335,40.71278961581],[-74.014641394451,40.712753256899],[-74.014667225888,40.712755150086],[-74.014703924822,40.712762108152],[-74.014737024871,40.712774236501],[-74.014771856126,40.712790871674],[-74.014794388425,40.712804716835],[-74.014819020451,40.712819853053],[-74.014814169647,40.712831112764],[-74.014854004248,40.712841049269],[-74.014854489487,40.712841170775],[-74.014873561141,40.712790103948]]]]},"properties":{"name":null,"construction_year":"1987","ground_elevation":"12","height_roof":"646.979739","bin":"1087217","geom_source":"Photogrammetric"}},{"type":"Feature","geometry":{"type":"MultiPolygon","coordinates":[[[[-74.004825231642,40.705659531241],[-74.004570341076,40.70544626808],[-74.004701123289,40.705362653006],[-74.004964187713,40.705568022543],[-74.004825231642,40.705659531241]]]]},"properties":{"name":null,"construction_year":"2019","ground_elevation":"5","height_roof":"646","bin":"1090257","geom_source":"Other (Manual)"}},{"type":"Feature","geometry":{"type":"MultiPolygon","coordinates":[[[[-73.982348913537,40.764899628497],[-73.98234941734,40.764897947332],[-73.98235506378,40.764900348941],[-73.982788641233,40.765084790953],[-73.982902133257,40.76513306947],[-73.982805322899,40.76526463043],[-73.9827502537,40.765339465801],[-73.98269893426,40.765409205755],[-73.982585340374,40.765563572873],[-73.982551318739,40.765609806811],[-73.982220154393,40.765468930851],[-73.982179927946,40.76545181866],[-73.982226807586,40.765302707817],[-73.982252968961,40.765219494459],[-73.982348913537,40.764899628497]]]]},"properties":{"name":null,"construction_year":null,"ground_elevation":"75","height_roof":"645","bin":"1086135","geom_source":"Other (Manual)"}},{"type":"Feature","geometry":{"type":"MultiPolygon","coordinates":[[[[-73.978581388392,40.763058786162],[-73.978858818799,40.762676329209],[-73.979079072893,40.762768696337],[-73.979267303839,40.762847633465],[-73.979458730154,40.762927909004],[-73.979528493889,40.762957165302],[-73.979358738074,40.763191189633],[-73.979251066157,40.763339623852],[-73.979150970395,40.763297647681],[-73.978919448137,40.763200556391],[-73.978581388392,40.763058786162]]]]},"properties":{"name":"Alliance Capital","construction_year":"1968","ground_elevation":"66","height_roof":"643.39","bin":"1083719","geom_source":"Photogrammetric"}},{"type":"Feature","geometry":{"type":"MultiPolygon","coordinates":[[[[-74.009928832833,40.713729931057],[-74.00996158732,40.713744712811],[-74.009875669,40.71385494542],[-74.009610894528,40.713735458365],[-74.009729562771,40.713583204459],[-74.009730076517,40.713584063503],[-74.009919493439,40.713669543617],[-74.009887103579,40.713711099568],[-74.009902897918,40.713718227553],[-74.009928832833,40.713729931057]]]]},"properties":{"name":null,"construction_year":"2023","ground_elevation":"26","height_roof":"643","bin":"1090860","geom_source":"Other (Manual)"}},{"type":"Feature","geometry":{"type":"MultiPolygon","coordinates":[[[[-74.00435613594,40.7533959952],[-74.004025256151,40.753254369402],[-74.004380948924,40.752783869173],[-74.005631072828,40.753302715048],[-74.005454714124,40.753548397703],[-74.004527466184,40.753158787278],[-74.00435613594,40.7533959952]]]]},"properties":{"name":null,"construction_year":"2021","ground_elevation":"12","height_roof":"637","bin":"1091671","geom_source":"Other (Manual)"}},{"type":"Feature","geometry":{"type":"MultiPolygon","coordinates":[[[[-73.97471895815,40.762233796846],[-73.974720332929,40.762234377072],[-73.975048639249,40.76237285709],[-73.975003945811,40.762434319446],[-73.974994123375,40.762430189402],[-73.974994199211,40.76243008586],[-73.974674089132,40.762295494068],[-73.97471895815,40.762233796846]]]]},"properties":{"name":null,"construction_year":"1937","ground_elevation":"58","height_roof":"636","bin":"1034830","geom_source":"Other (Manual)"}},{"type":"Feature","geometry":{"type":"MultiPolygon","coordinates":[[[[-73.975003945811,40.762434319446],[-73.975048639249,40.76237285709],[-73.974720332929,40.762234377072],[-73.97471895815,40.762233796846],[-73.974804359068,40.762116369043],[-73.974848537028,40.76205562345],[-73.974999060412,40.762118912156],[-73.975321215307,40.762254362569],[-73.975479586891,40.762320949973],[-73.975434089323,40.762383511841],[-73.975370618669,40.762470786899],[-73.975305064738,40.762560925079],[-73.975003945811,40.762434319446]]]]},"properties":{"name":null,"construction_year":"1988","ground_elevation":"58","height_roof":"636","bin":"1077363","geom_source":"Other (Manual)"}},{"type":"Feature","geometry":{"type":"MultiPolygon","coordinates":[[[[-73.984483916373,40.744217430608],[-73.984602669845,40.744051711847],[-73.984650838589,40.744071850008],[-73.98466883565,40.744044971373],[-73.984648475015,40.744037225202],[-73.984681377827,40.743993151569],[-73.984754205308,40.744025326438],[-73.984961109177,40.74410901343],[-73.984911873984,40.744180981808],[-73.98492855286,40.744186908426],[-73.98484472794,40.744301261804],[-73.984824979266,40.744293823719],[-73.984789077125,40.744343924988],[-73.984483916373,40.744217430608]]]]},"properties":{"name":null,"construction_year":"2020","ground_elevation":"36","height_roof":"636","bin":"1091575","geom_source":"Other (Manual)"}},{"type":"Feature","geometry":{"type":"MultiPolygon","coordinates":[[[[-73.877420291956,40.807812069551],[-73.877249356841,40.807216123747],[-73.878020343419,40.807088445338],[-73.878191285107,40.807684390913],[-73.877420291956,40.807812069551]]]]},"properties":{"name":null,"construction_year":"2023","ground_elevation":"17","height_roof":"2130353","bin":"2130353","geom_source":"Other (Manual)"}},{"type":"Feature","geometry":{"type":"MultiPolygon","coordinates":[[[[-73.922475961398,40.852277638309],[-73.92252070558,40.852301757424],[-73.922536320664,40.852364905896],[-73.922500715427,40.852392493764],[-73.922435032865,40.852459546169],[-73.922444797672,40.852484074927],[-73.922374143547,40.852556200927],[-73.922438880039,40.852592763012],[-73.922393829752,40.852638752349],[-73.92233662744,40.852646904729],[-73.922324585844,40.852648621064],[-73.922210285225,40.852584065236],[-73.92219300335,40.852601707724],[-73.922102261291,40.852550458033],[-73.92219284415,40.852457987322],[-73.922223326906,40.852426868869],[-73.922214871239,40.852395426098],[-73.922282065448,40.852326830492],[-73.922224077511,40.852294079247],[-73.922268196806,40.852249040265],[-73.922331511128,40.852236755174],[-73.922450293493,40.852303841579],[-73.922475961398,40.852277638309]]]]},"properties":{"name":null,"construction_year":"1973","ground_elevation":"7","height_roof":"450","bin":"2113629","geom_source":"Other (Manual)"}},{"type":"Feature","geometry":{"type":"MultiPolygon","coordinates":[[[[-73.923358519282,40.851406025033],[-73.923375552209,40.851387762663],[-73.923461346744,40.851374501339],[-73.923502558067,40.851394304377],[-73.923480014563,40.851418475741],[-73.923598955569,40.851482436371],[-73.923610357323,40.851535789966],[-73.923565383083,40.851584010337],[-73.923502203455,40.851550035223],[-73.923436742078,40.851620222966],[-73.923402065328,40.85162177941],[-73.923280045101,40.851752608245],[-73.923190630304,40.851704525514],[-73.923208715378,40.851685135554],[-73.923186706589,40.851673300145],[-73.923087917211,40.851620176441],[-73.923084680868,40.851605802432],[-73.923076407732,40.851569055943],[-73.923119218903,40.851523154889],[-73.923182637717,40.851557258242],[-73.923251000072,40.851483960472],[-73.923286663853,40.851483067492],[-73.923358519282,40.851406025033]]]]},"properties":{"name":null,"construction_year":"1973","ground_elevation":"7","height_roof":"450","bin":"2127134","geom_source":"Other (Manual)"}},{"type":"Feature","geometry":{"type":"MultiPolygon","coordinates":[[[[-73.886126890522,40.879726737502],[-73.886079680909,40.879767432584],[-73.886080641271,40.879767803633],[-73.88608346202,40.87976951014],[-73.886085776682,40.879771609661],[-73.886087488115,40.879774018354],[-73.886088527677,40.879776636198],[-73.886132691967,40.879804403097],[-73.886188564968,40.879753208744],[-73.886179428713,40.879747464527],[-73.8861768718,40.879748958616],[-73.886173937228,40.879749980477],[-73.886170776952,40.87975047533],[-73.886167551178,40.879750420821],[-73.886164422444,40.87974981711],[-73.886161553233,40.879748696774],[-73.886159087005,40.879747116687],[-73.886157149384,40.879745156215],[-73.886155841043,40.879742916311],[-73.886155227039,40.879740510503],[-73.886155339196,40.879738061286],[-73.886157682259,40.879732582328],[-73.886160707176,40.879727299448],[-73.886164386574,40.879722261246],[-73.886168687155,40.879717514514],[-73.886173568506,40.879713103336],[-73.886178984285,40.879709068188],[-73.886184886971,40.879705447744],[-73.886191220748,40.879702273467],[-73.886194849909,40.879701630495],[-73.886198577583,40.879701656683],[-73.886202190217,40.87970235182],[-73.886205483815,40.879703675183],[-73.886208272239,40.879705552748],[-73.886210396691,40.8797078772],[-73.886211735197,40.879710516949],[-73.886212214453,40.879713322442],[-73.886211806259,40.879716134263],[-73.886245982182,40.879737622075],[-73.886261631818,40.879723283722],[-73.886260711808,40.879720823583],[-73.886260588046,40.879718268777],[-73.886261266213,40.879715765189],[-73.88626270929,40.879713454158],[-73.88626483281,40.879711469775],[-73.886267516752,40.879709925381],[-73.886270606734,40.879708908174],[-73.886273925878,40.879708476509],[-73.886277285501,40.879708656315],[-73.886280493424,40.879709435696],[-73.886283364639,40.879710771247],[-73.88628573674,40.879712586266],[-73.886287473466,40.879714777063],[-73.886310141679,40.879729029804],[-73.886326091934,40.879714415289],[-73.886366924842,40.879740088786],[-73.886395950885,40.879713493537],[-73.886395069899,40.879711105477],[-73.886394921084,40.879708628088],[-73.886395513713,40.87970618925],[-73.886396814354,40.879703914097],[-73.886398756365,40.879701919627],[-73.886401242284,40.8797003102],[-73.886404141465,40.879699166733],[-73.886407305505,40.879698549411],[-73.886410570623,40.879698490491],[-73.886413768344,40.879698991608],[-73.886416734987,40.879700027387],[-73.8864223974,40.879700927144],[-73.886427845256,40.879702413807],[-73.886432974196,40.87970446026],[-73.88643768463,40.879707026783],[-73.88644188529,40.879710062859],[-73.886445496782,40.879713511679],[-73.886448449225,40.879717305637],[-73.886450684606,40.879721372639],[-73.88645216035,40.879725633398],[-73.886452784584,40.879728307561],[-73.886452594871,40.879731019643],[-73.886451602131,40.87973362828],[-73.886449856422,40.879735999348],[-73.886447448124,40.879738008669],[-73.886444504361,40.87973955191],[-73.886441177131,40.879740549979],[-73.886410696642,40.87976847833],[-73.886462528951,40.879801065758],[-73.886452388192,40.87981035782],[-73.886458403992,40.879814139484],[-73.886469014601,40.879820810831],[-73.886482470651,40.87980848108],[-73.886480369902,40.879806859036],[-73.886478894779,40.879805011585],[-73.886478123422,40.879803036056],[-73.886478097174,40.879801036948],[-73.886478817044,40.879799119617],[-73.886480244896,40.87979738398],[-73.886482304637,40.879795923614],[-73.886484889363,40.879794814054],[-73.886487861349,40.879794113696],[-73.886491065109,40.879793860207],[-73.886494330964,40.87979406693],[-73.88649748809,40.879794721988],[-73.886503119876,40.879795498344],[-73.886508613084,40.879796832865],[-73.886513866914,40.87979870024],[-73.886518782947,40.879801067954],[-73.886523272281,40.879803889995],[-73.886527251954,40.879807115853],[-73.886530647321,40.879810686023],[-73.886533396802,40.87981453471],[-73.886535450689,40.879818589825],[-73.886536443941,40.879821241837],[-73.886536713147,40.879824087644],[-73.886536245474,40.879827000262],[-73.886535062497,40.879829850043],[-73.886533217821,40.879832510972],[-73.886530791139,40.879834864263],[-73.886527892965,40.879836805567],[-73.886524650395,40.879838247661],[-73.886521207093,40.879839127654],[-73.886494488679,40.879863609057],[-73.886516386641,40.879877377438],[-73.886519729937,40.879877396934],[-73.886522979747,40.879877970138],[-73.886525975955,40.879879068077],[-73.886528570349,40.879880636576],[-73.886530632559,40.879882597165],[-73.886532061903,40.879884853391],[-73.886532786202,40.879887292625],[-73.886532770069,40.879889794164],[-73.886532013715,40.879892233742],[-73.886530555315,40.879894489831],[-73.886528467427,40.879896451742],[-73.886525853441,40.879898020524],[-73.886522842805,40.879899119761],[-73.886519585103,40.87989969377],[-73.886507453972,40.87991080917],[-73.88652530467,40.879922033292],[-73.886489482819,40.879954855066],[-73.886523969463,40.879976538506],[-73.886525977348,40.87997487818],[-73.886528466122,40.879973685679],[-73.886531263608,40.879973045481],[-73.886534176348,40.879973000619],[-73.886536999084,40.879973554493],[-73.886539538497,40.879974668191],[-73.886541615567,40.879976265897],[-73.886543086928,40.87997823491],[-73.886543849595,40.879980439153],[-73.886543851627,40.879982724593],[-73.88654217525,40.879988265447],[-73.88653979201,40.87999366333],[-73.886536726913,40.879998864236],[-73.886533009705,40.880003818667],[-73.886528673684,40.880008479831],[-73.886523764013,40.880012802748],[-73.886518324659,40.880016745139],[-73.886512409078,40.880020269234],[-73.886510034813,40.880021796828],[-73.886507251998,40.880022876478],[-73.886504206661,40.880023449796],[-73.886501061394,40.880023486324],[-73.8864979823,40.880022984426],[-73.886495134245,40.880021971278],[-73.886492667813,40.880020500156],[-73.886490713376,40.880018649533],[-73.886489376361,40.880016516763],[-73.886488725384,40.880014216277],[-73.886488797018,40.880011868776],[-73.886489586301,40.880009600323],[-73.886491052693,40.880007530643],[-73.886457098172,40.879986183599],[-73.886412053998,40.880027455457],[-73.886399944148,40.880019841621],[-73.886385434036,40.880033135647],[-73.886403960283,40.880044783682],[-73.886407580767,40.880043673342],[-73.886410692176,40.880043316209],[-73.886413828736,40.880043515603],[-73.886416818433,40.880044260547],[-73.88641950117,40.880045511263],[-73.88642172876,40.880047199168],[-73.886423382717,40.880049233197],[-73.886423902706,40.880050425954],[-73.886474923524,40.880084522694],[-73.88612743405,40.880194930461],[-73.886118588497,40.880196064453],[-73.886117451776,40.880196138072],[-73.886109650169,40.88019664185],[-73.88610067958,40.880196660013],[-73.886091737239,40.880196117198],[-73.886082883646,40.88019501887],[-73.886074180485,40.880193370491],[-73.886065684683,40.880191184725],[-73.886057454351,40.880188476037],[-73.886049545219,40.880185262492],[-73.886042011826,40.880181565756],[-73.886034903958,40.880177411991],[-73.886028270211,40.880172828261],[-73.886022156803,40.880167845228],[-73.886016602826,40.88016249805],[-73.886011648557,40.880156822785],[-73.886007325966,40.880150856387],[-73.886003663455,40.880144640304],[-73.886000688238,40.880138217788],[-73.885992817523,40.880115372743],[-73.885934011978,40.879779553354],[-73.885916873636,40.879681684903],[-73.885917299265,40.879675633145],[-73.885919994594,40.879666765103],[-73.885925064039,40.879658529749],[-73.88593364075,40.87965016459],[-73.885944638164,40.879643629812],[-73.885961246105,40.879638493632],[-73.885963192377,40.87963817228],[-73.885988815808,40.879634463271],[-73.8860791741,40.879694849162],[-73.886126890522,40.879726737502]]]]},"properties":{"name":null,"construction_year":"1975","ground_elevation":"139","height_roof":"437","bin":"2092444","geom_source":"Other (Manual)"}},{"type":"Feature","geometry":{"type":"MultiPolygon","coordinates":[[[[-73.923502558067,40.851394304377],[-73.923461346744,40.851374501339],[-73.923375552209,40.851387762663],[-73.923358519282,40.851406025033],[-73.923337335777,40.851362444255],[-73.923396033718,40.851299508239],[-73.92329094909,40.851242998277],[-73.923282925158,40.851214276251],[-73.923156643994,40.851146367148],[-73.923144241455,40.851092256424],[-73.923178136277,40.85105591443],[-73.923203389852,40.851069494455],[-73.923317464283,40.850947184462],[-73.923419481248,40.851002044467],[-73.923373461155,40.851051387888],[-73.923464775036,40.851100492],[-73.923470118974,40.851128106432],[-73.923600835348,40.851198399931],[-73.923610699142,40.851248472918],[-73.92357426586,40.851287536444],[-73.923552299804,40.851275724545],[-73.923492077444,40.851340294923],[-73.923502558067,40.851394304377]]]]},"properties":{"name":null,"construction_year":"1973","ground_elevation":"7","height_roof":"398","bin":"2093973","geom_source":"Other (Manual)"}},{"type":"Feature","geometry":{"type":"MultiPolygon","coordinates":[[[[-73.922500715427,40.852392493764],[-73.922536320664,40.852364905896],[-73.92252070558,40.852301757424],[-73.922475961398,40.852277638309],[-73.922548829871,40.852266078111],[-73.922610409884,40.852203213776],[-73.92258558463,40.852189193571],[-73.922622175914,40.852151838702],[-73.92268738109,40.852142055349],[-73.922813222389,40.852213128088],[-73.922852570133,40.852207050873],[-73.922946686425,40.85226020587],[-73.922993366275,40.852212552393],[-73.923090341274,40.852267321962],[-73.922977896404,40.852382112784],[-73.923004456877,40.852397112896],[-73.922966179661,40.8524361885],[-73.92289787475,40.852445513389],[-73.922772457206,40.85237467966],[-73.92273536202,40.852379230221],[-73.922632981688,40.852321406764],[-73.922569982717,40.852385719049],[-73.922500715427,40.852392493764]]]]},"properties":{"name":null,"construction_year":"1973","ground_elevation":"10","height_roof":"397","bin":"2113628","geom_source":"Other (Manual)"}},{"type":"Feature","geometry":{"type":"MultiPolygon","coordinates":[[[[-73.886466347158,40.879224206178],[-73.886462327732,40.879227607869],[-73.886447829045,40.879239878061],[-73.886437656316,40.879248487523],[-73.88645482859,40.879260177443],[-73.886457384461,40.879258584293],[-73.88646010276,40.879257750414],[-73.886463008636,40.879257538056],[-73.886465862411,40.879257961391],[-73.886468375916,40.879258945395],[-73.886468445866,40.879258973379],[-73.886470536076,40.879260504464],[-73.886473499331,40.879264208384],[-73.886475811637,40.87926976937],[-73.886475939311,40.879275596553],[-73.886473971412,40.879280948919],[-73.886473878438,40.879281202765],[-73.886470738252,40.879285232961],[-73.886470537515,40.879285369638],[-73.886468252204,40.879286927936],[-73.886465236896,40.879288000152],[-73.886462200247,40.879288368166],[-73.886454574856,40.879294821665],[-73.8864504378,40.879298323194],[-73.886469328387,40.879311181835],[-73.886459330304,40.87931964379],[-73.886434553111,40.879340612486],[-73.886466220725,40.879362168905],[-73.886470584608,40.879360622558],[-73.88647356675,40.87936021667],[-73.88647653377,40.879360328547],[-73.886479400268,40.8793609464],[-73.886482018002,40.879362034963],[-73.88648425772,40.879363556289],[-73.886485973656,40.879365413882],[-73.886487093589,40.879367521225],[-73.886487566683,40.87936977201],[-73.886487354023,40.879372028423],[-73.886485437384,40.879375846408],[-73.886474766211,40.879388704784],[-73.886460679316,40.879399503085],[-73.886447673298,40.879406097169],[-73.886444808371,40.879406642747],[-73.886441817359,40.879406683928],[-73.886438899595,40.879406211903],[-73.886436206892,40.879405253836],[-73.886433876766,40.879403873797],[-73.886431996944,40.879402110593],[-73.886430700115,40.879400075115],[-73.88643003116,40.87939788537],[-73.88643004095,40.879395626956],[-73.886430685287,40.879393475424],[-73.886400129229,40.879372675599],[-73.886353984683,40.879411726653],[-73.886345442971,40.879405912797],[-73.886331687993,40.879417553365],[-73.886342874696,40.879425168102],[-73.8863457685,40.879424387527],[-73.886349029293,40.879424074667],[-73.886352303343,40.87942433453],[-73.886355425753,40.87942515975],[-73.886358193774,40.879426475387],[-73.886360524401,40.879428256145],[-73.886362254119,40.879430379398],[-73.886363311908,40.879432748722],[-73.886363627955,40.879435255091],[-73.88636318951,40.879437722897],[-73.886359324325,40.879444580809],[-73.88634907055,40.87945615819],[-73.886335621747,40.879465664003],[-73.886325318926,40.8794705336],[-73.886322211655,40.879471261736],[-73.886318977198,40.879471435946],[-73.886315780493,40.879471041085],[-73.886312779277,40.879470109726],[-73.886310134844,40.879468675345],[-73.88630798113,40.879466814616],[-73.88630646031,40.879464639341],[-73.886305624388,40.879462266632],[-73.886305532518,40.879459792901],[-73.886306314329,40.879457038179],[-73.886283329448,40.879441392069],[-73.886227427839,40.879488700838],[-73.886227656329,40.879490372368],[-73.886227456237,40.879492211868],[-73.886226795916,40.879493993282],[-73.88622571704,40.879495629306],[-73.886224223185,40.879497110937],[-73.886222405899,40.879498323003],[-73.886220307896,40.879499265546],[-73.886218006384,40.879499883714],[-73.886215611736,40.879500156902],[-73.886213222423,40.879500086109],[-73.886203974134,40.879497432258],[-73.886191351923,40.879491870105],[-73.886180299842,40.879484626488],[-73.886171163842,40.8794759836],[-73.886168198319,40.879471529564],[-73.886167982849,40.87946918358],[-73.886168361748,40.87946685169],[-73.886169314702,40.879464617619],[-73.886170809523,40.879462572285],[-73.88617279392,40.879460767863],[-73.886175187081,40.879459283518],[-73.886177915359,40.879458171404],[-73.886180858848,40.87945747733],[-73.886184111261,40.87945720949],[-73.886192020662,40.879450514959],[-73.886161356817,40.879429641124],[-73.886112383139,40.879471088191],[-73.886112035,40.879472777162],[-73.886111410705,40.879474303774],[-73.88610967076,40.879476770294],[-73.886107990547,40.879478303067],[-73.886105549888,40.879479810777],[-73.886102225783,40.879481066379],[-73.886099014359,40.879481645825],[-73.886096159736,40.879481020771],[-73.886092617958,40.879479833134],[-73.886089317621,40.879478295445],[-73.886086259926,40.879476399602],[-73.886060525969,40.879458796676],[-73.88605916965,40.879457558066],[-73.886058053213,40.879456187322],[-73.886057205051,40.879454731296],[-73.886056616897,40.879453168369],[-73.886056325394,40.879451576919],[-73.886056328161,40.879449962347],[-73.88605662988,40.879448361578],[-73.886057200806,40.879446824108],[-73.886058058727,40.879445354458],[-73.886059171533,40.879443997621],[-73.886060539226,40.879442752696],[-73.886062109505,40.879441677263],[-73.886063871706,40.879440763206],[-73.886065769995,40.879440052794],[-73.886067784193,40.879439552311],[-73.886069875146,40.879439262617],[-73.88607201317,40.879439198091],[-73.886073943225,40.87943933597],[-73.886107843055,40.879410648366],[-73.886081114733,40.879392453744],[-73.886057718724,40.879376527132],[-73.886066893489,40.879368762277],[-73.886050792521,40.879357800951],[-73.886033012104,40.879372848557],[-73.886033539185,40.879374741003],[-73.886033549574,40.87937698593],[-73.886032907547,40.879379167178],[-73.886031651248,40.879381179428],[-73.886029841298,40.879382957005],[-73.886027582334,40.879384364038],[-73.886024932518,40.879385383475],[-73.886022078271,40.879385926352],[-73.886019147737,40.879385984691],[-73.886016259566,40.879385554107],[-73.886009425363,40.879383065612],[-73.885996531137,40.879376331635],[-73.885991877457,40.879373902024],[-73.885977380833,40.8793620697],[-73.885972075703,40.879355554831],[-73.885971561455,40.879353098693],[-73.885971769744,40.879350634263],[-73.885972694506,40.879348238978],[-73.885974284467,40.879346063169],[-73.885976470654,40.879344201319],[-73.885979136604,40.879342766774],[-73.885982170723,40.879341800847],[-73.885985394951,40.879341361893],[-73.885988671612,40.879341479491],[-73.885994315362,40.879342863713],[-73.886017197623,40.87932349881],[-73.886021645992,40.879319734661],[-73.886019360077,40.879318178161],[-73.886000633108,40.879305431269],[-73.885994891179,40.879308029808],[-73.885992777251,40.879308574316],[-73.88599058313,40.879308836892],[-73.885988352739,40.879308803172],[-73.885986183349,40.879308481355],[-73.885984097487,40.87930787957],[-73.885982187664,40.879307015916],[-73.885980507209,40.879305923765],[-73.885979108281,40.879304628382],[-73.885977912817,40.879302990114],[-73.885976127316,40.879298813688],[-73.885975298384,40.879294448204],[-73.885975467287,40.879290044985],[-73.885976620756,40.879285730987],[-73.88597847071,40.879282072331],[-73.885979751894,40.87928076879],[-73.885981347194,40.879279629448],[-73.885983190072,40.87927871277],[-73.885985204537,40.879278053802],[-73.885987349033,40.879277671413],[-73.885989549973,40.879277582638],[-73.885991719565,40.87927778649],[-73.885993853074,40.879278275762],[-73.886000024808,40.879281022043],[-73.886011637613,40.879271194782],[-73.885993542279,40.879258877144],[-73.886025760845,40.879231612475],[-73.885984231668,40.87920334206],[-73.885980101403,40.879204256477],[-73.885979638555,40.879204343367],[-73.885979131826,40.879204421209],[-73.885978632227,40.879204491854],[-73.885978165884,40.879204541821],[-73.885977150204,40.879204609254],[-73.885976674427,40.879204624993],[-73.885975702774,40.879204616829],[-73.885974687321,40.879204551891],[-73.885973712289,40.879204438367],[-73.885972755142,40.879204272632],[-73.885970416617,40.879203648985],[-73.885968671449,40.879202935875],[-73.88596784289,40.879202504623],[-73.885966703971,40.879201793914],[-73.885965649455,40.879200986035],[-73.885964455549,40.879199824126],[-73.885963446987,40.879198508417],[-73.885962856745,40.879197473173],[-73.885962421985,40.879196402064],[-73.885962130865,40.879195280668],[-73.885961992825,40.879194140514],[-73.885962099241,40.879192275709],[-73.885962365696,40.879191175576],[-73.885963138733,40.879189392473],[-73.885966142042,40.879184942528],[-73.885969301103,40.879180990706],[-73.885972824104,40.879177205834],[-73.885974701755,40.8791753815],[-73.885976665927,40.879173607678],[-73.885980814684,40.879170210634],[-73.885987582821,40.879165550091],[-73.885992435295,40.87916274086],[-73.885997522244,40.879160183996],[-73.886000066668,40.879159043791],[-73.886001791439,40.879158505201],[-73.886005598345,40.879157972271],[-73.886008925888,40.879158162859],[-73.886011673686,40.879158807621],[-73.886014989467,40.879160322815],[-73.886017616071,40.879162456864],[-73.886019366318,40.879165051997],[-73.886020088135,40.879167538958],[-73.88602013666,40.879168991492],[-73.886020064192,40.879169740627],[-73.886019820266,40.879170847986],[-73.886019591316,40.879171524927],[-73.88601925547,40.8791722711],[-73.886057651437,40.879198408755],[-73.886095337722,40.879166514653],[-73.886105899,40.879157576927],[-73.88612769279,40.879172412359],[-73.886141198249,40.879160981382],[-73.886110051063,40.879139778378],[-73.88610892447,40.879140183386],[-73.886106477781,40.879141062549],[-73.88610335078,40.879141542125],[-73.886100205718,40.879141483191],[-73.886097139862,40.87914089755],[-73.886094332298,40.879139820497],[-73.88609189211,40.87913828996],[-73.88608997929,40.879136406953],[-73.886088636474,40.879134215641],[-73.886087980848,40.879131871924],[-73.886088022922,40.879129473066],[-73.886088760128,40.879127134326],[-73.886092612081,40.879121773021],[-73.886107227262,40.879107316603],[-73.886110316568,40.879105293554],[-73.886124205974,40.879096196122],[-73.886127058344,40.879095356079],[-73.886130179208,40.879094995362],[-73.886133343032,40.879095181282],[-73.886136379003,40.879095897464],[-73.886139085528,40.879097087877],[-73.886141411625,40.879098732662],[-73.886143193755,40.879100723598],[-73.886144334809,40.879102958834],[-73.886144794637,40.879105327571],[-73.886144141773,40.879109683488],[-73.886180526767,40.879134451278],[-73.886197374409,40.879120192456],[-73.886192791355,40.879115322601],[-73.886191900338,40.879112565328],[-73.886192899037,40.879109941391],[-73.886194008079,40.879108699811],[-73.886196528604,40.879106270079],[-73.88620076784,40.879104068063],[-73.886206463025,40.879101731509],[-73.886213892561,40.879100189995],[-73.886220429746,40.879100829483],[-73.886226312209,40.879103447598],[-73.886229679964,40.879105790385],[-73.886231737311,40.879108493877],[-73.886232639625,40.87911158344],[-73.88623238217,40.879114359391],[-73.886285063681,40.879150221013],[-73.886286712801,40.87914882508],[-73.886300072084,40.879137520009],[-73.886301140209,40.879136616071],[-73.886311777493,40.879127614467],[-73.886312895521,40.879126667354],[-73.886312964432,40.87912660889],[-73.886322918543,40.879118184725],[-73.886331852052,40.879110624022],[-73.886330088863,40.879106571891],[-73.886329059547,40.879104207096],[-73.886328889008,40.879101947604],[-73.886329916055,40.879099393931],[-73.886330973283,40.879097923575],[-73.886332403034,40.879096458089],[-73.886334675476,40.879094791722],[-73.886336881919,40.879093562028],[-73.886338969192,40.879092641984],[-73.886342229698,40.879091793333],[-73.886345529476,40.879091567859],[-73.886347980286,40.879091744967],[-73.886351495623,40.879093122573],[-73.886356134917,40.879094941625],[-73.886370373435,40.879102997902],[-73.88638226665,40.879113009529],[-73.886388745311,40.879120822237],[-73.886389482266,40.879122789628],[-73.886389678102,40.879124826724],[-73.88638933775,40.879126823672],[-73.88638900073,40.879127565342],[-73.886388460067,40.879128756155],[-73.886387092727,40.879130496353],[-73.886385279689,40.879132007388],[-73.886383114835,40.879133199304],[-73.886380672961,40.879134039757],[-73.886378129739,40.879134481193],[-73.886368955044,40.879142245173],[-73.886356909835,40.879152439443],[-73.886347647213,40.879160278074],[-73.886400156992,40.879196023311],[-73.886400864455,40.879196504868],[-73.886400739702,40.879196610103],[-73.886388756271,40.879206752209],[-73.886380823157,40.879213465641],[-73.886395352798,40.879223356495],[-73.886400593619,40.879218921348],[-73.886412706555,40.879208670409],[-73.886423588592,40.879199460122],[-73.886421097526,40.879194370814],[-73.88642082626,40.879192040985],[-73.886421161765,40.879190102565],[-73.886421227674,40.879189718121],[-73.886422299238,40.879187494971],[-73.886423967145,40.87918551734],[-73.886426145828,40.87918387069],[-73.886428746208,40.879182612566],[-73.886431661393,40.879181810399],[-73.88643474302,40.879181500962],[-73.886437797668,40.879181705677],[-73.886445692578,40.879184156468],[-73.886456207251,40.879189283386],[-73.886459449374,40.87919086423],[-73.886471036289,40.879199624769],[-73.886479930829,40.879210020646],[-73.886480876682,40.879211937815],[-73.886481140337,40.879212472964],[-73.886481436877,40.879214593904],[-73.886481125972,40.879216716949],[-73.886480223259,40.879218717846],[-73.886478762047,40.879220543499],[-73.886476812527,40.879222081416],[-73.88647447448,40.879223258755],[-73.886471850028,40.879224023389],[-73.88646908753,40.879224340345],[-73.886466347158,40.879224206178]]]]},"properties":{"name":null,"construction_year":"1975","ground_elevation":"142","height_roof":"357.13","bin":"2092445","geom_source":"Photogrammetric"}},{"type":"Feature","geometry":{"type":"MultiPolygon","coordinates":[[[[-73.914198467149,40.879379301746],[-73.913958663883,40.879163989533],[-73.913963789848,40.879160704774],[-73.913968241375,40.879157851745],[-73.913694997577,40.878912203629],[-73.914123657548,40.878637513545],[-73.914068018501,40.878587494164],[-73.914359806598,40.87840051046],[-73.914418812357,40.878453556036],[-73.914779930322,40.878222143062],[-73.914811261179,40.878250309136],[-73.914841847682,40.878230708279],[-73.915394470829,40.878156565134],[-73.915475126103,40.878145468089],[-73.91548181494,40.878144548187],[-73.915578232707,40.87815013064],[-73.91603357068,40.878176494112],[-73.916063219048,40.878239984756],[-73.916064337832,40.878239970261],[-73.916076200733,40.878239817701],[-73.916095026668,40.87823957475],[-73.916107302294,40.878304411586],[-73.916078888052,40.878310199075],[-73.916088938361,40.878360651704],[-73.915994149043,40.878371126559],[-73.915864820809,40.878385858883],[-73.915522037531,40.878603578739],[-73.915418651056,40.878615993682],[-73.915419109336,40.878617598687],[-73.915423159429,40.878631796042],[-73.915338547167,40.878646429064],[-73.915337529487,40.878635985362],[-73.915337282384,40.878633451209],[-73.915221471694,40.87864973346],[-73.915220892629,40.87864981498],[-73.915219792463,40.878644527408],[-73.915133629175,40.878654782771],[-73.91512648598,40.878655632981],[-73.91506569346,40.878693989556],[-73.915068151402,40.878696990889],[-73.914967147921,40.878762476522],[-73.914966859387,40.878762663611],[-73.914965173389,40.878760906418],[-73.914963463693,40.878759125794],[-73.914877343174,40.878811815577],[-73.914938483907,40.87886682462],[-73.914979104617,40.878903371126],[-73.914987844273,40.878911234318],[-73.914988116832,40.878911479452],[-73.914905553878,40.878964387091],[-73.91490469591,40.878963615641],[-73.91489355062,40.878953595802],[-73.914845989126,40.878910838885],[-73.914797034091,40.878866829242],[-73.914793917448,40.878864027325],[-73.914708679235,40.878918650079],[-73.914712436983,40.878922026983],[-73.914609911566,40.878987727293],[-73.91460468438,40.878983027383],[-73.914542711506,40.879023594405],[-73.914507903311,40.879088418142],[-73.91451801672,40.879094492218],[-73.914519101443,40.879095143174],[-73.914489776868,40.879152499621],[-73.914478195697,40.879175152711],[-73.914468393216,40.879173613717],[-73.914402486668,40.879307625846],[-73.914321476103,40.879284776197],[-73.914306254543,40.879312347731],[-73.914201065096,40.879377688202],[-73.914198467149,40.879379301746]]]]},"properties":{"name":null,"construction_year":"1975","ground_elevation":"158","height_roof":"297.49993913","bin":"2083247","geom_source":"Photogrammetric"}},{"type":"Feature","geometry":{"type":"MultiPolygon","coordinates":[[[[-73.824369672513,40.879296775299],[-73.824479945099,40.87911726759],[-73.824454432937,40.879065915323],[-73.824338781057,40.879024986825],[-73.824214291755,40.878980930859],[-73.824271839132,40.878887251474],[-73.824388370218,40.878928492048],[-73.824468084944,40.878956702269],[-73.824548485559,40.878933628827],[-73.824640611466,40.878783657321],[-73.824769658144,40.878829326221],[-73.824663260452,40.879002527674],[-73.824692245909,40.879060871164],[-73.824919693395,40.879141362647],[-73.824862093093,40.879235129616],[-73.824663716059,40.879164926152],[-73.824596025328,40.879184801544],[-73.824499102856,40.879342579253],[-73.824369672513,40.879296775299]]]]},"properties":{"name":"14","construction_year":"1969","ground_elevation":"14","height_roof":"290.005","bin":"2096809","geom_source":"Photogrammetric"}},{"type":"Feature","geometry":{"type":"MultiPolygon","coordinates":[[[[-73.823313668384,40.879550573667],[-73.8234084476,40.879384367801],[-73.823382617378,40.879330646526],[-73.823152315607,40.879254987769],[-73.823210055701,40.879153734298],[-73.823411090286,40.879219777767],[-73.82349266233,40.879202605957],[-73.823580454564,40.879048653914],[-73.823622643164,40.879062513888],[-73.823706207254,40.879089966002],[-73.823604691089,40.879267985244],[-73.823631020568,40.879322742795],[-73.823866396548,40.879400067039],[-73.823807552305,40.879503256099],[-73.823596611436,40.879433960026],[-73.823533391713,40.87945830085],[-73.823449877985,40.879604750214],[-73.823309138903,40.879558515349],[-73.823313668384,40.879550573667]]]]},"properties":{"name":"13","construction_year":"1969","ground_elevation":"14","height_roof":"289.81","bin":"2096807","geom_source":"Photogrammetric"}},{"type":"Feature","geometry":{"type":"MultiPolygon","coordinates":[[[[-73.820811965756,40.863505984873],[-73.820918971751,40.863358645072],[-73.820901443009,40.863303214217],[-73.820747798485,40.863238901147],[-73.820704616561,40.863220826023],[-73.820740839999,40.863170948241],[-73.820776947897,40.863121230557],[-73.821000547983,40.863214827165],[-73.821070416267,40.863201718116],[-73.821177441439,40.863054350183],[-73.821196152964,40.863028586398],[-73.821329663133,40.863084471513],[-73.821222589438,40.863231907048],[-73.821220801259,40.863234369824],[-73.8212370056,40.863283970596],[-73.821441338567,40.863369499606],[-73.821395094859,40.863433175636],[-73.821366529271,40.863472508112],[-73.821334379842,40.863459050916],[-73.821219177532,40.863410829447],[-73.821140716979,40.863377987588],[-73.821070340886,40.863391969368],[-73.821027051729,40.863451575107],[-73.820946606856,40.86356234314],[-73.820811965756,40.863505984873]]]]},"properties":{"name":"34","construction_year":"1969","ground_elevation":"17","height_roof":"289.03","bin":"2093860","geom_source":"Photogrammetric"}},{"type":"Feature","geometry":{"type":"MultiPolygon","coordinates":[[[[-73.8297157611,40.873031064942],[-73.829807505994,40.872875740608],[-73.829780905329,40.872825833144],[-73.82957711042,40.87275647289],[-73.829639471448,40.872650918588],[-73.829746931725,40.872687495691],[-73.829791381326,40.872702624655],[-73.829874259461,40.872730834046],[-73.829943365932,40.872708968452],[-73.829979931524,40.872647067722],[-73.830032070436,40.872558803762],[-73.83004669185,40.872534051016],[-73.830182062698,40.872580112254],[-73.830091702394,40.872733080547],[-73.830121140321,40.87278831041],[-73.830320711579,40.872856243419],[-73.830260316212,40.872958441247],[-73.830029247541,40.87287976753],[-73.829957121729,40.872902587749],[-73.829853549396,40.873077985592],[-73.8297157611,40.873031064942]]]]},"properties":{"name":"19","construction_year":"1969","ground_elevation":"19","height_roof":"288.6","bin":"2095394","geom_source":"Photogrammetric"}},{"type":"Feature","geometry":{"type":"MultiPolygon","coordinates":[[[[-73.830706071783,40.872362596202],[-73.830770932687,40.872252782032],[-73.830810690266,40.872185469269],[-73.830784713184,40.87213320186],[-73.830704290071,40.872105827873],[-73.830561580785,40.872057252206],[-73.830550981068,40.872053644588],[-73.830611189436,40.871951710161],[-73.830612206907,40.871949987216],[-73.830814364759,40.872018794856],[-73.830885337165,40.871996548723],[-73.830964183354,40.871863044129],[-73.830976551329,40.871842103339],[-73.83106289219,40.871871495695],[-73.831114052438,40.871888912216],[-73.831008266478,40.872068010696],[-73.831034353473,40.872120498836],[-73.831267798424,40.872199941245],[-73.831206536443,40.87230366194],[-73.831002777235,40.872234304249],[-73.830932900428,40.872256207171],[-73.830842591194,40.872409071676],[-73.830706071783,40.872362596202]]]]},"properties":{"name":"17","construction_year":"1969","ground_elevation":"19","height_roof":"288.11","bin":"2095393","geom_source":"Photogrammetric"}},{"type":"Feature","geometry":{"type":"MultiPolygon","coordinates":[[[[-73.823400789544,40.878401608263],[-73.823376835584,40.878349603478],[-73.823168720183,40.878278477531],[-73.823187804613,40.87824630798],[-73.823203596269,40.878219688499],[-73.823227016189,40.878180209108],[-73.823446754554,40.87825530678],[-73.823461518849,40.878260353194],[-73.823532061121,40.878242691726],[-73.823638358966,40.878063506486],[-73.823763609961,40.878106311666],[-73.823673215884,40.878258688544],[-73.823698361449,40.87831327679],[-73.823759481231,40.878334165136],[-73.823904213562,40.878383628409],[-73.823844832726,40.878483726208],[-73.823685296755,40.878429202911],[-73.82360269773,40.878400974229],[-73.823542934934,40.878415937248],[-73.823434020415,40.878599531684],[-73.823432553392,40.878602004884],[-73.823307301679,40.878559198447],[-73.823400789544,40.878401608263]]]]},"properties":{"name":"12","construction_year":"1969","ground_elevation":"17","height_roof":"288.0125","bin":"2096808","geom_source":"Photogrammetric"}},{"type":"Feature","geometry":{"type":"MultiPolygon","coordinates":[[[[-73.829379985517,40.872112348383],[-73.829394271083,40.872088165232],[-73.829366749328,40.872036861444],[-73.829292203354,40.872011487946],[-73.829162306582,40.871967274363],[-73.829172295767,40.871950373444],[-73.829224657877,40.87186178329],[-73.829459987813,40.87194188681],[-73.829526101382,40.871922500592],[-73.8296316623,40.871743808349],[-73.829768581491,40.871790420765],[-73.829677031001,40.871945424808],[-73.829700850844,40.87199060333],[-73.82970496386,40.871998405842],[-73.829787537669,40.872026507693],[-73.829909003123,40.872067845486],[-73.829877617002,40.872120971356],[-73.829847404403,40.872172110666],[-73.829628145124,40.872097486836],[-73.829611065701,40.87209167417],[-73.82954422781,40.872111273683],[-73.829525250324,40.872143410254],[-73.829438524119,40.872290272692],[-73.829302290429,40.872243877922],[-73.829379985517,40.872112348383]]]]},"properties":{"name":"18","construction_year":"1969","ground_elevation":"19","height_roof":"287.62","bin":"2095392","geom_source":"Photogrammetric"}},{"type":"Feature","geometry":{"type":"MultiPolygon","coordinates":[[[[-73.821082250749,40.864332824095],[-73.821189818976,40.864187520045],[-73.821170783183,40.864129079263],[-73.820972861137,40.864044632221],[-73.821044579541,40.863947753334],[-73.821139086822,40.8639880771],[-73.821267798798,40.864042994013],[-73.821341937818,40.864028184984],[-73.821416144904,40.863927944583],[-73.82146767486,40.863858336187],[-73.821597429463,40.863913697388],[-73.821489016154,40.864060145941],[-73.821510538405,40.864114148392],[-73.821707966099,40.864198383931],[-73.821633546059,40.864298912343],[-73.821411383432,40.864204123359],[-73.82133650887,40.864220239707],[-73.821212137465,40.864388242659],[-73.821082250749,40.864332824095]]]]},"properties":{"name":"35","construction_year":"1969","ground_elevation":"18","height_roof":"287.43","bin":"2093859","geom_source":"Photogrammetric"}},{"type":"Feature","geometry":{"type":"MultiPolygon","coordinates":[[[[-73.931229076988,40.808325871293],[-73.931618517439,40.808621134127],[-73.931589598807,40.808639415998],[-73.931558741817,40.808668676488],[-73.931546186026,40.808659769409],[-73.931496902037,40.808698499387],[-73.931509079188,40.808706817321],[-73.931476308713,40.808726285534],[-73.931555953146,40.808785096664],[-73.931486007458,40.808838477183],[-73.931404075599,40.80877284517],[-73.931366447419,40.808792029505],[-73.931341145179,40.808815437303],[-73.931338242187,40.808813676901],[-73.931266163046,40.808869327073],[-73.931171535894,40.80879923436],[-73.931242300258,40.808745166539],[-73.931235235204,40.808739789952],[-73.931282187476,40.808712078995],[-73.931309834554,40.808686911233],[-73.931307254979,40.80868413436],[-73.931334910086,40.808666098543],[-73.931347506377,40.808675930482],[-73.931380104646,40.808653374394],[-73.931211747877,40.808527652742],[-73.931216485943,40.808524357944],[-73.931138024895,40.808465548183],[-73.931205936955,40.808399367875],[-73.931169757096,40.808371640646],[-73.931229076988,40.808325871293]]]]},"properties":{"name":null,"construction_year":"2023","ground_elevation":"8","height_roof":"287","bin":"2130650","geom_source":"Other (Manual)"}},{"type":"Feature","geometry":{"type":"MultiPolygon","coordinates":[[[[-73.824979814018,40.874282141238],[-73.824952864131,40.874224551862],[-73.824750578096,40.874154613579],[-73.824807656934,40.874059490556],[-73.825041217661,40.874140241515],[-73.825116442097,40.874118590698],[-73.825221837148,40.873942946841],[-73.825345706402,40.873985772567],[-73.825256420003,40.874134570313],[-73.825283414948,40.874192254238],[-73.825490890659,40.874263986005],[-73.825432812924,40.874360775557],[-73.8252845008,40.87430949965],[-73.825194236183,40.874278291559],[-73.825121921467,40.874299104878],[-73.825065099054,40.874393801608],[-73.825016083519,40.874475486364],[-73.824947392625,40.87445173803],[-73.824889961601,40.874431881549],[-73.824904651062,40.87440740061],[-73.824979814018,40.874282141238]]]]},"properties":{"name":"24","construction_year":"1969","ground_elevation":"17","height_roof":"286.71249999","bin":"2096754","geom_source":"Photogrammetric"}},{"type":"Feature","geometry":{"type":"MultiPolygon","coordinates":[[[[-73.8253231107,40.875218130576],[-73.825404305425,40.875081005318],[-73.825377035568,40.875027991855],[-73.825171692142,40.874957938037],[-73.825232232515,40.874855694487],[-73.825369619408,40.874902564937],[-73.825465947516,40.87493542725],[-73.825534520292,40.874916287473],[-73.82556621239,40.87486276435],[-73.825578816052,40.874841477814],[-73.82564120626,40.874736107643],[-73.825776756027,40.874782349893],[-73.825733885689,40.874854752971],[-73.825685396825,40.874936645011],[-73.825710029698,40.874991006054],[-73.825913246224,40.875060332611],[-73.82588018158,40.875116175219],[-73.825852958139,40.875162152763],[-73.825622487156,40.87508352879],[-73.825552231886,40.875102715603],[-73.825533942968,40.875133602665],[-73.825446685465,40.875280971817],[-73.825327059086,40.875240161627],[-73.825312922306,40.875235338819],[-73.8253231107,40.875218130576]]]]},"properties":{"name":"25","construction_year":"1969","ground_elevation":"17","height_roof":"286.55","bin":"2096753","geom_source":"Photogrammetric"}},{"type":"Feature","geometry":{"type":"MultiPolygon","coordinates":[[[[-73.828167973759,40.875671228866],[-73.828272288102,40.875495232183],[-73.82824346503,40.875440923091],[-73.828154355723,40.875410493467],[-73.828010169477,40.875361256025],[-73.828069947751,40.87526039932],[-73.828271730794,40.875329305355],[-73.828339777727,40.875308743958],[-73.828431970877,40.875153195417],[-73.828565169316,40.875198679881],[-73.828558433652,40.875210043958],[-73.828460428453,40.875375399295],[-73.828486017266,40.875428499573],[-73.828723393427,40.875509559385],[-73.828663258463,40.875611019221],[-73.828459593092,40.875541470831],[-73.828391475645,40.875565833158],[-73.828301900829,40.875716962348],[-73.828167973759,40.875671228866]]]]},"properties":{"name":"8","construction_year":"1969","ground_elevation":"19","height_roof":"286.38","bin":"2096812","geom_source":"Photogrammetric"}},{"type":"Feature","geometry":{"type":"MultiPolygon","coordinates":[[[[-73.829187667833,40.874825914163],[-73.829159082161,40.874772760072],[-73.828998020428,40.874714993751],[-73.828956620176,40.874700145458],[-73.828994341097,40.87463954888],[-73.829017553754,40.87460225888],[-73.829248796595,40.874685195065],[-73.829319512756,40.874660565025],[-73.829423915118,40.874492844707],[-73.829428839678,40.87448493308],[-73.829558251886,40.874531346416],[-73.82952106164,40.874591091199],[-73.829463667971,40.87468329398],[-73.829492750419,40.874734792729],[-73.82969662709,40.874807912763],[-73.829633729973,40.874908956615],[-73.829402240531,40.874825932593],[-73.829342073487,40.874852252294],[-73.829231855868,40.875029313707],[-73.829092227332,40.874979236096],[-73.829187667833,40.874825914163]]]]},"properties":{"name":"7","construction_year":"1969","ground_elevation":"18","height_roof":"286.36","bin":"2096813","geom_source":"Photogrammetric"}},{"type":"Feature","geometry":{"type":"MultiPolygon","coordinates":[[[[-73.826332869511,40.874516131679],[-73.826350728791,40.874486926857],[-73.826409731017,40.874390443504],[-73.826377309737,40.874336027664],[-73.826347670667,40.874325584213],[-73.82630261887,40.874309710117],[-73.826144804412,40.874254104065],[-73.826204367878,40.874156705861],[-73.826347665473,40.874207196819],[-73.826402137414,40.874226389866],[-73.826478965009,40.874202163371],[-73.826479233072,40.874201726136],[-73.8265713212,40.874051137885],[-73.826701545771,40.874097021663],[-73.826596915999,40.874268118736],[-73.826600575497,40.8742759675],[-73.82662311764,40.874324317146],[-73.82672526459,40.87436030735],[-73.826855910629,40.874406340164],[-73.826795154104,40.874505693673],[-73.826755767506,40.874491816538],[-73.826594480687,40.874434987529],[-73.826526363067,40.874460496884],[-73.826486838115,40.874525128645],[-73.826432701612,40.874613654522],[-73.826301500766,40.87456742679],[-73.826332869511,40.874516131679]]]]},"properties":{"name":"23","construction_year":"1969","ground_elevation":"17","height_roof":"286.31","bin":"2096755","geom_source":"Photogrammetric"}},{"type":"Feature","geometry":{"type":"MultiPolygon","coordinates":[[[[-73.82953060041,40.875778645667],[-73.82962228849,40.875620752372],[-73.829597642032,40.875572205715],[-73.829397545953,40.875505259461],[-73.82939055372,40.875502920459],[-73.829407442368,40.875473837102],[-73.82945100269,40.875398823174],[-73.829685830923,40.875477389187],[-73.829755295427,40.87545907397],[-73.829858676801,40.875281038469],[-73.829994299253,40.875326413194],[-73.829905442491,40.875479433913],[-73.829930738312,40.87553252353],[-73.830133128628,40.87560023495],[-73.830072840213,40.875704059075],[-73.829836696191,40.875625054276],[-73.829772167427,40.875646341234],[-73.829668540978,40.875824795912],[-73.82953060041,40.875778645667]]]]},"properties":{"name":"6","construction_year":"1969","ground_elevation":"19","height_roof":"286.1","bin":"2095389","geom_source":"Photogrammetric"}},{"type":"Feature","geometry":{"type":"MultiPolygon","coordinates":[[[[-73.82214997685,40.863581401834],[-73.822154245853,40.863575590338],[-73.822250681592,40.863444295083],[-73.822230132952,40.863392441937],[-73.8221466755,40.863357111309],[-73.822010194362,40.863299334229],[-73.822004111689,40.863296759345],[-73.822070320382,40.863206616894],[-73.822079433349,40.863194209565],[-73.822281397322,40.863279709121],[-73.82234560929,40.863261973768],[-73.822387066811,40.863205529942],[-73.822453165374,40.863115535683],[-73.822585166846,40.863171417021],[-73.822460431547,40.86334124518],[-73.822477962891,40.863392637094],[-73.822705175873,40.86348882396],[-73.822679060978,40.86352437846],[-73.822630494116,40.863590504351],[-73.822435016655,40.863507752889],[-73.822365075517,40.863523694697],[-73.822257149539,40.863670633695],[-73.82218845302,40.863641551836],[-73.822125400894,40.863614860436],[-73.82214997685,40.863581401834]]]]},"properties":{"name":"33","construction_year":"1969","ground_elevation":"18","height_roof":"285.9","bin":"2093861","geom_source":"Photogrammetric"}},{"type":"Feature","geometry":{"type":"MultiPolygon","coordinates":[[[[-73.881380560037,40.856215602304],[-73.881384644129,40.856200577297],[-73.881316311856,40.856189873117],[-73.881300100256,40.856187333261],[-73.881303592233,40.856174480534],[-73.881282006019,40.856171098589],[-73.881253405413,40.856166618025],[-73.881267415111,40.856115063985],[-73.881313547285,40.855945297621],[-73.881311686984,40.855945005749],[-73.881280298463,40.855906494541],[-73.881254289712,40.855874582262],[-73.881275216417,40.855797571231],[-73.881288501367,40.855748682795],[-73.881296141875,40.855720566497],[-73.88126550569,40.855715766868],[-73.881258303619,40.855712201613],[-73.881251529316,40.855708181148],[-73.881245236102,40.855703733445],[-73.881239467798,40.855698892767],[-73.881234267035,40.855693694278],[-73.881229672883,40.855688176737],[-73.881225719664,40.855682379804],[-73.881222434578,40.855676346729],[-73.881219843637,40.855670122564],[-73.881217965735,40.855663752352],[-73.881216813835,40.855657282934],[-73.881216397338,40.855650762945],[-73.881216717345,40.855644239211],[-73.881217774955,40.855637761261],[-73.881290331011,40.85538007556],[-73.881404228209,40.854975558478],[-73.88149304819,40.854998225078],[-73.881602921092,40.854927278269],[-73.881631659214,40.854935502234],[-73.881740566376,40.854966670084],[-73.881768619388,40.854974697905],[-73.881714927703,40.855082858582],[-73.881753807966,40.855093985294],[-73.881696082423,40.855210272365],[-73.881763025361,40.855229428716],[-73.881775200363,40.85523291349],[-73.881766021218,40.855251404688],[-73.881863009985,40.855279160849],[-73.881800690133,40.855404703022],[-73.881797788318,40.855410548744],[-73.881590895571,40.855374143121],[-73.88149533588,40.855725809523],[-73.881488347282,40.855751525792],[-73.881460804686,40.855852885666],[-73.881453653704,40.855879197892],[-73.881452905174,40.855881954428],[-73.88145338181,40.855882028758],[-73.881487929579,40.855887441088],[-73.881481396997,40.855911481109],[-73.881530988451,40.855919249256],[-73.881523545003,40.855946639074],[-73.881558807765,40.855952162877],[-73.881540567437,40.856019286615],[-73.881522233532,40.856016415031],[-73.881419065727,40.856221634659],[-73.881380560037,40.856215602304]]]]},"properties":{"name":null,"construction_year":"1975","ground_elevation":"80","height_roof":"283.00422809","bin":"2086808","geom_source":"Photogrammetric"}},{"type":"Feature","geometry":{"type":"MultiPolygon","coordinates":[[[[-73.931493845872,40.808847866835],[-73.931707007421,40.80868958213],[-73.931828111592,40.808599656195],[-73.931668564295,40.808476430296],[-73.931684920943,40.808464443549],[-73.931657247223,40.808443069127],[-73.93164088939,40.808455055869],[-73.931482328043,40.808332589414],[-73.931566315464,40.808269310845],[-73.931524002523,40.808201161214],[-73.931718877072,40.808130056372],[-73.931855618281,40.808346722457],[-73.931874921139,40.808345148087],[-73.931906214707,40.808349923007],[-73.931936460492,40.808359452831],[-73.931961484391,40.808374925558],[-73.93198701967,40.808399119007],[-73.931997428193,40.808422906409],[-73.932004640309,40.80844793101],[-73.932002178273,40.808464650913],[-73.93199889453,40.808487563058],[-73.931988882338,40.808505038528],[-73.932001047498,40.808527438397],[-73.932044891728,40.808582263177],[-73.932055869837,40.808578695569],[-73.932124758867,40.808674039491],[-73.932101231057,40.808683555611],[-73.932234308245,40.808870666514],[-73.93213545155,40.808950424036],[-73.932207521892,40.809001692184],[-73.932182418736,40.809018355549],[-73.932251347231,40.809074386357],[-73.932015251666,40.809251297951],[-73.931583227115,40.80891645774],[-73.931493845872,40.808847866835]]]]},"properties":{"name":null,"construction_year":"2021","ground_elevation":"10","height_roof":"279","bin":"2129132","geom_source":"Other (Manual)"}},{"type":"Feature","geometry":{"type":"MultiPolygon","coordinates":[[[[-73.884580095918,40.846490825159],[-73.884437157237,40.846420906437],[-73.884476584735,40.846374424648],[-73.884401933127,40.846337907804],[-73.88447024703,40.846257373094],[-73.884491696888,40.846267865509],[-73.884559548228,40.846256295456],[-73.884587759658,40.846223036953],[-73.884605175823,40.846202505121],[-73.884750008731,40.846273351237],[-73.884711016386,40.846319318472],[-73.884786211975,40.846356100405],[-73.884692240452,40.846466882436],[-73.884630844359,40.846436850835],[-73.88462899486,40.846435945791],[-73.884581754664,40.846491636362],[-73.884580095918,40.846490825159]]]]},"properties":{"name":null,"construction_year":"1973","ground_elevation":"68","height_roof":"276.87","bin":"2012997","geom_source":"Photogrammetric"}},{"type":"Feature","geometry":{"type":"MultiPolygon","coordinates":[[[[-73.928313291178,40.814468949414],[-73.928778726747,40.814573120148],[-73.928650374492,40.814890307677],[-73.928459727277,40.814847777915],[-73.928518446689,40.814676277663],[-73.928218463872,40.81461180478],[-73.928313291178,40.814468949414]]]]},"properties":{"name":null,"construction_year":"2022","ground_elevation":"29","height_roof":"275","bin":"2130530","geom_source":"Other (Manual)"}},{"type":"Feature","geometry":{"type":"MultiPolygon","coordinates":[[[[-73.928305373422,40.814465899008],[-73.928390706541,40.81432629297],[-73.928603678356,40.814393531021],[-73.928655224213,40.814296900818],[-73.928730756088,40.814193340781],[-73.928915110566,40.814263366516],[-73.92886440277,40.814351420114],[-73.928778726747,40.814573120148],[-73.928305373422,40.814465899008]]]]},"properties":{"name":null,"construction_year":"2022","ground_elevation":"29","height_roof":"275","bin":"2130531","geom_source":"Other (Manual)"}},{"type":"Feature","geometry":{"type":"MultiPolygon","coordinates":[[[[-73.928366340582,40.816675898866],[-73.92889256991,40.816808971382],[-73.928656953356,40.817322218183],[-73.928158803601,40.817190404789],[-73.928366340582,40.816675898866]]]]},"properties":{"name":null,"construction_year":"2022","ground_elevation":"35","height_roof":"270","bin":"2129044","geom_source":"Other (Manual)"}},{"type":"Feature","geometry":{"type":"MultiPolygon","coordinates":[[[[-73.860854592344,40.877311820153],[-73.860854402241,40.877279641863],[-73.860844516123,40.877279674968],[-73.860843897623,40.877174996922],[-73.860843611885,40.877126729486],[-73.860853499167,40.877126696383],[-73.860853295798,40.877092354202],[-73.860910238402,40.8770921608],[-73.860985181927,40.87709190531],[-73.86098528201,40.877108723856],[-73.861147444554,40.877108171668],[-73.861171252802,40.87710809045],[-73.86117120625,40.877100271451],[-73.861171152672,40.877091271904],[-73.861199101374,40.877091176751],[-73.861303413692,40.877090821297],[-73.861303593453,40.877121236418],[-73.861316148901,40.877121193875],[-73.861316439293,40.877170238436],[-73.861316966703,40.877259221754],[-73.861317094543,40.87728097411],[-73.861304539063,40.877281017554],[-73.861304711723,40.877310287243],[-73.861214213297,40.877310595376],[-73.861214123582,40.877295602133],[-73.861047251829,40.877296171258],[-73.861031103984,40.877296225655],[-73.861014957324,40.877296280951],[-73.860946170893,40.877296515065],[-73.86094625936,40.877311508307],[-73.860854592344,40.877311820153]]]]},"properties":{"name":null,"construction_year":"1971","ground_elevation":"93","height_roof":"266.09","bin":"2093569","geom_source":"Photogrammetric"}},{"type":"Feature","geometry":{"type":"MultiPolygon","coordinates":[[[[-73.843915674088,40.852617863377],[-73.843915833937,40.852592702021],[-73.843916812267,40.852439092765],[-73.843898324955,40.852439024528],[-73.84389262305,40.852439003305],[-73.843892856233,40.852402305833],[-73.843935597967,40.852402462716],[-73.843962965438,40.852402562769],[-73.843963122637,40.852378017346],[-73.843963199825,40.852365840985],[-73.843976297117,40.852365888416],[-73.844019748007,40.852366048027],[-73.844020033474,40.852321184955],[-73.844020643379,40.85222545978],[-73.844063661318,40.852225617889],[-73.844063919619,40.852185247339],[-73.844106465539,40.852185402993],[-73.844107038028,40.852095468835],[-73.844147620014,40.852095618218],[-73.844147888629,40.852053354844],[-73.844186256489,40.85205349582],[-73.844195276546,40.852053529614],[-73.844194706108,40.852143145902],[-73.844194190067,40.852224221087],[-73.844200012917,40.852224242458],[-73.844199602326,40.852288654162],[-73.844199414324,40.852318286429],[-73.844193591465,40.852318265058],[-73.844193375372,40.852352294393],[-73.844192581746,40.852476941349],[-73.844192210587,40.852535146907],[-73.844221732931,40.852535256113],[-73.844221477916,40.852575276374],[-73.844150407934,40.852575014695],[-73.844150190342,40.852609167394],[-73.844039662278,40.852608761387],[-73.84398825131,40.852608573009],[-73.843988283541,40.852603426736],[-73.843961236188,40.852603327121],[-73.843961142399,40.852618030242],[-73.843915674088,40.852617863377]]]]},"properties":{"name":null,"construction_year":"1972","ground_elevation":"30","height_roof":"264","bin":"2102974","geom_source":"Other (Manual)"}},{"type":"Feature","geometry":{"type":"MultiPolygon","coordinates":[[[[-73.844194706108,40.852143145902],[-73.844195276546,40.852053529614],[-73.844195375652,40.852038052975],[-73.844195629215,40.851998152474],[-73.84418262331,40.851998105193],[-73.844182837399,40.851964427045],[-73.844238308431,40.851964630724],[-73.844306237471,40.851964879105],[-73.844388887235,40.851965182423],[-73.844417165306,40.851965286298],[-73.844417275583,40.851948053713],[-73.844469352522,40.8519482455],[-73.844469244054,40.851965216945],[-73.844469030369,40.851998784333],[-73.844516291358,40.851998957899],[-73.844515378336,40.852142472732],[-73.84452698133,40.852142515384],[-73.844526769459,40.852175826133],[-73.84436021708,40.852175215245],[-73.844290944184,40.85217496148],[-73.844290837093,40.852191832071],[-73.844260070873,40.852191719402],[-73.844241174488,40.852191649767],[-73.844241482158,40.852143318025],[-73.844194706108,40.852143145902]]]]},"properties":{"name":null,"construction_year":"1972","ground_elevation":"30","height_roof":"264","bin":"2127321","geom_source":"Other (Manual)"}},{"type":"Feature","geometry":{"type":"MultiPolygon","coordinates":[[[[-73.876946584405,40.880143310289],[-73.87702448801,40.879914617164],[-73.877103444404,40.87968283012],[-73.877128163418,40.879610264501],[-73.877173562821,40.879621790445],[-73.877608467569,40.879707136961],[-73.877601371232,40.879727966727],[-73.877601310395,40.879728145859],[-73.877600607796,40.879730209933],[-73.877599227651,40.879734262466],[-73.877675542473,40.879749230243],[-73.87766174227,40.879789742976],[-73.877679439607,40.879793216005],[-73.877680861499,40.879789040149],[-73.877717658017,40.879796260532],[-73.877697823148,40.879854490279],[-73.877694975584,40.879853931661],[-73.877690424816,40.87986729278],[-73.87771065901,40.879871263762],[-73.877666790302,40.880000047377],[-73.877659195331,40.880022342611],[-73.877638961095,40.880018371621],[-73.87763429818,40.880032059496],[-73.877638674497,40.880032918699],[-73.877627420981,40.880065957375],[-73.877623044661,40.880065099073],[-73.877593359424,40.880352379957],[-73.87758312323,40.880451447077],[-73.877476532197,40.880399848578],[-73.877337250035,40.880332425185],[-73.877211930588,40.880271760233],[-73.87709295544,40.880214166261],[-73.876946584405,40.880143310289]]]]},"properties":{"name":null,"construction_year":"1970","ground_elevation":"174","height_roof":"263.05","bin":"2018225","geom_source":"Photogrammetric"}},{"type":"Feature","geometry":{"type":"MultiPolygon","coordinates":[[[[-73.93018666777,40.80949082913],[-73.930045337029,40.80960129133],[-73.929783348306,40.809406482166],[-73.930008378799,40.809237272189],[-73.930068595156,40.80928277759],[-73.929988400411,40.809343334255],[-73.93018666777,40.80949082913]]]]},"properties":{"name":null,"construction_year":"2023","ground_elevation":"9","height_roof":"263","bin":"2129674","geom_source":"Other (Manual)"}},{"type":"Feature","geometry":{"type":"MultiPolygon","coordinates":[[[[-73.930403877844,40.809569834194],[-73.930505279377,40.809645907317],[-73.930310301168,40.809795820735],[-73.930045337029,40.80960129133],[-73.93018666777,40.80949082913],[-73.930346735877,40.80961099568],[-73.930403877844,40.809569834194]]]]},"properties":{"name":null,"construction_year":"2023","ground_elevation":"9","height_roof":"263","bin":"2129675","geom_source":"Other (Manual)"}},{"type":"Feature","geometry":{"type":"MultiPolygon","coordinates":[[[[-73.931048272676,40.820038683734],[-73.931927695637,40.819976236309],[-73.931999383714,40.820538424455],[-73.931907845731,40.82054276216],[-73.931926947664,40.820707464363],[-73.931658110222,40.820724141029],[-73.931650472155,40.820656795565],[-73.931468354227,40.820670594743],[-73.931458479098,40.820603717095],[-73.93128703794,40.820616263439],[-73.931279693578,40.820563323368],[-73.931115655121,40.820573531677],[-73.931048272676,40.820038683734]]]]},"properties":{"name":null,"construction_year":"2023","ground_elevation":"9","height_roof":"260","bin":"2129393","geom_source":"Other (Manual)"}},{"type":"Feature","geometry":{"type":"MultiPolygon","coordinates":[[[[-73.916971262775,40.824521950111],[-73.917207550141,40.824369503904],[-73.917219888582,40.824380540238],[-73.91722386483,40.82438409645],[-73.91728799345,40.824342722341],[-73.917284200739,40.824339330153],[-73.917272874709,40.824329200451],[-73.917451477956,40.824213969474],[-73.917470881128,40.824201450256],[-73.917684425867,40.824063675681],[-73.917696928925,40.824074857062],[-73.917697722281,40.824075567219],[-73.917774482765,40.824026042457],[-73.917773908469,40.824025528765],[-73.91776334262,40.824016078627],[-73.918051318566,40.82383027893],[-73.918062707387,40.823840465332],[-73.918092733017,40.823867319649],[-73.918126282606,40.823897325497],[-73.918162003897,40.823929274345],[-73.918048834281,40.824002290857],[-73.918098293746,40.824046527752],[-73.918002543297,40.824108305788],[-73.91791735492,40.824163268203],[-73.917909112268,40.824155896277],[-73.917897399241,40.824163453907],[-73.917892125178,40.824158736054],[-73.91788482272,40.824152204959],[-73.91782704174,40.824189483964],[-73.917826965828,40.82418951993],[-73.917795328575,40.824161225403],[-73.917620179602,40.824274228851],[-73.917645602586,40.824296967429],[-73.917545238723,40.82436171973],[-73.917442363098,40.824428093738],[-73.917410053223,40.824448939601],[-73.917417804447,40.82445587267],[-73.917418667667,40.824456645013],[-73.917415816794,40.824458484486],[-73.917355271016,40.824497546958],[-73.917344750147,40.824488137337],[-73.917105812286,40.82464229286],[-73.917091039275,40.824629080065],[-73.917057830811,40.824599377633],[-73.917047138272,40.824589813877],[-73.91701191804,40.824558312594],[-73.916982926264,40.824532381751],[-73.916971262775,40.824521950111]]]]},"properties":{"name":null,"construction_year":"2015","ground_elevation":"50","height_roof":"259","bin":"2100990","geom_source":"Other (Manual)"}},{"type":"Feature","geometry":{"type":"MultiPolygon","coordinates":[[[[-73.844762755993,40.852809336295],[-73.844768238692,40.852628385134],[-73.844736671604,40.852627832975],[-73.844737815134,40.852590112868],[-73.844755394692,40.852590420181],[-73.844766766144,40.852590618283],[-73.844808257887,40.852591343171],[-73.844809433457,40.852552580336],[-73.844958493189,40.852555184171],[-73.844977848008,40.852555522652],[-73.844998565408,40.852555884571],[-73.844998846757,40.852546602669],[-73.845018419776,40.852546945038],[-73.845044058594,40.852547392804],[-73.845042433389,40.852601048289],[-73.84503865376,40.852725789387],[-73.845050129594,40.852725989402],[-73.845068336524,40.852726307415],[-73.845067248361,40.852762230215],[-73.845027888735,40.852761542502],[-73.844995650367,40.852760979607],[-73.84499451982,40.852798279203],[-73.844906913477,40.852796749489],[-73.844860359046,40.852795935883],[-73.844813557951,40.852795118325],[-73.844809690768,40.852795050989],[-73.844809400382,40.852804636344],[-73.84480923335,40.852810148036],[-73.844806681318,40.85281010318],[-73.844762755993,40.852809336295]]]]},"properties":{"name":null,"construction_year":"1972","ground_elevation":"36","height_roof":"257.06","bin":"2102975","geom_source":"Photogrammetric"}},{"type":"Feature","geometry":{"type":"MultiPolygon","coordinates":[[[[-73.913540281197,40.841398576591],[-73.913972701577,40.841582624013],[-73.913870107669,40.841727709721],[-73.913762839723,40.841683898905],[-73.913759295662,40.841689303719],[-73.913667705845,40.841651749458],[-73.913665977661,40.841646702699],[-73.913561213418,40.841653728233],[-73.91352595876,40.841420449651],[-73.913540281197,40.841398576591]]]]},"properties":{"name":null,"construction_year":"2018","ground_elevation":"105","height_roof":"250","bin":"2129011","geom_source":"Other (Manual)"}},{"type":"Feature","geometry":{"type":"MultiPolygon","coordinates":[[[[-73.931142356066,40.809673540443],[-73.931404070165,40.809879800681],[-73.930929591604,40.810216889946],[-73.930761799933,40.810091822672],[-73.930793810672,40.810067540147],[-73.930705400592,40.810000035228],[-73.931142356066,40.809673540443]]]]},"properties":{"name":null,"construction_year":null,"ground_elevation":"10","height_roof":"250","bin":"2129362","geom_source":"Other (Manual)"}},{"type":"Feature","geometry":{"type":"MultiPolygon","coordinates":[[[[-73.930077257386,40.807281523221],[-73.930289024592,40.806987619759],[-73.930478821264,40.80706722138],[-73.930463843074,40.807088248895],[-73.930564343707,40.807129151582],[-73.930833713312,40.807311905799],[-73.930863999686,40.807335381953],[-73.930923011303,40.807395266261],[-73.931010826904,40.807348294809],[-73.931375927423,40.807729902653],[-73.931317563957,40.807761331316],[-73.931347054167,40.807795274262],[-73.931200788731,40.807869604266],[-73.931093665841,40.807761727208],[-73.930900585712,40.807861644422],[-73.930930932467,40.807894579428],[-73.930708576293,40.808012861553],[-73.930482326022,40.807920200032],[-73.930472644854,40.80793021314],[-73.930148401444,40.807797762731],[-73.930159141242,40.807782967743],[-73.929812163055,40.807630820413],[-73.92997340471,40.807425917268],[-73.929983301959,40.807412156457],[-73.930115232412,40.807464306934],[-73.930088187554,40.807501772889],[-73.930265262553,40.807578486443],[-73.930258410771,40.807588057299],[-73.930288644171,40.807600934704],[-73.930255487094,40.807651358777],[-73.930466380181,40.807733991639],[-73.930665094864,40.807625956042],[-73.930598220726,40.807552815134],[-73.930624678464,40.807538296111],[-73.930578593724,40.807490389764],[-73.930639393815,40.807454517178],[-73.93043813014,40.807309904619],[-73.930399255228,40.807362462168],[-73.93032558659,40.807330783156],[-73.930313034769,40.807346781031],[-73.93023493074,40.807316911983],[-73.930218343635,40.807339609817],[-73.930077257386,40.807281523221]]]]},"properties":{"name":null,"construction_year":"2022","ground_elevation":"8","height_roof":"250","bin":"2130763","geom_source":"Other (Manual)"}},{"type":"Feature","geometry":{"type":"MultiPolygon","coordinates":[[[[-73.914036534036,40.817599497517],[-73.913952139017,40.817675486961],[-73.913945987477,40.817671651655],[-73.913917173717,40.817694611736],[-73.913940334981,40.81770995909],[-73.913938396491,40.817712184573],[-73.913976708708,40.817738304167],[-73.913765615645,40.817918398112],[-73.913726227097,40.817891398757],[-73.913714485284,40.817902443574],[-73.913657155036,40.817865118274],[-73.913641368752,40.817893653114],[-73.913646803047,40.817894850342],[-73.913600070371,40.81797466422],[-73.913546473536,40.81794671764],[-73.913477578448,40.817925639355],[-73.913551981721,40.817797959635],[-73.913554991643,40.817798552617],[-73.913579923792,40.817761813011],[-73.91355597111,40.817754443397],[-73.913754537008,40.817409477428],[-73.913868209246,40.817477938052],[-73.913850165301,40.817511838198],[-73.913916353754,40.817552365882],[-73.913936541034,40.817531048172],[-73.914036534036,40.817599497517]]]]},"properties":{"name":null,"construction_year":"2026","ground_elevation":"18","height_roof":"248","bin":"2127324","geom_source":"Other (Manual)"}},{"type":"Feature","geometry":{"type":"MultiPolygon","coordinates":[[[[-73.83670557541,40.855341884642],[-73.835923507416,40.855636212264],[-73.835559528148,40.855078641226],[-73.836291378039,40.85480321458],[-73.836457841589,40.855058212648],[-73.836635946732,40.854991182874],[-73.836825248597,40.855165744719],[-73.836858957149,40.855154360636],[-73.836982333026,40.855341769053],[-73.836781736823,40.855466580064],[-73.83670557541,40.855341884642]]]]},"properties":{"name":null,"construction_year":"2012","ground_elevation":"13","height_roof":"245","bin":"2125035","geom_source":"Other (Manual)"}},{"type":"Feature","geometry":{"type":"MultiPolygon","coordinates":[[[[-73.82144941618,40.865258111036],[-73.821394581805,40.865332965959],[-73.821297936285,40.865292162744],[-73.821212193147,40.865409209952],[-73.821066760466,40.865347808744],[-73.821132604064,40.865257926534],[-73.821110194487,40.865248465451],[-73.821119260382,40.865236089646],[-73.821025689761,40.865196584074],[-73.821089828427,40.865109028813],[-73.821180428639,40.865147279849],[-73.821187944434,40.865137022293],[-73.821212688066,40.865147468513],[-73.821306951436,40.865018790241],[-73.821455313662,40.865081428457],[-73.82136111121,40.865210023197],[-73.821382290972,40.865218964546],[-73.821376244298,40.865227218994],[-73.82144941618,40.865258111036]]]]},"properties":{"name":"28","construction_year":"1969","ground_elevation":"18","height_roof":"243.27","bin":"2093858","geom_source":"Photogrammetric"}},{"type":"Feature","geometry":{"type":"MultiPolygon","coordinates":[[[[-73.821394581805,40.865332965959],[-73.82144941618,40.865258111036],[-73.821537967064,40.865295496848],[-73.821593484605,40.865219709103],[-73.821601213168,40.865222971826],[-73.821752721824,40.865286937343],[-73.821697165123,40.865362778231],[-73.821786882153,40.86540065552],[-73.821732908788,40.865474334989],[-73.821637153842,40.86543390804],[-73.82154955866,40.865553483914],[-73.821404454732,40.865492222318],[-73.821491227445,40.865373768192],[-73.821394581805,40.865332965959]]]]},"properties":{"name":"28","construction_year":"1969","ground_elevation":"18","height_roof":"243.27","bin":"2128828","geom_source":"Photogrammetric"}},{"type":"Feature","geometry":{"type":"MultiPolygon","coordinates":[[[[-73.821732908788,40.865474334989],[-73.821786882153,40.86540065552],[-73.821856760607,40.86543015726],[-73.821862838193,40.865421860511],[-73.82188682138,40.865431985738],[-73.821982213644,40.865301764322],[-73.822132015516,40.865365008113],[-73.822038728281,40.865492356729],[-73.822064051558,40.865503047693],[-73.82205593107,40.865514132824],[-73.82214450278,40.865551526305],[-73.822076714959,40.865644064337],[-73.821986983219,40.86560618095],[-73.821980167517,40.865615483315],[-73.821957151067,40.865605766622],[-73.821892882109,40.865693500453],[-73.821830939332,40.865667349111],[-73.82174382735,40.865630571781],[-73.821763618593,40.865603554298],[-73.821828663853,40.865514760958],[-73.821732908788,40.865474334989]]]]},"properties":{"name":"28","construction_year":"1969","ground_elevation":"18","height_roof":"243.27","bin":"2128829","geom_source":"Photogrammetric"}},{"type":"Feature","geometry":{"type":"MultiPolygon","coordinates":[[[[-73.924249741779,40.818590697722],[-73.924306887376,40.818462648558],[-73.924425534393,40.818493208205],[-73.924593139258,40.818117641385],[-73.924566150344,40.818110689905],[-73.924318474952,40.818046896688],[-73.924359700941,40.817954517432],[-73.924684380145,40.818038143904],[-73.9248044995,40.818069082334],[-73.924758255746,40.81817270478],[-73.924695144639,40.81831412716],[-73.924636398035,40.818445766655],[-73.924587434827,40.818555483614],[-73.924541599829,40.818543677829],[-73.924514232229,40.818605005372],[-73.924492691056,40.818653273215],[-73.92445540801,40.818643670208],[-73.924380813511,40.818624457837],[-73.924249741779,40.818590697722]]]]},"properties":{"name":null,"construction_year":"1974","ground_elevation":"26","height_roof":"241","bin":"2000968","geom_source":"Other (Manual)"}},{"type":"Feature","geometry":{"type":"MultiPolygon","coordinates":[[[[-73.90188971707,40.903262365781],[-73.901964653062,40.903164780982],[-73.901952380889,40.903159355052],[-73.902013297,40.903080026426],[-73.902197422386,40.903161419684],[-73.902222273651,40.903129057537],[-73.902300615503,40.903163688024],[-73.902349026536,40.903100645593],[-73.902317030117,40.903086501643],[-73.902350159868,40.903043355977],[-73.90231884882,40.903029651142],[-73.902298844579,40.903020895022],[-73.902285120577,40.903014887986],[-73.902277602087,40.903011597559],[-73.902271110734,40.903008756441],[-73.90226494318,40.903006056073],[-73.902258671249,40.903003311492],[-73.902251124298,40.903000007531],[-73.902251967391,40.902998899749],[-73.902258569451,40.90299021567],[-73.902265339177,40.902981311115],[-73.902277558682,40.90296524152],[-73.902294585836,40.902942847393],[-73.902307206067,40.90292624955],[-73.9023156905,40.902915091631],[-73.902350693669,40.902869055194],[-73.902467752252,40.902715101178],[-73.902533071803,40.902629192555],[-73.902706634638,40.902705162382],[-73.90275826057,40.902727759392],[-73.902822637956,40.902755937505],[-73.903071424483,40.902864832326],[-73.902835669243,40.903174899429],[-73.902830949621,40.903181106993],[-73.902825776941,40.903187911197],[-73.902818025058,40.903198105352],[-73.902793272283,40.903230660412],[-73.902789480168,40.9032356486],[-73.902785245875,40.903233795441],[-73.902773651977,40.903228721359],[-73.902762625027,40.903223894484],[-73.902751091623,40.903218846564],[-73.902735132974,40.903211860676],[-73.902707085847,40.903199584163],[-73.902672815394,40.903184584737],[-73.902621023087,40.903161914612],[-73.902566157699,40.903137900149],[-73.902508432731,40.903112633374],[-73.902432124445,40.903079232106],[-73.902420688349,40.903074226557],[-73.902383921313,40.903117956284],[-73.902376011942,40.903114127944],[-73.902324851632,40.903184027945],[-73.902364358279,40.903200672583],[-73.902346939738,40.903224470243],[-73.902313503651,40.903212733868],[-73.902256372728,40.903287133005],[-73.902268321156,40.903292414551],[-73.902044976049,40.903583263397],[-73.901808011627,40.903478511456],[-73.901952635336,40.90329017844],[-73.90188971707,40.903262365781]]]]},"properties":{"name":null,"construction_year":"1975","ground_elevation":"159","height_roof":"241","bin":"2084746","geom_source":"Other (Manual)"}},{"type":"Feature","geometry":{"type":"MultiPolygon","coordinates":[[[[-73.888093593023,40.87496583139],[-73.888010965737,40.874945691955],[-73.887770752989,40.874837256793],[-73.887809002086,40.874751791688],[-73.887811575441,40.874746041868],[-73.887817644906,40.874745915396],[-73.887862333059,40.8747449872],[-73.887904793211,40.874744104549],[-73.887940062798,40.874742655697],[-73.88794832258,40.874742317029],[-73.88799180311,40.874739943226],[-73.888016358162,40.874738269635],[-73.888017953956,40.874738160423],[-73.888035222934,40.874736983131],[-73.888066572393,40.874734419234],[-73.888078565441,40.874733438527],[-73.888121818766,40.874729309403],[-73.88814421718,40.874726863776],[-73.888164969855,40.874724597547],[-73.888202274511,40.874720008782],[-73.888093593023,40.87496583139]]]]},"properties":{"name":null,"construction_year":"2017","ground_elevation":"124","height_roof":"237","bin":"2129282","geom_source":"Other (Manual)"}},{"type":"Feature","geometry":{"type":"MultiPolygon","coordinates":[[[[-73.869890741654,40.870345494383],[-73.86988882053,40.870284561488],[-73.870035773443,40.870281892343],[-73.87003267828,40.870183692265],[-73.870026710145,40.86999440262],[-73.870008473381,40.86999473417],[-73.869911065123,40.869996502822],[-73.869899274632,40.869996717354],[-73.869899264599,40.869996388664],[-73.869896181831,40.869898632532],[-73.869908837104,40.869898402767],[-73.869932435844,40.86989797372],[-73.870008095822,40.869896599281],[-73.870213617059,40.869892865757],[-73.870258127598,40.869892056742],[-73.870285089447,40.869891566569],[-73.870310509125,40.869891105274],[-73.870336663115,40.86989062949],[-73.870345734622,40.869890464987],[-73.87034880118,40.869987748331],[-73.87033398092,40.869988018035],[-73.870282522247,40.869988952542],[-73.870231109838,40.869989886177],[-73.870230853599,40.869989891291],[-73.87023086256,40.869990162349],[-73.87023302751,40.870058823517],[-73.870240614888,40.870299473494],[-73.870241510537,40.870299457392],[-73.87029156014,40.870298547434],[-73.870309536001,40.87029822095],[-73.87032128621,40.870298007231],[-73.870349565005,40.87029749331],[-73.870350965978,40.870341901628],[-73.870352656242,40.870395515976],[-73.87029129883,40.870396631169],[-73.870278141661,40.870396870318],[-73.870266869512,40.870397074664],[-73.870255231982,40.870397286702],[-73.870223674232,40.870397859948],[-73.870168302848,40.870398865644],[-73.870133478047,40.870399498223],[-73.870133812013,40.870410109068],[-73.870019358496,40.870412188208],[-73.870020970317,40.87046331622],[-73.86989452802,40.870465613158],[-73.86989359203,40.870435923862],[-73.869890741654,40.870345494383]]]]},"properties":{"name":null,"construction_year":"1961","ground_elevation":"108","height_roof":"236.87014363","bin":"2054716","geom_source":"Photogrammetric"}},{"type":"Feature","geometry":{"type":"MultiPolygon","coordinates":[[[[-73.904756997374,40.816905814868],[-73.904803232398,40.816960383571],[-73.904765615557,40.816978780287],[-73.904713760412,40.817004138677],[-73.904710708503,40.817005630981],[-73.904701256244,40.817010253527],[-73.904657442293,40.816958543163],[-73.904627538808,40.816973167725],[-73.904607793152,40.816949863627],[-73.904577470958,40.816964692242],[-73.904544363571,40.81692561747],[-73.904572688316,40.81691176515],[-73.90451174165,40.816839833388],[-73.904484275107,40.816807416143],[-73.904419122306,40.816839278484],[-73.904257008589,40.816647942264],[-73.904386221489,40.816584752617],[-73.904460682104,40.816672635353],[-73.904469892216,40.816668233248],[-73.904503444348,40.816707833402],[-73.904514244225,40.816720580783],[-73.904574912129,40.81669091189],[-73.904747481296,40.816894584108],[-73.904756997374,40.816905814868]]]]},"properties":{"name":null,"construction_year":"1964","ground_elevation":"46","height_roof":"233.9724702","bin":"2091988","geom_source":"Photogrammetric"}},{"type":"Feature","geometry":{"type":"MultiPolygon","coordinates":[[[[-73.917090100933,40.87806104459],[-73.917054553313,40.878081908563],[-73.916899714599,40.878172901325],[-73.916605985913,40.878345295846],[-73.916601818505,40.878341205521],[-73.916579619013,40.878354234843],[-73.916445221555,40.878433113996],[-73.916420964835,40.878409303747],[-73.916293634819,40.878284317423],[-73.916285501487,40.878276334103],[-73.916282218059,40.878273110677],[-73.916279350538,40.878270296373],[-73.916279774354,40.878269135952],[-73.916281606522,40.878264121565],[-73.916283380356,40.878259266521],[-73.916285135143,40.878254462791],[-73.91628584587,40.878252515552],[-73.916290813394,40.878249600674],[-73.916299913795,40.878244259278],[-73.916310783221,40.87823788],[-73.916335937832,40.878223115831],[-73.916391583774,40.878190456745],[-73.916488065581,40.87813383099],[-73.916579326838,40.878080268442],[-73.916924406728,40.87787773471],[-73.917031971808,40.877814602346],[-73.917103687683,40.87777251105],[-73.917116604961,40.877764929216],[-73.917127898079,40.87775830073],[-73.917175587492,40.877730310883],[-73.917255835929,40.877683210798],[-73.91728912988,40.877663668864],[-73.917291636155,40.877662198363],[-73.917308074761,40.877652549709],[-73.917310149579,40.877654585397],[-73.917312974457,40.877657359123],[-73.917367566718,40.877710945731],[-73.917377658807,40.877720852018],[-73.917380330837,40.87772347345],[-73.917430072076,40.877772298378],[-73.917433951558,40.877776106614],[-73.917435630614,40.877777754808],[-73.917437089271,40.877779186726],[-73.917486946717,40.877828125173],[-73.917475648874,40.877834756392],[-73.91733585629,40.877916804248],[-73.917209029348,40.87799124311],[-73.917090100933,40.87806104459]]]]},"properties":{"name":null,"construction_year":"1966","ground_elevation":"128","height_roof":"233.91","bin":"2083246","geom_source":"Photogrammetric"}},{"type":"Feature","geometry":{"type":"MultiPolygon","coordinates":[[[[-73.8596380714,40.820322526272],[-73.859621138541,40.820252295666],[-73.859789692334,40.82022884107],[-73.859774591294,40.820166210211],[-73.859768666336,40.820167035066],[-73.859755130534,40.820110898695],[-73.859910650697,40.820089256979],[-73.859931936402,40.820086294986],[-73.859960942522,40.820206594368],[-73.859953118068,40.820207682571],[-73.859953960621,40.820211173923],[-73.859964411963,40.820254520359],[-73.859977646789,40.820252678705],[-73.860027802056,40.820245699508],[-73.86004381288,40.820312105422],[-73.860037628244,40.820312965995],[-73.860014946898,40.820316121721],[-73.859874713541,40.820335636269],[-73.859880207121,40.820358418329],[-73.85988681269,40.820357498843],[-73.859916985725,40.82048263622],[-73.859899917456,40.820485011707],[-73.859755453101,40.820505114397],[-73.859736447373,40.820507758554],[-73.859706441531,40.820383312015],[-73.859719427391,40.820381505207],[-73.859703027918,40.820313487785],[-73.8596380714,40.820322526272]]]]},"properties":{"name":null,"construction_year":"1977","ground_elevation":"16","height_roof":"233.65963375","bin":"2092708","geom_source":"Photogrammetric"}},{"type":"Feature","geometry":{"type":"MultiPolygon","coordinates":[[[[-73.858961723526,40.821496693498],[-73.858959555217,40.82148786327],[-73.85903903264,40.821476598878],[-73.859126117707,40.821464255925],[-73.859120390725,40.821440936852],[-73.859113978278,40.821441845724],[-73.859083817982,40.821319036857],[-73.859265854977,40.821293235698],[-73.859296402261,40.821417617258],[-73.859286260688,40.821419054683],[-73.859302824801,40.821486499636],[-73.859370794619,40.821476866183],[-73.859389884487,40.82155459338],[-73.859220408512,40.821578613579],[-73.859233252907,40.821630911235],[-73.859239935719,40.821629963965],[-73.859254707557,40.821690114508],[-73.859069981404,40.821716295974],[-73.859039797563,40.821593389819],[-73.859047976773,40.821592230972],[-73.859036359487,40.821544928052],[-73.858975680643,40.82155352745],[-73.858961723526,40.821496693498]]]]},"properties":{"name":null,"construction_year":"1977","ground_elevation":"17","height_roof":"233.65498576","bin":"2092711","geom_source":"Photogrammetric"}},{"type":"Feature","geometry":{"type":"MultiPolygon","coordinates":[[[[-73.881065117641,40.880781463262],[-73.880991970952,40.880767201578],[-73.880906661259,40.880805763416],[-73.880883569943,40.880816200553],[-73.880857446148,40.88078290687],[-73.880881398321,40.880772079815],[-73.880811686045,40.880683235963],[-73.880800872324,40.880685536347],[-73.880789879269,40.880687276442],[-73.880778756726,40.880688447293],[-73.880767554534,40.880689044451],[-73.880756324903,40.880689064367],[-73.880745118848,40.880688507993],[-73.880737432159,40.880687726532],[-73.880725282612,40.880686002149],[-73.880722985074,40.8806856765],[-73.880716001971,40.880684216796],[-73.880714814796,40.880683968836],[-73.880712159366,40.880683414092],[-73.880705548147,40.880681659412],[-73.880703868957,40.880681213736],[-73.880701558884,40.880680600818],[-73.880695411991,40.880678606187],[-73.88069319821,40.88067788711],[-73.880691234619,40.880677250236],[-73.880685471371,40.880675018273],[-73.880682902155,40.880674023279],[-73.880681231632,40.880673375903],[-73.880679378748,40.880672533832],[-73.880675945637,40.880670973339],[-73.880672984343,40.88066962675],[-73.880671598533,40.880668996777],[-73.880666838323,40.880666485798],[-73.880663498117,40.880664723691],[-73.880662377998,40.880664132714],[-73.88065813875,40.880661556537],[-73.880654508664,40.880659351091],[-73.880653611512,40.880658806269],[-73.880649854034,40.880656187367],[-73.880646043232,40.88065353149],[-73.880645340557,40.880653041798],[-73.880642068318,40.880650429701],[-73.880638137366,40.880647291938],[-73.88063760305,40.880646865455],[-73.880634817137,40.880644315995],[-73.880630828969,40.880640666695],[-73.88063043335,40.880640305191],[-73.880628104038,40.880637853455],[-73.880624140539,40.880633680997],[-73.880623865806,40.880633391657],[-73.88062200599,40.880631125006],[-73.880618114704,40.880626380814],[-73.880617930024,40.880626156401],[-73.880616472072,40.880624077468],[-73.880612659166,40.880618630976],[-73.880611538993,40.880616749599],[-73.880608062653,40.880610855012],[-73.88060724937,40.880609193671],[-73.880604170088,40.880602860056],[-73.88060365518,40.880601536707],[-73.880601000389,40.88059468305],[-73.880600670211,40.880593556198],[-73.880598567725,40.880586360927],[-73.8805969062,40.880578062113],[-73.880596883888,40.880577934221],[-73.880595954745,40.880569438959],[-73.880523104118,40.880575473377],[-73.880533905773,40.880543567669],[-73.880564222707,40.880549479232],[-73.880599790809,40.880444391288],[-73.88063721711,40.880333813178],[-73.880725039251,40.880074336551],[-73.880737532056,40.880037424056],[-73.880916091483,40.880072238491],[-73.880924296291,40.880073838119],[-73.880932157598,40.880050611841],[-73.88104246826,40.880072119381],[-73.881246204568,40.880111841698],[-73.881269213171,40.880116328188],[-73.881399715896,40.880141772378],[-73.881553219062,40.880171700143],[-73.881619934653,40.880184707702],[-73.88161824937,40.880189686571],[-73.881557384556,40.880369523581],[-73.881495725061,40.88055171091],[-73.881343123613,40.881002596722],[-73.8813330701,40.881032300679],[-73.881192515266,40.881004897417],[-73.881200324111,40.880981825055],[-73.881175029741,40.880976893159],[-73.881054964852,40.880953484675],[-73.881110210195,40.880790254357],[-73.881065117641,40.880781463262]]]]},"properties":{"name":null,"construction_year":"1972","ground_elevation":"171","height_roof":"233.58234332","bin":"2017787","geom_source":"Photogrammetric"}},{"type":"Feature","geometry":{"type":"MultiPolygon","coordinates":[[[[-73.927608489423,40.836650290831],[-73.927644537489,40.83658630542],[-73.927655574635,40.836566713086],[-73.92769857679,40.836490384442],[-73.9277105595,40.836469114174],[-73.927722682377,40.836447597257],[-73.927734484507,40.836426646549],[-73.927770654687,40.836362444153],[-73.927904492539,40.836124876641],[-73.92802426333,40.835912278098],[-73.928048402666,40.835920122957],[-73.928060326952,40.835898957072],[-73.92807475224,40.835903645037],[-73.928231834045,40.835954691955],[-73.928224472564,40.835967760751],[-73.928219909802,40.835975858759],[-73.928242199054,40.835983101796],[-73.928178052992,40.836096964496],[-73.928138181802,40.836167737424],[-73.928111520183,40.836215062496],[-73.928084826451,40.836262446074],[-73.928058162378,40.836309777434],[-73.928031425807,40.836357234813],[-73.928020045496,40.836377436604],[-73.928016942638,40.836382943891],[-73.928014415925,40.836387427676],[-73.927973226973,40.836460541006],[-73.927949917453,40.836501916766],[-73.927876413044,40.83663238756],[-73.927834473014,40.8367068331],[-73.927825182166,40.83672332434],[-73.927801424209,40.836715603942],[-73.927789890525,40.836736075761],[-73.927618156596,40.836680266247],[-73.927630935286,40.836657584512],[-73.927608489423,40.836650290831]]]]},"properties":{"name":null,"construction_year":null,"ground_elevation":"91","height_roof":"233.42","bin":"2088158","geom_source":"Photogrammetric"}},{"type":"Feature","geometry":{"type":"MultiPolygon","coordinates":[[[[-73.858367388364,40.821341506314],[-73.8583340618,40.821203281345],[-73.858342304959,40.821202134333],[-73.858411630721,40.821192488702],[-73.858412435606,40.821195823332],[-73.858494561245,40.821184395975],[-73.858464795941,40.821060940867],[-73.858548250597,40.8210493287],[-73.858559562447,40.821096244084],[-73.858657750912,40.821082581467],[-73.858656495994,40.821077375053],[-73.858817115001,40.821055026068],[-73.85885038609,40.821193018503],[-73.858700567523,40.821213864333],[-73.858690115363,40.821215319335],[-73.858688315227,40.821207852006],[-73.858652143525,40.821212885577],[-73.858682703562,40.821339635626],[-73.858596522581,40.821351626358],[-73.858585457421,40.821305731546],[-73.858524570381,40.82131420348],[-73.858525838225,40.821319460339],[-73.858464581219,40.821327983116],[-73.858367388364,40.821341506314]]]]},"properties":{"name":null,"construction_year":"1977","ground_elevation":"17","height_roof":"232.1518011","bin":"2092718","geom_source":"Photogrammetric"}},{"type":"Feature","geometry":{"type":"MultiPolygon","coordinates":[[[[-73.820903561504,40.866288061909],[-73.820851680378,40.866358535754],[-73.820777324332,40.866326989546],[-73.820771382361,40.866335060424],[-73.82075040742,40.866326161606],[-73.820654692739,40.866456178875],[-73.820545389107,40.866409804737],[-73.82051355171,40.866396297379],[-73.820595864664,40.866284485331],[-73.820609266581,40.866266280227],[-73.820587407807,40.866257006302],[-73.820593349793,40.866248935433],[-73.820567495809,40.866237966872],[-73.820498012015,40.866208486582],[-73.820521363297,40.866176766183],[-73.820556610426,40.866128886956],[-73.820651948126,40.86616933576],[-73.820659415177,40.866159192526],[-73.820681275115,40.866168466439],[-73.820748842753,40.8660766826],[-73.82089195486,40.866137399826],[-73.820810202135,40.866248452943],[-73.820903561504,40.866288061909]]]]},"properties":{"name":"29","construction_year":"1969","ground_elevation":"15","height_roof":"229.6925","bin":"2093852","geom_source":"Photogrammetric"}},{"type":"Feature","geometry":{"type":"MultiPolygon","coordinates":[[[[-73.820851680378,40.866358535754],[-73.820903561504,40.866288061909],[-73.820996920986,40.866327669898],[-73.821078673494,40.866216617552],[-73.821235301523,40.866283068022],[-73.821153549192,40.866394121379],[-73.821246617502,40.866433606247],[-73.821194737813,40.866504080247],[-73.821101669435,40.866464595337],[-73.821045442927,40.866540973354],[-73.820888814483,40.866474521728],[-73.820945039926,40.866398144686],[-73.820851680378,40.866358535754]]]]},"properties":{"name":"29","construction_year":"1969","ground_elevation":"15","height_roof":"229.6925","bin":"2128830","geom_source":"Photogrammetric"}},{"type":"Feature","geometry":{"type":"MultiPolygon","coordinates":[[[[-73.821194737813,40.866504080247],[-73.821246617502,40.866433606247],[-73.821339687109,40.866473091042],[-73.821421439224,40.866362038455],[-73.821560223182,40.866420918351],[-73.821563990949,40.866422516246],[-73.821563314732,40.866423435502],[-73.821496424085,40.866514300556],[-73.821520191837,40.866524384101],[-73.821512724876,40.866534527389],[-73.821606008053,40.866574102347],[-73.821546605713,40.866654795352],[-73.82145332246,40.866615219446],[-73.821448185338,40.866622198407],[-73.821431793155,40.866615243762],[-73.82133607939,40.866745261589],[-73.821186150404,40.866681654589],[-73.821281864371,40.866551636885],[-73.821263366778,40.86654378837],[-73.821269308708,40.866535717467],[-73.821194737813,40.866504080247]]]]},"properties":{"name":"29","construction_year":"1969","ground_elevation":"15","height_roof":"229.6925","bin":"2128831","geom_source":"Photogrammetric"}},{"type":"Feature","geometry":{"type":"MultiPolygon","coordinates":[[[[-73.82663689089,40.871182922696],[-73.826590249186,40.871261209675],[-73.826492281328,40.871227574085],[-73.826418671233,40.871351144817],[-73.826261985902,40.871297357773],[-73.826320644015,40.871198968458],[-73.826295859086,40.871190447635],[-73.826302319313,40.871179615456],[-73.826206447148,40.871146702269],[-73.826260780174,40.871055547311],[-73.826356720972,40.871088485771],[-73.826364468121,40.871075441219],[-73.826390870849,40.871084504757],[-73.826469129808,40.870953149085],[-73.826621580889,40.871005508517],[-73.826543206749,40.871136999191],[-73.826567406272,40.871145291257],[-73.826560579149,40.871156726228],[-73.82663689089,40.871182922696]]]]},"properties":{"name":"20","construction_year":"1969","ground_elevation":"17","height_roof":"228.2","bin":"2095396","geom_source":"Photogrammetric"}},{"type":"Feature","geometry":{"type":"MultiPolygon","coordinates":[[[[-73.826590249186,40.871261209675],[-73.82663689089,40.871182922696],[-73.826729070225,40.871214565692],[-73.82677693177,40.871134242678],[-73.826940582578,40.871190425769],[-73.826894606153,40.871267564843],[-73.826988786345,40.871299900407],[-73.826941248926,40.871379714315],[-73.826842371665,40.87134576519],[-73.826768536827,40.871469741925],[-73.826615336639,40.871417149242],[-73.826688217146,40.87129484428],[-73.826590249186,40.871261209675]]]]},"properties":{"name":"20","construction_year":"1969","ground_elevation":"17","height_roof":"228.2","bin":"2128841","geom_source":"Photogrammetric"}},{"type":"Feature","geometry":{"type":"MultiPolygon","coordinates":[[[[-73.826941248926,40.871379714315],[-73.826988786345,40.871299900407],[-73.827036615452,40.871316322306],[-73.827061540405,40.8713248801],[-73.82706728563,40.871315251664],[-73.82709353801,40.87132426979],[-73.827145222575,40.871237540863],[-73.827173044417,40.871190856096],[-73.827264260402,40.871222183851],[-73.827327334857,40.871243845889],[-73.827247363994,40.871378051423],[-73.827269573727,40.871385657791],[-73.827263916689,40.87139514049],[-73.827362321375,40.871428912951],[-73.827307659318,40.871520699171],[-73.827210304615,40.871487290234],[-73.827203836205,40.871498121549],[-73.827182028305,40.871490623829],[-73.827122095001,40.871591209761],[-73.82696625369,40.871537676178],[-73.827040125102,40.871413663353],[-73.826988882518,40.871396069304],[-73.826941248926,40.871379714315]]]]},"properties":{"name":"20","construction_year":"1969","ground_elevation":"17","height_roof":"228.2","bin":"2128842","geom_source":"Photogrammetric"}},{"type":"Feature","geometry":{"type":"MultiPolygon","coordinates":[[[[-73.826151554748,40.872322931684],[-73.826106673796,40.872399218416],[-73.82603065156,40.872373455177],[-73.826024051221,40.872384729267],[-73.825999337823,40.872376372379],[-73.825928666979,40.872496530749],[-73.82592033536,40.872510697297],[-73.825775798165,40.872461697828],[-73.825770763285,40.872459991002],[-73.825765791222,40.872458305882],[-73.825767815745,40.872454863664],[-73.825843591619,40.872326025168],[-73.825819263495,40.872317787687],[-73.825817682393,40.872317252211],[-73.825824808129,40.872305131564],[-73.825732217726,40.872273761882],[-73.825778033281,40.872195868429],[-73.82578723475,40.872180223698],[-73.825809460199,40.87218775653],[-73.825880440147,40.872211815785],[-73.825886945023,40.872200758576],[-73.825912951344,40.872209586594],[-73.825969980525,40.872112672719],[-73.826126300705,40.872165658163],[-73.826071703639,40.872258471346],[-73.826053363978,40.872289647486],[-73.826151554748,40.872322931684]]]]},"properties":{"name":"21","construction_year":"1969","ground_elevation":"17","height_roof":"227.88","bin":"2095398","geom_source":"Photogrammetric"}},{"type":"Feature","geometry":{"type":"MultiPolygon","coordinates":[[[[-73.826106673796,40.872399218416],[-73.826151554748,40.872322931684],[-73.826178824645,40.87233217577],[-73.826249745614,40.872356216698],[-73.826323001304,40.872231717156],[-73.82647653677,40.872283746114],[-73.826403287195,40.872408263772],[-73.826416598607,40.87241277634],[-73.826502859116,40.872442017101],[-73.826457996348,40.872518277881],[-73.82636257976,40.872485942734],[-73.826315511026,40.872566013714],[-73.826152289236,40.87251071198],[-73.826199392532,40.872430640217],[-73.826106673796,40.872399218416]]]]},"properties":{"name":"21","construction_year":"1969","ground_elevation":"17","height_roof":"227.88","bin":"2128843","geom_source":"Photogrammetric"}},{"type":"Feature","geometry":{"type":"MultiPolygon","coordinates":[[[[-73.826457996348,40.872518277881],[-73.826502859116,40.872442017101],[-73.826580610862,40.872468372449],[-73.826602432326,40.872475769446],[-73.826675228781,40.872352031709],[-73.826829996227,40.872404492479],[-73.826772575978,40.872502090558],[-73.826796600871,40.872510222925],[-73.826790341544,40.872520876233],[-73.826886586835,40.87255350763],[-73.826832071503,40.87264619702],[-73.82673644947,40.872613805144],[-73.826730452212,40.872624034711],[-73.826704116042,40.872615126239],[-73.826626320624,40.872747389522],[-73.826537645312,40.872717333884],[-73.826473221353,40.8726954983],[-73.826551602114,40.872562226549],[-73.826523892358,40.872552828806],[-73.826529885975,40.872542640667],[-73.826457996348,40.872518277881]]]]},"properties":{"name":"21","construction_year":"1969","ground_elevation":"17","height_roof":"227.88","bin":"2128844","geom_source":"Photogrammetric"}},{"type":"Feature","geometry":{"type":"MultiPolygon","coordinates":[[[[-73.826549030154,40.87646242547],[-73.826505961059,40.876535888391],[-73.826398750455,40.876499675177],[-73.826323234358,40.876628481018],[-73.826174359871,40.876578195976],[-73.826231891497,40.876480065339],[-73.8262065412,40.876471502233],[-73.826213635225,40.876459402234],[-73.826120469661,40.876427933877],[-73.826174115197,40.876336431316],[-73.826270867411,40.876369111686],[-73.826277675414,40.876357499317],[-73.826300316053,40.876365147034],[-73.826379219798,40.876230560653],[-73.826532941585,40.876282483507],[-73.826454434916,40.87641639252],[-73.826480055474,40.876425046927],[-73.826473164086,40.876436800558],[-73.826549030154,40.87646242547]]]]},"properties":{"name":"10","construction_year":"1969","ground_elevation":"16","height_roof":"227.8","bin":"2096811","geom_source":"Photogrammetric"}},{"type":"Feature","geometry":{"type":"MultiPolygon","coordinates":[[[[-73.826505961059,40.876535888391],[-73.826549030154,40.87646242547],[-73.826642566973,40.876494019206],[-73.82668850421,40.87641566278],[-73.826852346904,40.876471003353],[-73.826806229884,40.876549665741],[-73.826899437427,40.876581148914],[-73.826854336864,40.876658079401],[-73.826755594978,40.876624727473],[-73.826682753516,40.876748974782],[-73.82667392643,40.876745993512],[-73.826538118375,40.876700122052],[-73.826613172969,40.876572100606],[-73.826505961059,40.876535888391]]]]},"properties":{"name":"10","construction_year":"1969","ground_elevation":"16","height_roof":"227.8","bin":"2128855","geom_source":"Photogrammetric"}},{"type":"Feature","geometry":{"type":"MultiPolygon","coordinates":[[[[-73.826854336864,40.876658079401],[-73.826899437427,40.876581148914],[-73.826974583149,40.876606530232],[-73.826981792638,40.876594233152],[-73.827004919422,40.876602044448],[-73.827082829378,40.876469151725],[-73.827239056849,40.876521919347],[-73.827160441687,40.876656015971],[-73.827182320368,40.876663405734],[-73.82717682926,40.876672772505],[-73.827274374252,40.876705719762],[-73.827218794694,40.876800524727],[-73.827122604416,40.876768035101],[-73.827116740305,40.876778037957],[-73.827092725641,40.876769926392],[-73.827034960279,40.876868457819],[-73.826879982672,40.876816112329],[-73.826953078852,40.876691430344],[-73.826854336864,40.876658079401]]]]},"properties":{"name":"10","construction_year":"1969","ground_elevation":"16","height_roof":"227.8","bin":"2128856","geom_source":"Photogrammetric"}},{"type":"Feature","geometry":{"type":"MultiPolygon","coordinates":[[[[-73.831621780726,40.877123144816],[-73.831576138697,40.877203683703],[-73.83149964299,40.877178708636],[-73.831493527178,40.877189500174],[-73.831468582985,40.877181356647],[-73.831405071108,40.87729342521],[-73.831394404144,40.877312246959],[-73.831236300082,40.877260626756],[-73.831312470524,40.877126220343],[-73.831290404503,40.877119015691],[-73.83129697081,40.87710742789],[-73.831197611556,40.877074987461],[-73.831251553,40.876979802693],[-73.8312860762,40.876991074163],[-73.831350920435,40.87701224579],[-73.831356292627,40.877002767887],[-73.83137985576,40.877010461878],[-73.831435697643,40.876911925478],[-73.831595753364,40.876964183106],[-73.83152379753,40.877091153319],[-73.831621780726,40.877123144816]]]]},"properties":{"name":"5","construction_year":"1969","ground_elevation":"25","height_roof":"226.54","bin":"2095388","geom_source":"Photogrammetric"}},{"type":"Feature","geometry":{"type":"MultiPolygon","coordinates":[[[[-73.831576138697,40.877203683703],[-73.831621780726,40.877123144816],[-73.831719764019,40.87715513533],[-73.83178952804,40.877032028503],[-73.831907730504,40.877070620996],[-73.831947884475,40.877083731163],[-73.831876541707,40.877209622798],[-73.831926075783,40.877225795693],[-73.831976220365,40.877242166663],[-73.831931131626,40.877321730363],[-73.831833658893,40.877289906464],[-73.83178942321,40.877367963033],[-73.831618920666,40.877312295594],[-73.831664181375,40.877232429701],[-73.831576138697,40.877203683703]]]]},"properties":{"name":"5","construction_year":"1969","ground_elevation":"25","height_roof":"226.54","bin":"2128848","geom_source":"Photogrammetric"}},{"type":"Feature","geometry":{"type":"MultiPolygon","coordinates":[[[[-73.831931131626,40.877321730363],[-73.831976220365,40.877242166663],[-73.83207589912,40.877274710441],[-73.832143584312,40.877155272573],[-73.832144485223,40.877153682719],[-73.832145835388,40.877154123221],[-73.832300313775,40.87720455817],[-73.832244537283,40.877302979814],[-73.832265787913,40.877309918353],[-73.83225928253,40.87732139914],[-73.832344236511,40.877349135183],[-73.832356936881,40.877353281474],[-73.832351973545,40.877362039625],[-73.832304113324,40.877446495403],[-73.832205109877,40.877414172524],[-73.832197344865,40.877427875684],[-73.832175381779,40.87742070467],[-73.832099676308,40.877554294676],[-73.831937213594,40.877501252626],[-73.832015278873,40.877363499597],[-73.831994446697,40.877356697594],[-73.832001282228,40.877344633787],[-73.831931131626,40.877321730363]]]]},"properties":{"name":"5","construction_year":"1969","ground_elevation":"25","height_roof":"226.54","bin":"2128849","geom_source":"Photogrammetric"}},{"type":"Feature","geometry":{"type":"MultiPolygon","coordinates":[[[[-73.826056885291,40.877602124734],[-73.826011884883,40.877677773635],[-73.825938448518,40.877652605889],[-73.82593073513,40.877665572105],[-73.825905356298,40.87765687472],[-73.825826795818,40.877788937193],[-73.825676077868,40.877737284499],[-73.825755388122,40.877603961674],[-73.825729310002,40.877595024564],[-73.825735524351,40.877584578368],[-73.825640849741,40.877552131223],[-73.825694182355,40.877462477133],[-73.825787881351,40.877494589581],[-73.825794554457,40.877483372354],[-73.825817247285,40.877491149913],[-73.825875777468,40.877392758031],[-73.82602823246,40.87744500741],[-73.825955448271,40.877567360602],[-73.826056885291,40.877602124734]]]]},"properties":{"name":"11","construction_year":"1969","ground_elevation":"17","height_roof":"226.5","bin":"2096806","geom_source":"Photogrammetric"}},{"type":"Feature","geometry":{"type":"MultiPolygon","coordinates":[[[[-73.826011884883,40.877677773635],[-73.826056885291,40.877602124734],[-73.826158323606,40.877636887877],[-73.826232070323,40.877512915128],[-73.826383852611,40.877564932497],[-73.826311034385,40.877687345291],[-73.826410732908,40.877721513072],[-73.826364936822,40.877798500839],[-73.826270332719,40.877766078633],[-73.826224249261,40.877843548574],[-73.826064721575,40.87778887729],[-73.826110672914,40.877711628733],[-73.826011884883,40.877677773635]]]]},"properties":{"name":"11","construction_year":"1969","ground_elevation":"17","height_roof":"226.5","bin":"2128853","geom_source":"Photogrammetric"}},{"type":"Feature","geometry":{"type":"MultiPolygon","coordinates":[[[[-73.826364936822,40.877798500839],[-73.826410732908,40.877721513072],[-73.826510431533,40.877755680766],[-73.826584559043,40.877631065418],[-73.826735800184,40.877682896909],[-73.826677063675,40.8777816392],[-73.826701775318,40.87779010759],[-73.826696148563,40.877799565983],[-73.826793614297,40.877832968265],[-73.826738161809,40.877926189212],[-73.826640285842,40.877892646691],[-73.826634058497,40.877903115429],[-73.826610745505,40.877895126386],[-73.826599892328,40.877913371099],[-73.826532347011,40.878026919427],[-73.82638143121,40.877975199824],[-73.8263976944,40.877947859325],[-73.826459663119,40.877843686685],[-73.826434362381,40.877835016549],[-73.826440649331,40.877824447958],[-73.826364936822,40.877798500839]]]]},"properties":{"name":"11","construction_year":"1969","ground_elevation":"17","height_roof":"226.5","bin":"2128854","geom_source":"Photogrammetric"}},{"type":"Feature","geometry":{"type":"MultiPolygon","coordinates":[[[[-73.823627508927,40.863242930988],[-73.823569802118,40.863318754205],[-73.823497647804,40.863288344113],[-73.823490449182,40.863298188081],[-73.82347000547,40.863289571518],[-73.823378957602,40.863414084532],[-73.823375519583,40.863418785239],[-73.823227026273,40.863356201498],[-73.823321465936,40.863227049961],[-73.823299383695,40.863217742884],[-73.823308051352,40.863205889479],[-73.823217560204,40.863167751026],[-73.823280530168,40.863081637121],[-73.823371291368,40.863119889401],[-73.823380350657,40.863107499897],[-73.823403223131,40.86311714045],[-73.823472083112,40.863022970652],[-73.823620616191,40.863085571252],[-73.823534281847,40.863203639575],[-73.823627508927,40.863242930988]]]]},"properties":{"name":"27","construction_year":"1969","ground_elevation":"18","height_roof":"226.16","bin":"2093862","geom_source":"Photogrammetric"}},{"type":"Feature","geometry":{"type":"MultiPolygon","coordinates":[[[[-73.823569802118,40.863318754205],[-73.823627508927,40.863242930988],[-73.823720736119,40.863282221425],[-73.823805071492,40.863166886506],[-73.823955149005,40.863230136484],[-73.823870113836,40.863346428566],[-73.823964420672,40.863386174301],[-73.823916222201,40.863460176093],[-73.823826360674,40.863422303825],[-73.823770242089,40.863499049867],[-73.823765528935,40.863497063388],[-73.823608626537,40.863430936469],[-73.8236621858,40.863357690406],[-73.823569802118,40.863318754205]]]]},"properties":{"name":"27","construction_year":"1969","ground_elevation":"18","height_roof":"226.16","bin":"2128833","geom_source":"Photogrammetric"}},{"type":"Feature","geometry":{"type":"MultiPolygon","coordinates":[[[[-73.823916222201,40.863460176093],[-73.823964420672,40.863386174301],[-73.82405872762,40.863425919959],[-73.82414566368,40.863307027316],[-73.824296959812,40.863370791084],[-73.824227824454,40.863465340955],[-73.824250821581,40.863475032857],[-73.82424224334,40.863486764001],[-73.824331818467,40.863524514842],[-73.824267292356,40.863612760206],[-73.824176335658,40.863574427294],[-73.824170293017,40.863582690002],[-73.824146353941,40.863572601333],[-73.824052737981,40.863700629177],[-73.82390534883,40.863638512652],[-73.823998891175,40.863510587469],[-73.823978492352,40.863501990877],[-73.823987196826,40.863490087951],[-73.823916222201,40.863460176093]]]]},"properties":{"name":"27","construction_year":"1969","ground_elevation":"18","height_roof":"226.16","bin":"2128834","geom_source":"Photogrammetric"}},{"type":"Feature","geometry":{"type":"MultiPolygon","coordinates":[[[[-73.832039379127,40.87606156142],[-73.831995073887,40.876135168665],[-73.831945038201,40.876117816324],[-73.831893416591,40.876099914154],[-73.831818620673,40.876224176262],[-73.831674294403,40.876174124664],[-73.831732662861,40.876077154141],[-73.831703498258,40.876067039641],[-73.8317094503,40.876057151943],[-73.831613115318,40.876023743745],[-73.831666358496,40.875935288907],[-73.831761534145,40.875968294653],[-73.831767045367,40.875959139307],[-73.831794594355,40.875968693133],[-73.831874946497,40.87583520191],[-73.831876664429,40.87583234716],[-73.832023497042,40.875883267528],[-73.831943668143,40.876015890643],[-73.831967705098,40.876024226354],[-73.831961490997,40.876034550421],[-73.832039379127,40.87606156142]]]]},"properties":{"name":"4","construction_year":"1969","ground_elevation":"26","height_roof":"225.77","bin":"2095390","geom_source":"Photogrammetric"}},{"type":"Feature","geometry":{"type":"MultiPolygon","coordinates":[[[[-73.831995073887,40.876135168665],[-73.832039379127,40.87606156142],[-73.832135309002,40.876094828196],[-73.832183499041,40.876014767337],[-73.832329600953,40.876065433213],[-73.832342166486,40.876069790926],[-73.832294907043,40.876148304361],[-73.832390771976,40.876181549218],[-73.832347345066,40.876253698178],[-73.832247542427,40.876219086923],[-73.832171273337,40.876345795545],[-73.832022272829,40.876294123909],[-73.83206840449,40.876217482864],[-73.832096731292,40.876170422185],[-73.831995073887,40.876135168665]]]]},"properties":{"name":"4","construction_year":"1969","ground_elevation":"26","height_roof":"225.77","bin":"2128846","geom_source":"Photogrammetric"}},{"type":"Feature","geometry":{"type":"MultiPolygon","coordinates":[[[[-73.832347345066,40.876253698178],[-73.832390771976,40.876181549218],[-73.832465922366,40.876207610438],[-73.832472702285,40.876196348856],[-73.832499232099,40.876205548942],[-73.832580293148,40.876070877722],[-73.832726068334,40.87612143096],[-73.832646272718,40.876254000573],[-73.832672285778,40.876263021573],[-73.832665482054,40.876274324555],[-73.832735410125,40.876298574347],[-73.8327619898,40.876307791554],[-73.832752985688,40.876322750941],[-73.832708635798,40.87639643133],[-73.832611870739,40.876362873865],[-73.8326052588,40.876373858348],[-73.832586120578,40.876367220996],[-73.832534807065,40.876452471508],[-73.832528261819,40.876463345323],[-73.832525874363,40.876467312116],[-73.832371604551,40.876413813397],[-73.832447147812,40.876288308446],[-73.832347345066,40.876253698178]]]]},"properties":{"name":"4","construction_year":"1969","ground_elevation":"26","height_roof":"225.77","bin":"2128847","geom_source":"Photogrammetric"}},{"type":"Feature","geometry":{"type":"MultiPolygon","coordinates":[[[[-73.8241680631,40.862209911432],[-73.824113494725,40.86228765416],[-73.824017923812,40.862247449159],[-73.823931687104,40.862365605291],[-73.823785543564,40.862304125341],[-73.823855231163,40.86220864455],[-73.823832849387,40.862199229057],[-73.823840027655,40.862189393139],[-73.823747533929,40.862150483016],[-73.823810859798,40.862063718297],[-73.82390256082,40.862102294879],[-73.823909803346,40.862092372607],[-73.823932468259,40.862101907383],[-73.824026524474,40.861973036514],[-73.824173567946,40.862034894841],[-73.824081190422,40.86216146493],[-73.824107048384,40.86217234267],[-73.824100403464,40.862181448218],[-73.8241680631,40.862209911432]]]]},"properties":{"name":"26","construction_year":"1969","ground_elevation":"17","height_roof":"225.48","bin":"2093857","geom_source":"Photogrammetric"}},{"type":"Feature","geometry":{"type":"MultiPolygon","coordinates":[[[[-73.824113494725,40.86228765416],[-73.8241680631,40.862209911432],[-73.824261191017,40.862249087828],[-73.824314528744,40.862176006802],[-73.824469699411,40.862241282782],[-73.824413647663,40.862318081481],[-73.824505817379,40.862356854601],[-73.82445110443,40.862430607188],[-73.824357060305,40.862391045042],[-73.824271865632,40.862507773931],[-73.824123353066,40.862445298461],[-73.824209066942,40.862327858183],[-73.824113494725,40.86228765416]]]]},"properties":{"name":"26","construction_year":"1969","ground_elevation":"17","height_roof":"225.48","bin":"2128825","geom_source":"Photogrammetric"}},{"type":"Feature","geometry":{"type":"MultiPolygon","coordinates":[[[[-73.82445110443,40.862430607188],[-73.824505817379,40.862356854601],[-73.824575932262,40.86238634967],[-73.824585547211,40.862373174786],[-73.824607800008,40.862382535907],[-73.824700736329,40.862255198132],[-73.824769069261,40.862283943869],[-73.824853406459,40.862319421623],[-73.824783436857,40.862415292498],[-73.824759345404,40.862448301254],[-73.824780187159,40.862457068576],[-73.824773380409,40.862466395437],[-73.824800791871,40.862477926436],[-73.824808850862,40.862481316417],[-73.824865043446,40.862504954983],[-73.824835058294,40.862546039423],[-73.824799750787,40.86259441606],[-73.824706487005,40.862555182264],[-73.824697793436,40.862567093367],[-73.82467538891,40.862557668098],[-73.824608316275,40.862649567594],[-73.824459810185,40.862587095271],[-73.82454514867,40.862470168356],[-73.82445110443,40.862430607188]]]]},"properties":{"name":"26","construction_year":"1969","ground_elevation":"17","height_roof":"225.48","bin":"2128826","geom_source":"Photogrammetric"}},{"type":"Feature","geometry":{"type":"MultiPolygon","coordinates":[[[[-73.917497782158,40.877115638118],[-73.917478910078,40.877105527454],[-73.917461528277,40.877096215686],[-73.917445046338,40.877087385419],[-73.917431101545,40.877079914001],[-73.917419406983,40.877073649944],[-73.917407636549,40.877067343508],[-73.917395794982,40.877060999201],[-73.917383956973,40.877054656695],[-73.917370979626,40.877047703742],[-73.917357640679,40.877040557825],[-73.917343612914,40.877033043112],[-73.917328832311,40.87702512354],[-73.917327659774,40.877024495961],[-73.91731945594,40.877013127727],[-73.917310411238,40.87700059456],[-73.917301421018,40.876988136171],[-73.917292481729,40.876975748056],[-73.917283837339,40.876963768973],[-73.917275956841,40.87695284851],[-73.917268028972,40.876941863178],[-73.917259925828,40.876930633688],[-73.917251636747,40.876919146523],[-73.917243736127,40.876908198129],[-73.917236051055,40.876897548851],[-73.917228493895,40.876887075258],[-73.917220969894,40.876876650316],[-73.917213391419,40.876866148792],[-73.917205521604,40.87685524274],[-73.917197599681,40.876844264611],[-73.917189607886,40.876833190079],[-73.917181701365,40.876822232671],[-73.91717408145,40.876811674384],[-73.917166577604,40.876801274666],[-73.917159552222,40.876791539851],[-73.917153688659,40.876783415042],[-73.91714850016,40.876776224523],[-73.917148393572,40.876776076766],[-73.917151358391,40.876774094219],[-73.917315381339,40.87666445137],[-73.917386474959,40.876616927701],[-73.917427560698,40.876589463404],[-73.917465188857,40.876564309974],[-73.917466255439,40.876565229235],[-73.917475226584,40.876572961837],[-73.917482723479,40.876567950579],[-73.91754249556,40.876527994524],[-73.917632135142,40.876468073426],[-73.917629818286,40.876466076291],[-73.917618587167,40.876456396133],[-73.917613891832,40.87645234959],[-73.917652459028,40.876426568228],[-73.917688319061,40.876402596704],[-73.917773898836,40.876345389372],[-73.917790395697,40.876334361141],[-73.917797827238,40.876329393039],[-73.91780437421,40.876325017729],[-73.917808305482,40.876322389302],[-73.917811908384,40.876323396813],[-73.917817400497,40.876324932454],[-73.917822845173,40.876326454554],[-73.917828138048,40.876327934223],[-73.917833228126,40.876329357916],[-73.917834584848,40.876329737087],[-73.917835649083,40.876330637432],[-73.917839189025,40.876333633175],[-73.917841843686,40.876335879081],[-73.917844605007,40.876338216012],[-73.91784748484,40.876340652982],[-73.917850493852,40.876343198102],[-73.917853756477,40.876345959519],[-73.917855067216,40.876347068953],[-73.917863896338,40.876354539382],[-73.917882737865,40.876341233672],[-73.917927924979,40.876355637604],[-73.918001694099,40.876399624851],[-73.918019926955,40.876388288053],[-73.9180822642,40.876438242766],[-73.91811791605,40.876413650524],[-73.918196475201,40.876475540045],[-73.91809317331,40.876548546781],[-73.918114424959,40.876566529299],[-73.918158609985,40.876603917385],[-73.918153040102,40.876607708992],[-73.918143720547,40.876614055325],[-73.91813226375,40.87662185623],[-73.918123029682,40.87662814319],[-73.91812871473,40.876632954028],[-73.918129704311,40.876633791283],[-73.917970270604,40.876742345359],[-73.917974412619,40.876745850301],[-73.917986166697,40.87675579644],[-73.918011464406,40.876777202804],[-73.918032735067,40.876795201558],[-73.918042157333,40.876788330323],[-73.91804570724,40.876790968572],[-73.918061306683,40.876802563525],[-73.918087091231,40.876821728904],[-73.918113288271,40.876841200736],[-73.918123805256,40.87684901903],[-73.918105000236,40.876870172557],[-73.91808401045,40.876893783763],[-73.918030672421,40.876918986569],[-73.918021488157,40.876923326701],[-73.918014507952,40.876916289832],[-73.917991030493,40.876892620035],[-73.917969478499,40.876870891253],[-73.917959032499,40.876860359825],[-73.917949184873,40.876850431248],[-73.917931636255,40.876845553434],[-73.917894209807,40.876835151392],[-73.917854653391,40.876824157101],[-73.917850073225,40.876822884153],[-73.917826648177,40.876848075736],[-73.917826570969,40.876848151322],[-73.917675906106,40.877010178603],[-73.91757766255,40.877115825764],[-73.917570384263,40.877111925955],[-73.917543936854,40.877140366083],[-73.917538074151,40.877137224594],[-73.917518178901,40.87712656571],[-73.917497782158,40.877115638118]]]]},"properties":{"name":null,"construction_year":"1967","ground_elevation":"62","height_roof":"225.46","bin":"2083245","geom_source":"Photogrammetric"}},{"type":"Feature","geometry":{"type":"MultiPolygon","coordinates":[[[[-73.915388924097,40.885147213245],[-73.915385963304,40.885149426271],[-73.91535162379,40.885175095577],[-73.915281781976,40.885227303176],[-73.915057445868,40.885394995304],[-73.914907638821,40.885506976628],[-73.914743449901,40.885629706147],[-73.914601953067,40.885735474449],[-73.914569288742,40.885759890382],[-73.91456899479,40.885759652436],[-73.914502139508,40.885705687205],[-73.914408777148,40.885794797693],[-73.91438156042,40.885820775454],[-73.914365174632,40.885837262913],[-73.914278605581,40.885787710618],[-73.914295010388,40.885771203374],[-73.914240589849,40.885739490142],[-73.914202056818,40.88571703579],[-73.914126411952,40.885791803663],[-73.914105042128,40.885779350242],[-73.913987016077,40.885862906742],[-73.914004842817,40.885880958571],[-73.91390610928,40.885937115848],[-73.913980004275,40.886011945538],[-73.913999027641,40.88600112506],[-73.914062666826,40.886065568947],[-73.913963063884,40.886122219991],[-73.913883653799,40.886167385904],[-73.913817842633,40.88610074221],[-73.913837853972,40.886089359693],[-73.91377608487,40.8860268081],[-73.913624994589,40.886112743822],[-73.913582996874,40.886070214829],[-73.913524995569,40.886103203935],[-73.913420650919,40.885997537373],[-73.913505518433,40.885949267387],[-73.913536134411,40.885980271563],[-73.913646384954,40.885917564976],[-73.913621463904,40.885892328204],[-73.913649930711,40.885876137145],[-73.913758265697,40.885814519506],[-73.913806062121,40.885787334401],[-73.913777763147,40.88575742972],[-73.913763895171,40.885763746178],[-73.91375184406,40.885748795401],[-73.913771532445,40.885739338794],[-73.913790778917,40.885729368576],[-73.913809559729,40.885718898236],[-73.913827852319,40.885707940367],[-73.913845635314,40.885696507557],[-73.913862884963,40.885684615099],[-73.913879581077,40.885672276484],[-73.913895702281,40.885659507005],[-73.913911230755,40.885646322858],[-73.91392614512,40.885632740236],[-73.913940428745,40.885618775336],[-73.913954062621,40.885604446152],[-73.913966671125,40.885610452791],[-73.913962629112,40.885615595159],[-73.914001771881,40.885638962238],[-73.914030097319,40.885611738218],[-73.914132083196,40.88551371783],[-73.91414276445,40.885503451224],[-73.914172491463,40.885520024275],[-73.914259417212,40.885435267547],[-73.914220218278,40.885411312494],[-73.914281466354,40.885339500067],[-73.914307574816,40.885353949751],[-73.914364819023,40.885385630831],[-73.914404817179,40.885355622968],[-73.914389455424,40.885341744082],[-73.914771133614,40.885049552996],[-73.914775985273,40.885045838469],[-73.914776359848,40.885046121498],[-73.914792710756,40.885058468436],[-73.915019997245,40.884886133374],[-73.91503192253,40.884877090461],[-73.915032779547,40.884877738542],[-73.915062387521,40.884900141929],[-73.915388924097,40.885147213245]]]]},"properties":{"name":null,"construction_year":"1970","ground_elevation":"182","height_roof":"225.3418055","bin":"2085773","geom_source":"Photogrammetric"}},{"type":"Feature","geometry":{"type":"MultiPolygon","coordinates":[[[[-73.911954973926,40.888055878729],[-73.912042524667,40.887820863655],[-73.91204937394,40.887821423574],[-73.912185202663,40.887832521924],[-73.912278958144,40.88784018251],[-73.912308843206,40.887842623923],[-73.912295304417,40.887938058868],[-73.912274881185,40.888082018478],[-73.91222212151,40.888077707364],[-73.912001076472,40.888059645499],[-73.911954973926,40.888055878729]]]]},"properties":{"name":null,"construction_year":"2006","ground_elevation":"193","height_roof":"221","bin":"2114608","geom_source":"Other (Manual)"}},{"type":"Feature","geometry":{"type":"MultiPolygon","coordinates":[[[[-73.918810596321,40.823345418788],[-73.919044105304,40.823194664274],[-73.919055121179,40.823204509929],[-73.919060119354,40.823208977198],[-73.919134505185,40.823160952786],[-73.919129739097,40.823156692797],[-73.919118491132,40.823146638972],[-73.919402332422,40.822963386787],[-73.919409309237,40.822958882878],[-73.919421464253,40.822969746856],[-73.919425534081,40.822973385003],[-73.919488143875,40.822932962227],[-73.919484269426,40.822929498915],[-73.919473435887,40.822919816417],[-73.919579745181,40.822851180931],[-73.919585704104,40.822847333663],[-73.919596886961,40.822857329767],[-73.919628391758,40.822885489539],[-73.919659578051,40.822913364524],[-73.919695647708,40.822945604006],[-73.919591490387,40.823012849832],[-73.919583661793,40.823017904262],[-73.91958949835,40.823023120405],[-73.919602685965,40.823034908092],[-73.919584608657,40.823046578527],[-73.919537838723,40.823076774665],[-73.919518814556,40.823059770824],[-73.919229950219,40.823246265163],[-73.919247135419,40.823261626158],[-73.91917917359,40.823305502956],[-73.919172749557,40.823309650642],[-73.919155564361,40.823294289636],[-73.918865466559,40.823481579131],[-73.918860619945,40.823477247035],[-73.918827302303,40.823447466687],[-73.918794826601,40.823418438836],[-73.918764118818,40.823390990792],[-73.918754007623,40.823381952591],[-73.918810596321,40.823345418788]]]]},"properties":{"name":"METRO-NORTH COMMUTER HARL","construction_year":"2015","ground_elevation":"46","height_roof":"220","bin":"2102829","geom_source":"Other (Manual)"}},{"type":"Feature","geometry":{"type":"MultiPolygon","coordinates":[[[[-73.903655915161,40.887221015307],[-73.903640955309,40.8872118935],[-73.90362680056,40.88722526291],[-73.903624084575,40.887223606449],[-73.903622920412,40.887222896794],[-73.903621817896,40.887222224111],[-73.90362068337,40.88722153249],[-73.903619590337,40.887220866118],[-73.903617955531,40.887219868815],[-73.903606251072,40.887212731692],[-73.903595720261,40.887206310533],[-73.903584609743,40.887199535899],[-73.903572844831,40.887192361802],[-73.903560717158,40.887184966781],[-73.903548593044,40.887177573563],[-73.903536196269,40.887170013526],[-73.90352551847,40.88716350309],[-73.90351779731,40.887158794296],[-73.90350963633,40.887153818591],[-73.903501475352,40.887148841984],[-73.903493274068,40.88714384103],[-73.903484127943,40.887138263874],[-73.903474315568,40.887132280942],[-73.903346688478,40.887054455864],[-73.903345115325,40.887053496429],[-73.903350269643,40.887048628213],[-73.903361477729,40.887038041573],[-73.903338402057,40.887023970161],[-73.903312526256,40.887008191778],[-73.903277901521,40.88698707788],[-73.903232040703,40.886959112656],[-73.903379899739,40.88681945761],[-73.903449197532,40.886754004306],[-73.903450336989,40.886752928277],[-73.903450488731,40.886753021154],[-73.90347755707,40.886769527197],[-73.903512245772,40.886790679811],[-73.903547319782,40.886812067762],[-73.903558573676,40.886818929868],[-73.903497267573,40.886876835738],[-73.903475008335,40.886897860593],[-73.903451415953,40.88692014321],[-73.903457581711,40.886923903395],[-73.903510311363,40.886956057031],[-73.903537357276,40.886972548633],[-73.903564104457,40.88698885898],[-73.903590798304,40.88700513596],[-73.903617294186,40.887021292102],[-73.903639243691,40.887034677248],[-73.903652582926,40.887042810771],[-73.903665025925,40.887050398749],[-73.903677231828,40.88705784155],[-73.903697552481,40.88707023299],[-73.903717640784,40.887082481956],[-73.903734600557,40.88709282378],[-73.903749573434,40.887101954591],[-73.903751208241,40.887102950992],[-73.903752431679,40.887103696714],[-73.903754055816,40.887104686802],[-73.903754468371,40.887104938382],[-73.903741404411,40.887117277659],[-73.903742086074,40.887117693352],[-73.903744057562,40.887118896245],[-73.903750643023,40.887122911602],[-73.903764679364,40.887131470723],[-73.903766642556,40.887132667305],[-73.903768878412,40.887134030704],[-73.903787697074,40.887145505982],[-73.903747814845,40.887183175196],[-73.903697171263,40.887231010015],[-73.903687416338,40.887240223757],[-73.903655915161,40.887221015307]]]]},"properties":{"name":null,"construction_year":"1966","ground_elevation":"61","height_roof":"219.63","bin":"2084027","geom_source":"Photogrammetric"}},{"type":"Feature","geometry":{"type":"MultiPolygon","coordinates":[[[[-73.920128115207,40.824223378985],[-73.920075286806,40.824205508957],[-73.920061463677,40.824229088773],[-73.919937943908,40.824187304707],[-73.919920034674,40.82418124634],[-73.919927620372,40.824168306975],[-73.919614778126,40.824062479131],[-73.91964628401,40.824008735162],[-73.919686165497,40.82394070254],[-73.919963710258,40.824034590334],[-73.919971212783,40.824021790485],[-73.920132159858,40.824076235307],[-73.920179157064,40.824092133689],[-73.920175022142,40.824099187115],[-73.920326303972,40.824150362477],[-73.920448941131,40.824191847454],[-73.920380424739,40.824308728695],[-73.920325901728,40.824290284896],[-73.920128115207,40.824223378985]]]]},"properties":{"name":null,"construction_year":"1964","ground_elevation":"45","height_roof":"219.43","bin":"2116939","geom_source":"Photogrammetric"}},{"type":"Feature","geometry":{"type":"MultiPolygon","coordinates":[[[[-73.922045214662,40.824519288186],[-73.922165218231,40.824310550497],[-73.9221467351,40.824304419149],[-73.922234934772,40.824151000797],[-73.92224362057,40.824153882839],[-73.922259949792,40.824125478692],[-73.922366707657,40.82393977915],[-73.922404714157,40.823952388264],[-73.922500452114,40.82398414831],[-73.922523256754,40.823991713393],[-73.922434864342,40.824145468625],[-73.922389604275,40.824224196468],[-73.922418087351,40.82423364653],[-73.922422231185,40.824235020773],[-73.922419983802,40.824238929216],[-73.922374121418,40.824318705724],[-73.922360078789,40.824343132134],[-73.922338713785,40.82433604435],[-73.922219151405,40.824544016194],[-73.922203230683,40.824571709218],[-73.922045214662,40.824519288186]]]]},"properties":{"name":null,"construction_year":"1931","ground_elevation":"51","height_roof":"218.67","bin":"2101571","geom_source":"Photogrammetric"}},{"type":"Feature","geometry":{"type":"MultiPolygon","coordinates":[[[[-73.919958165148,40.823854975311],[-73.91983485071,40.823814595147],[-73.919818249227,40.823843850633],[-73.919784593039,40.823832829466],[-73.919933164913,40.823571008074],[-73.919907434958,40.823562583173],[-73.91996864911,40.823454707496],[-73.919994379031,40.823463133284],[-73.920129695623,40.823224667605],[-73.920257149342,40.823266402866],[-73.920286665126,40.823276067588],[-73.92021520108,40.823402007505],[-73.9201671876,40.823486620926],[-73.92018524739,40.82349253528],[-73.920162375081,40.823532843671],[-73.920094771298,40.823651978428],[-73.920082091146,40.823647826458],[-73.920076711472,40.823646064961],[-73.919958165148,40.823854975311]]]]},"properties":{"name":null,"construction_year":"1964","ground_elevation":"46","height_roof":"218","bin":"2093927","geom_source":"Other (Manual)"}},{"type":"Feature","geometry":{"type":"MultiPolygon","coordinates":[[[[-73.922417326376,40.823777058432],[-73.922414206403,40.823776000051],[-73.92240273487,40.823795520493],[-73.922201044717,40.823727120682],[-73.922206336278,40.823718116588],[-73.921926420072,40.823623185305],[-73.921981505987,40.823529453011],[-73.921997497108,40.823502244529],[-73.922305712973,40.823606772389],[-73.922317319908,40.823587022421],[-73.922459865447,40.823635365145],[-73.922451869373,40.823648969869],[-73.922553533208,40.823683447052],[-73.922762141338,40.823754193072],[-73.922737433457,40.823796236897],[-73.922693634562,40.823870764128],[-73.922635186762,40.82385094283],[-73.922533219283,40.823816361058],[-73.922417326376,40.823777058432]]]]},"properties":{"name":null,"construction_year":"1931","ground_elevation":"52","height_roof":"217.58","bin":"2002455","geom_source":"Photogrammetric"}},{"type":"Feature","geometry":{"type":"MultiPolygon","coordinates":[[[[-73.921973459144,40.824814629391],[-73.921833042059,40.824769984055],[-73.921821245526,40.824791392556],[-73.921735590652,40.824764159285],[-73.921671918636,40.824743914326],[-73.921683714022,40.824722505839],[-73.921513590809,40.824668415343],[-73.921377491252,40.824625142944],[-73.921428773942,40.8245320693],[-73.921445643215,40.824501454019],[-73.921710502262,40.824585665731],[-73.92172379429,40.824589891778],[-73.921729457336,40.824579615558],[-73.92193850629,40.824646081496],[-73.921930934212,40.824659824244],[-73.922003684457,40.824682954987],[-73.92220397571,40.824746635588],[-73.92213773396,40.824866859335],[-73.921973459144,40.824814629391]]]]},"properties":{"name":null,"construction_year":"1931","ground_elevation":"53","height_roof":"217.17","bin":"2101572","geom_source":"Photogrammetric"}},{"type":"Feature","geometry":{"type":"MultiPolygon","coordinates":[[[[-73.920929591364,40.823308623723],[-73.920657896185,40.823216477522],[-73.92064721057,40.823234659295],[-73.920443260712,40.823165487622],[-73.920447735243,40.823157874311],[-73.920292800241,40.823105326919],[-73.920170087105,40.82306370754],[-73.920241166738,40.822942766935],[-73.920319395311,40.822969299211],[-73.920547545357,40.823046678696],[-73.920559194287,40.823026859593],[-73.920700061862,40.823074636031],[-73.920692025109,40.823088310844],[-73.920998070952,40.823192107714],[-73.920929591364,40.823308623723]]]]},"properties":{"name":null,"construction_year":"1964","ground_elevation":"48","height_roof":"217","bin":"2093926","geom_source":"Other (Manual)"}},{"type":"Feature","geometry":{"type":"MultiPolygon","coordinates":[[[[-73.910504290295,40.843577321066],[-73.910504997073,40.843568463462],[-73.910505367012,40.843568479958],[-73.910509364141,40.843518314774],[-73.910518481291,40.843403889855],[-73.91052765389,40.843288768894],[-73.910533110395,40.843220287003],[-73.910598010421,40.843223269328],[-73.910656000241,40.843225933793],[-73.910737004347,40.843229656111],[-73.91087621291,40.843236052797],[-73.911019226387,40.843242624245],[-73.911182772534,40.843250138836],[-73.911270908644,40.843254187746],[-73.911367655266,40.843258633118],[-73.911464516915,40.843263083],[-73.911473466528,40.843263494191],[-73.91155576076,40.843267275455],[-73.911571947551,40.843283406697],[-73.911572744515,40.843284201543],[-73.911570587428,40.843290579884],[-73.911397978597,40.843801021741],[-73.911348093711,40.843798729479],[-73.911289772554,40.843796049799],[-73.911229181966,40.843793266588],[-73.911169207949,40.843790510834],[-73.911103457196,40.843787489454],[-73.911055901049,40.843785304218],[-73.911056350892,40.843779658472],[-73.91105777399,40.843761794683],[-73.911035066614,40.84376075151],[-73.910961707249,40.843757380193],[-73.910927048005,40.843755787477],[-73.910892450418,40.8437541984],[-73.910866599753,40.843753010488],[-73.910868397982,40.843730441013],[-73.910871713427,40.843688828178],[-73.910848272131,40.843687751083],[-73.910718940693,40.843681808654],[-73.910632430831,40.843677833522],[-73.910637168408,40.843618383923],[-73.910639943655,40.84358355409],[-73.91058967242,40.843581244091],[-73.910504290295,40.843577321066]]]]},"properties":{"name":null,"construction_year":"1941","ground_elevation":"80","height_roof":"213.73","bin":"2007859","geom_source":"Photogrammetric"}},{"type":"Feature","geometry":{"type":"MultiPolygon","coordinates":[[[[-73.825192709787,40.863240595209],[-73.825211217741,40.863215444603],[-73.825194613597,40.863212135356],[-73.825241134591,40.863077604849],[-73.825216645721,40.863072724012],[-73.825310198771,40.862802186918],[-73.825291286568,40.862798416741],[-73.825325298201,40.862700060709],[-73.825375518084,40.862710070048],[-73.825508442818,40.862736563698],[-73.825456553818,40.86288661968],[-73.825495902849,40.862894462146],[-73.825419556452,40.863115245346],[-73.825386448962,40.863108646874],[-73.825341646951,40.863238203024],[-73.825312204983,40.863232334975],[-73.825279705995,40.863278533213],[-73.825192709787,40.863240595209]]]]},"properties":{"name":"30","construction_year":"1969","ground_elevation":"14","height_roof":"211.72","bin":"2093863","geom_source":"Photogrammetric"}},{"type":"Feature","geometry":{"type":"MultiPolygon","coordinates":[[[[-73.825192709787,40.863240595209],[-73.825279705995,40.863278533213],[-73.825247206963,40.863324730541],[-73.82527196225,40.863343366783],[-73.825150205719,40.863436584024],[-73.825177155757,40.863456872412],[-73.824959196164,40.863623743431],[-73.824934830325,40.863605400373],[-73.824794475924,40.863712855504],[-73.824730435603,40.863664645885],[-73.824660787809,40.863612213409],[-73.824753671288,40.863541101326],[-73.824758174388,40.863544492212],[-73.825016781625,40.863346500999],[-73.825031907979,40.863357888141],[-73.825163138202,40.863257415711],[-73.825174203005,40.863265745814],[-73.825192709787,40.863240595209]]]]},"properties":{"name":"30","construction_year":"1969","ground_elevation":"14","height_roof":"211.72","bin":"2128832","geom_source":"Photogrammetric"}},{"type":"Feature","geometry":{"type":"MultiPolygon","coordinates":[[[[-73.839494453584,40.849227671395],[-73.839461155355,40.849225742129],[-73.839312480687,40.849217124523],[-73.839317797833,40.84916423334],[-73.839327814884,40.849064576168],[-73.839348326387,40.848860522283],[-73.839304275226,40.848857969262],[-73.839249170967,40.84885477498],[-73.839257604816,40.84877087424],[-73.83932543156,40.848774805734],[-73.83935942912,40.848776776536],[-73.839381918534,40.848553045102],[-73.839395167412,40.848421235787],[-73.839451787821,40.848424517657],[-73.839464111917,40.84842523179],[-73.83957977987,40.848431935685],[-73.839774294117,40.848443209149],[-73.839777687574,40.848443405667],[-73.839816947087,40.848445681706],[-73.839831672221,40.848446535108],[-73.839905568238,40.848450817776],[-73.839961036202,40.848454032961],[-73.839902905556,40.849032396944],[-73.839898902243,40.84907222922],[-73.839881224472,40.849248102581],[-73.839698778361,40.849237528647],[-73.839700227857,40.849223109258],[-73.839707014869,40.849155582578],[-73.839542354634,40.849146038959],[-73.839533918679,40.849229958622],[-73.839494453584,40.849227671395]],[[-73.839729326625,40.848876203047],[-73.839571011097,40.848866320692],[-73.839550493826,40.849055841542],[-73.839708808613,40.849065724824],[-73.839729326625,40.848876203047]],[[-73.839754009154,40.848626675452],[-73.839588923977,40.848617839095],[-73.839573152548,40.8487877421],[-73.839738238145,40.84879657848],[-73.839754009154,40.848626675452]]]]},"properties":{"name":null,"construction_year":"1960","ground_elevation":"19","height_roof":"211.27","bin":"2096968","geom_source":"Photogrammetric"}},{"type":"Feature","geometry":{"type":"MultiPolygon","coordinates":[[[[-73.98240407983,40.690769246445],[-73.982284528943,40.690906576201],[-73.982200264522,40.690902503686],[-73.981908804222,40.690332527843],[-73.982028312332,40.690322253697],[-73.982090267273,40.690352939343],[-73.982154562881,40.69029317055],[-73.982166155082,40.690064834565],[-73.982794083343,40.690088516395],[-73.982797021996,40.690093183295],[-73.98282636181,40.690082477871],[-73.982900017532,40.690199437613],[-73.982870677678,40.690210143056],[-73.98280490009,40.69028961256],[-73.982598768825,40.690538648272],[-73.98248175652,40.690680016521],[-73.98240407983,40.690769246445]]]]},"properties":{"name":null,"construction_year":"2022","ground_elevation":"40","height_roof":"1035","bin":"3000370","geom_source":"Other (Manual)"}},{"type":"Feature","geometry":{"type":"MultiPolygon","coordinates":[[[[-73.982730567345,40.691928101211],[-73.982591080596,40.69163798887],[-73.982869868813,40.691640833096],[-73.982868275546,40.691671797907],[-73.983236565474,40.691684059492],[-73.98323815857,40.691653094676],[-73.983276292113,40.691654364543],[-73.983264078013,40.691866881187],[-73.983249991284,40.691866411772],[-73.983245263169,40.691948676567],[-73.983244943741,40.691948665714],[-73.982854698235,40.691935669671],[-73.982811325728,40.691935022938],[-73.982808824355,40.691922633303],[-73.982787467109,40.691924178094],[-73.982730567345,40.691928101211]]]]},"properties":{"name":null,"construction_year":null,"ground_elevation":"47","height_roof":"745","bin":"3396962","geom_source":"Other (Manual)"}},{"type":"Feature","geometry":{"type":"MultiPolygon","coordinates":[[[[-73.985403647453,40.6918066426],[-73.985429262131,40.691449299681],[-73.985489225316,40.691451505409],[-73.985695008445,40.691459073867],[-73.985691450968,40.691508695307],[-73.98580857232,40.69151355817],[-73.985803175874,40.691588058766],[-73.985835008511,40.691588848836],[-73.985989201276,40.691594519329],[-73.986189363007,40.69160188],[-73.986193449293,40.691602029976],[-73.986185180591,40.691774516889],[-73.986182509237,40.691774418412],[-73.985824066348,40.691761237238],[-73.985796299927,40.691760051441],[-73.985792187424,40.69181628078],[-73.985791713999,40.691822758113],[-73.985780674852,40.691822299289],[-73.985403647453,40.6918066426]]]]},"properties":{"name":null,"construction_year":"2012","ground_elevation":"8","height_roof":"628","bin":"3397720","geom_source":"Other (Manual)"}},{"type":"Feature","geometry":{"type":"MultiPolygon","coordinates":[[[[-73.985600329997,40.689701112689],[-73.985260693741,40.690199477762],[-73.985175162649,40.690165025742],[-73.985141117751,40.690214980935],[-73.984325520745,40.689907011533],[-73.984703381173,40.689353070992],[-73.985600329997,40.689701112689]]]]},"properties":{"name":null,"construction_year":"1940","ground_elevation":"46","height_roof":"620","bin":"3329438","geom_source":"Other (Manual)"}},{"type":"Feature","geometry":{"type":"MultiPolygon","coordinates":[[[[-73.978945335241,40.689130741623],[-73.979007109195,40.689566738321],[-73.979034310153,40.689564550529],[-73.979020126765,40.689745107199],[-73.978886605512,40.68973878099],[-73.978897322442,40.689544963639],[-73.978752744,40.689556595087],[-73.97873908608,40.689730428586],[-73.978684783473,40.68973081747],[-73.978651031129,40.689517613748],[-73.978617330957,40.689157129233],[-73.978945335241,40.689130741623]]]]},"properties":{"name":null,"construction_year":"2026","ground_elevation":"31","height_roof":"610","bin":"3429595","geom_source":"Other (Manual)"}},{"type":"Feature","geometry":{"type":"MultiPolygon","coordinates":[[[[-73.985202433175,40.691416610028],[-73.985170874232,40.692063479733],[-73.984451114601,40.692031868593],[-73.984468692494,40.691778929415],[-73.984828019024,40.69179185738],[-73.984847922332,40.691404350245],[-73.985202433175,40.691416610028]]]]},"properties":{"name":null,"construction_year":"2015","ground_elevation":"103","height_roof":"595","bin":"3424451","geom_source":"Other (Manual)"}},{"type":"Feature","geometry":{"type":"MultiPolygon","coordinates":[[[[-73.981053967934,40.687682264138],[-73.980671807198,40.687535921148],[-73.980785355694,40.687364103234],[-73.980125813049,40.687107677106],[-73.979934749804,40.687186274113],[-73.979770954425,40.686955550024],[-73.979857502574,40.686815408339],[-73.980864124198,40.687124603117],[-73.980873517063,40.687112453146],[-73.981116096398,40.687190167017],[-73.981432259792,40.687313680692],[-73.981317041642,40.687472241612],[-73.981216735878,40.687433154697],[-73.981053967934,40.687682264138]]]]},"properties":{"name":null,"construction_year":"2017","ground_elevation":"40","height_roof":"577","bin":"3418263","geom_source":"Other (Manual)"}},{"type":"Feature","geometry":{"type":"MultiPolygon","coordinates":[[[[-73.981942833355,40.689860619132],[-73.981673653157,40.689852775438],[-73.981393303089,40.689279925542],[-73.981460537809,40.689238250721],[-73.982179419566,40.689519434346],[-73.981942833355,40.689860619132]]]]},"properties":{"name":null,"construction_year":"2026","ground_elevation":"37","height_roof":"575","bin":"3430107","geom_source":"Other (Manual)"}},{"type":"Feature","geometry":{"type":"MultiPolygon","coordinates":[[[[-73.979089890559,40.687506811963],[-73.979169226345,40.688076880325],[-73.978578348388,40.687848040492],[-73.97856461571,40.687724141661],[-73.978659770589,40.687719394726],[-73.978636987535,40.68754480971],[-73.979089890559,40.687506811963]]]]},"properties":{"name":null,"construction_year":"2017","ground_elevation":"34","height_roof":"568","bin":"3424470","geom_source":"Other (Manual)"}},{"type":"Feature","geometry":{"type":"MultiPolygon","coordinates":[[[[-73.984286034651,40.691176177596],[-73.983920373446,40.691165094005],[-73.98390815131,40.691341347059],[-73.983545264121,40.691327924932],[-73.983563878896,40.690937255208],[-73.983929247644,40.690948827069],[-73.983922259763,40.691045171112],[-73.984289034167,40.691058735763],[-73.984286034651,40.691176177596]]]]},"properties":{"name":null,"construction_year":"2020","ground_elevation":"47","height_roof":"552","bin":"3426190","geom_source":"Other (Manual)"}},{"type":"Feature","geometry":{"type":"MultiPolygon","coordinates":[[[[-73.967575935107,40.713247617401],[-73.967785839697,40.712783966395],[-73.968002970296,40.712839486705],[-73.968282112113,40.713226918665],[-73.968200939263,40.713407776467],[-73.967575935107,40.713247617401]]]]},"properties":{"name":null,"construction_year":"2023","ground_elevation":"15","height_roof":"535","bin":"3425050","geom_source":"Other (Manual)"}},{"type":"Feature","geometry":{"type":"MultiPolygon","coordinates":[[[[-73.985761894442,40.692954241993],[-73.985763508098,40.692910291751],[-73.985764912311,40.692872035427],[-73.985776136443,40.69256625318],[-73.985777195542,40.69253740087],[-73.986141507093,40.692545148298],[-73.986135315241,40.692713873994],[-73.986129225689,40.692879781993],[-73.986130726446,40.692967925295],[-73.985761894442,40.692954241993]]]]},"properties":{"name":null,"construction_year":"2009","ground_elevation":"43","height_roof":"524","bin":"3397012","geom_source":"Other (Manual)"}},{"type":"Feature","geometry":{"type":"MultiPolygon","coordinates":[[[[-73.977582920838,40.68570968716],[-73.977564768061,40.685583697222],[-73.977533109147,40.685363973749],[-73.977519599393,40.685365102156],[-73.97750538631,40.685266458881],[-73.977843905553,40.685238194381],[-73.97784579747,40.685251320637],[-73.977871905502,40.685432523476],[-73.977916752499,40.685743767714],[-73.977902878312,40.685744926714],[-73.977907011551,40.685773608875],[-73.977776909029,40.68578447194],[-73.977595873661,40.685799587085],[-73.977582920838,40.68570968716]]]]},"properties":{"name":"Williamsburgh Savings Bank Tower","construction_year":"1929","ground_elevation":"45","height_roof":"517","bin":"3059183","geom_source":"Other (Manual)"}},{"type":"Feature","geometry":{"type":"MultiPolygon","coordinates":[[[[-73.974090295654,40.682400074537],[-73.974402417158,40.682467245309],[-73.974367213943,40.682667121925],[-73.974385322337,40.682826195497],[-73.974430600419,40.682959528501],[-73.974485179517,40.683029087328],[-73.974473054687,40.683056749337],[-73.974033138474,40.682969236196],[-73.974037632692,40.682956249094],[-73.973991637117,40.682947928762],[-73.973987422547,40.682956630379],[-73.973852225812,40.682927054768],[-73.973954988411,40.682659272337],[-73.973995047027,40.682666906051],[-73.974090295654,40.682400074537]]]]},"properties":{"name":null,"construction_year":"2022","ground_elevation":"38","height_roof":"511","bin":"3426300","geom_source":"Other (Manual)"}},{"type":"Feature","geometry":{"type":"MultiPolygon","coordinates":[[[[-73.981576227619,40.689039441315],[-73.981229196193,40.688896676357],[-73.98145959209,40.688559147185],[-73.981806840453,40.688695649318],[-73.981576227619,40.689039441315]]]]},"properties":{"name":null,"construction_year":"2023","ground_elevation":"37","height_roof":"500","bin":"3424477","geom_source":"Other (Manual)"}},{"type":"Feature","geometry":{"type":"MultiPolygon","coordinates":[[[[-73.979325390601,40.685683190132],[-73.979018870844,40.685927093782],[-73.978675532316,40.68545354136],[-73.978693858996,40.685437854199],[-73.979325390601,40.685683190132]]]]},"properties":{"name":null,"construction_year":"2024","ground_elevation":"40","height_roof":"490","bin":"3429537","geom_source":"Other (Manual)"}},{"type":"Feature","geometry":{"type":"MultiPolygon","coordinates":[[[[-73.983332080782,40.690826903963],[-73.98327614432,40.691654347787],[-73.983238010778,40.69165307792],[-73.983236417681,40.691684042736],[-73.982868127753,40.69167178115],[-73.98286972102,40.691640816339],[-73.982645522995,40.691638529669],[-73.98255668321,40.691469688016],[-73.982516732334,40.691469424408],[-73.982397800596,40.691238296754],[-73.982430746225,40.69123034035],[-73.982382047475,40.691137786254],[-73.982448488197,40.691056559299],[-73.982411800228,40.691039171991],[-73.982407682517,40.69103722085],[-73.982947215618,40.690377602185],[-73.982958053372,40.690378124287],[-73.983363231218,40.690397634655],[-73.983349923148,40.69053969772],[-73.983247969784,40.690664345492],[-73.983355554399,40.690715330156],[-73.983351298739,40.690825210177],[-73.983332080782,40.690826903963]]]]},"properties":{"name":null,"construction_year":"2011","ground_elevation":"41","height_roof":"469","bin":"3397861","geom_source":"Other (Manual)"}},{"type":"Feature","geometry":{"type":"MultiPolygon","coordinates":[[[[-73.987348835507,40.694566335692],[-73.987360326028,40.694328852789],[-73.987455467015,40.69433151971],[-73.987802970196,40.694341260082],[-73.987945508998,40.694345254463],[-73.988045022809,40.694348043824],[-73.988081876711,40.694349076032],[-73.988071863648,40.694556059687],[-73.988054538957,40.69491417205],[-73.988035250538,40.694913631541],[-73.987863745356,40.694908824659],[-73.987668955204,40.69490336486],[-73.987461292735,40.694897544926],[-73.98733298335,40.694893947738],[-73.987348835507,40.694566335692]]]]},"properties":{"name":null,"construction_year":"2002","ground_elevation":"46","height_roof":"461","bin":"3347736","geom_source":"Other (Manual)"}},{"type":"Feature","geometry":{"type":"MultiPolygon","coordinates":[[[[-73.979483513831,40.688474522918],[-73.980173445838,40.688736225926],[-73.980261361288,40.689349341271],[-73.97958535048,40.689407889102],[-73.979553037515,40.689175434714],[-73.979508287212,40.689179338586],[-73.979417234641,40.688508140765],[-73.979483513831,40.688474522918]]]]},"properties":{"name":null,"construction_year":"2025","ground_elevation":"33","height_roof":"459","bin":"3429327","geom_source":"Other (Manual)"}},{"type":"Feature","geometry":{"type":"MultiPolygon","coordinates":[[[[-73.979630683963,40.688265677259],[-73.979381886148,40.688167515694],[-73.979344758767,40.687888325491],[-73.97993405565,40.687771226987],[-73.980018288001,40.687876561219],[-73.979732962533,40.687995908633],[-73.979767555595,40.68804382925],[-73.979780149307,40.688061275313],[-73.979758513964,40.688090350897],[-73.979630683963,40.688265677259]]]]},"properties":{"name":null,"construction_year":"2012","ground_elevation":"33","height_roof":"455","bin":"3412935","geom_source":"Other (Manual)"}},{"type":"Feature","geometry":{"type":"MultiPolygon","coordinates":[[[[-73.990813112563,40.693454569512],[-73.990912071626,40.693482280749],[-73.990947851984,40.693492300875],[-73.99096865367,40.693498126126],[-73.990935913966,40.693565792603],[-73.99106910032,40.693603126575],[-73.991101783515,40.693612288224],[-73.991018756219,40.693783886233],[-73.9908296368,40.693730873433],[-73.990601247251,40.693666851052],[-73.990599961267,40.693666491642],[-73.990715699834,40.69342729056],[-73.990813112563,40.693454569512]]]]},"properties":{"name":null,"construction_year":"1927","ground_elevation":"69","height_roof":"447.71663694","bin":"3002108","geom_source":"Photogrammetric"}},{"type":"Feature","geometry":{"type":"MultiPolygon","coordinates":[[[[-73.986676229303,40.692481235759],[-73.986684033211,40.692302040849],[-73.987061258928,40.692311558169],[-73.987053456033,40.692490753104],[-73.986676229303,40.692481235759]]]]},"properties":{"name":null,"construction_year":"2024","ground_elevation":"45","height_roof":"443","bin":"3430308","geom_source":"Other (Manual)"}},{"type":"Feature","geometry":{"type":"MultiPolygon","coordinates":[[[[-73.960879547877,40.735211452594],[-73.96093356648,40.735027909553],[-73.960970803865,40.734913170425],[-73.960937823148,40.734915528481],[-73.96091432433,40.734753468661],[-73.960993782308,40.734747049763],[-73.960999427033,40.734730520145],[-73.961030040996,40.734728463843],[-73.96104158511,40.734684998417],[-73.961176988861,40.734674020121],[-73.961160457278,40.734715570298],[-73.961554288457,40.734677734318],[-73.961497144267,40.734863127158],[-73.961454768523,40.734867784819],[-73.961354337438,40.735186799394],[-73.9610066011,40.735218027968],[-73.961001575127,40.735237192681],[-73.960868755508,40.735250540885],[-73.960879547877,40.735211452594]]]]},"properties":{"name":null,"construction_year":"2022","ground_elevation":"8","height_roof":"440","bin":"3426510","geom_source":"Other (Manual)"}},{"type":"Feature","geometry":{"type":"MultiPolygon","coordinates":[[[[-73.987578807042,40.694254558141],[-73.987580424532,40.694221873298],[-73.987531545601,40.694220471318],[-73.987532329417,40.694204636783],[-73.987537636793,40.694097408779],[-73.987539922912,40.694051235225],[-73.987543490443,40.693979149549],[-73.987434511203,40.693976024631],[-73.987447230684,40.693719048431],[-73.987495609977,40.693720435984],[-73.987515519171,40.693721006369],[-73.987552840038,40.693722076618],[-73.987563633951,40.693504012257],[-73.987564195675,40.69349265955],[-73.987665549082,40.693495565605],[-73.987740598737,40.693497717743],[-73.987741218618,40.693485196176],[-73.987743768204,40.693433685302],[-73.987744281208,40.69342331865],[-73.988105982707,40.693433689979],[-73.988235554037,40.693437404403],[-73.988256038137,40.693437991828],[-73.988371152066,40.693441292188],[-73.988447713678,40.693443486343],[-73.988440398971,40.693591313825],[-73.988553126866,40.693594545324],[-73.988553079375,40.693595519675],[-73.988605950823,40.69359703508],[-73.988594100124,40.69383653074],[-73.988541228486,40.693835015329],[-73.988537114726,40.693918161984],[-73.988587995267,40.693919620467],[-73.988592294664,40.693919743363],[-73.988576466657,40.694239637312],[-73.988569390482,40.694239434895],[-73.988521285271,40.694238055925],[-73.988520752198,40.69424883231],[-73.98852058921,40.694281559635],[-73.987578807042,40.694254558141]]]]},"properties":{"name":null,"construction_year":"1997","ground_elevation":"48","height_roof":"438.6566295","bin":"3000259","geom_source":"Photogrammetric"}},{"type":"Feature","geometry":{"type":"MultiPolygon","coordinates":[[[[-73.966617388234,40.716242192256],[-73.966272981408,40.716157271004],[-73.966493680616,40.71565698842],[-73.967032198559,40.7158020063],[-73.966617388234,40.716242192256]]]]},"properties":{"name":null,"construction_year":"2019","ground_elevation":"19","height_roof":"435","bin":"3425049","geom_source":"Other (Manual)"}},{"type":"Feature","geometry":{"type":"MultiPolygon","coordinates":[[[[-73.982676238397,40.694413996279],[-73.982685950461,40.694236868648],[-73.982674046058,40.694236490442],[-73.982674652322,40.694225425031],[-73.982679793644,40.694131668899],[-73.98266684458,40.694131258117],[-73.982680538904,40.693881522717],[-73.982701356709,40.693882184123],[-73.982707268266,40.693774371994],[-73.982833730676,40.693778389202],[-73.982834150283,40.693770734904],[-73.9829207092,40.693773484439],[-73.982921300749,40.693773503438],[-73.982915267108,40.693883539826],[-73.982915261164,40.693883651489],[-73.982936866916,40.693884337283],[-73.982939359705,40.693884416897],[-73.982934322181,40.693976284683],[-73.982931450379,40.694028667097],[-73.982926374791,40.694121242679],[-73.982917463659,40.694120960396],[-73.982911674843,40.694226542879],[-73.982911453752,40.69423056904],[-73.982904146896,40.694230336523],[-73.982900310086,40.694230214384],[-73.982900011726,40.694235665144],[-73.982896468283,40.694300300735],[-73.982895630267,40.694315579613],[-73.982894240703,40.694340924343],[-73.982852865086,40.694339610642],[-73.982848487128,40.694419467476],[-73.982676238397,40.694413996279]]]]},"properties":{"name":null,"construction_year":"2008","ground_elevation":"32","height_roof":"428.01992952","bin":"3393888","geom_source":"Photogrammetric"}},{"type":"Feature","geometry":{"type":"MultiPolygon","coordinates":[[[[-73.964893908925,40.720072502731],[-73.964864594443,40.720056280108],[-73.96486103835,40.720059738782],[-73.96485180343,40.720070008981],[-73.964646689973,40.719963241156],[-73.964561960231,40.719919136947],[-73.964681708737,40.719785966701],[-73.96464735923,40.719768086439],[-73.964701455081,40.719717273749],[-73.96465025058,40.719685717677],[-73.964623921824,40.719668473829],[-73.964725532977,40.71957303023],[-73.964656546603,40.719530514907],[-73.964285134358,40.719301615817],[-73.964287613979,40.719299288767],[-73.964355465999,40.71923562302],[-73.964767818275,40.719490022456],[-73.964796896048,40.719507962306],[-73.96483592773,40.719532400567],[-73.964830202364,40.719537772162],[-73.964837308537,40.719542155314],[-73.964877369808,40.719566872133],[-73.964873874197,40.719570151625],[-73.964872832145,40.719571130161],[-73.964889484221,40.719581402855],[-73.964889830874,40.719581653303],[-73.964889851007,40.719581629896],[-73.964892844453,40.719583475954],[-73.964901912673,40.719574967998],[-73.964999522766,40.719635187801],[-73.965061678923,40.719673534185],[-73.965060295837,40.719674832301],[-73.965006379131,40.719725421888],[-73.965071406967,40.719765540443],[-73.965074239454,40.719762882997],[-73.965114833283,40.719724793824],[-73.965197575122,40.719666181254],[-73.965226405615,40.719645758293],[-73.965241596367,40.719657713548],[-73.965246352351,40.719661456603],[-73.965249785651,40.719664159169],[-73.965250856339,40.719665001469],[-73.965268044141,40.719678528714],[-73.965255465734,40.719720636368],[-73.965253580573,40.719726945673],[-73.965198499303,40.71991134718],[-73.965100113638,40.719850649143],[-73.965097063381,40.719848767954],[-73.965076372698,40.719868182078],[-73.965079014756,40.719869811902],[-73.965201299683,40.719945254028],[-73.965201094806,40.719945481796],[-73.965203345269,40.719946801723],[-73.965012002557,40.720153250484],[-73.964878143119,40.720084884438],[-73.964893908925,40.720072502731]]]]},"properties":{"name":null,"construction_year":"2012","ground_elevation":"9","height_roof":"427","bin":"3398150","geom_source":"Other (Manual)"}},{"type":"Feature","geometry":{"type":"MultiPolygon","coordinates":[[[[-73.901644540112,40.659479875022],[-73.901534242824,40.659496487057],[-73.901522008462,40.659449376828],[-73.901632305675,40.659432764805],[-73.901644540112,40.659479875022]]]]},"properties":{"name":null,"construction_year":null,"ground_elevation":"24","height_roof":"423","bin":"3320012","geom_source":"Other (Manual)"}},{"type":"Feature","geometry":{"type":"MultiPolygon","coordinates":[[[[-73.982540090368,40.693431750182],[-73.982547821003,40.693082681878],[-73.982549285221,40.693016600649],[-73.982555205544,40.692749292338],[-73.982562082714,40.692749761647],[-73.982598651326,40.692752255299],[-73.982609819482,40.69275301702],[-73.982635425998,40.692803953908],[-73.982660643519,40.692854115388],[-73.982792359149,40.693116122327],[-73.982795309456,40.693121990512],[-73.982828790459,40.693188590253],[-73.982836891013,40.693184404076],[-73.983010811439,40.693493314857],[-73.982600935822,40.693487007671],[-73.982564219599,40.693486442897],[-73.982538887133,40.693486052737],[-73.982540090368,40.693431750182]]]]},"properties":{"name":null,"construction_year":"2007","ground_elevation":"35","height_roof":"420.94870633","bin":"3394020","geom_source":"Photogrammetric"}},{"type":"Feature","geometry":{"type":"MultiPolygon","coordinates":[[[[-73.983668487555,40.695210669291],[-73.983452061458,40.695203076775],[-73.983453468049,40.69517985095],[-73.983364667708,40.695176735884],[-73.983377700303,40.69496153951],[-73.983378615079,40.694946423634],[-73.983388641001,40.69493652034],[-73.98339857698,40.694926707084],[-73.983414468426,40.694918463378],[-73.983431510015,40.694909624597],[-73.983667119245,40.694918499505],[-73.983691545965,40.694923815094],[-73.983711052326,40.694928060172],[-73.983725041666,40.694942412724],[-73.983734532705,40.69495215041],[-73.983741088638,40.694965788703],[-73.983740176932,40.694983206294],[-73.983733623763,40.695108586474],[-73.983755692529,40.695109254169],[-73.983806623545,40.695110796719],[-73.983850799686,40.695196991009],[-73.983729225651,40.695192726169],[-73.983728012785,40.695212757906],[-73.983668487555,40.695210669291]]]]},"properties":{"name":null,"construction_year":"2005","ground_elevation":"27","height_roof":"420.07083389","bin":"3392968","geom_source":"Photogrammetric"}},{"type":"Feature","geometry":{"type":"MultiPolygon","coordinates":[[[[-73.984520732797,40.692225457169],[-73.984807873417,40.692234842753],[-73.984798495112,40.692401078044],[-73.984511353778,40.692391692437],[-73.984520732797,40.692225457169]]]]},"properties":{"name":null,"construction_year":"2025","ground_elevation":"44","height_roof":"418","bin":"3427523","geom_source":"Other (Manual)"}},{"type":"Feature","geometry":{"type":"MultiPolygon","coordinates":[[[[-73.979840623767,40.691820990222],[-73.979841840674,40.691802990976],[-73.979726415669,40.691798466336],[-73.979725198731,40.69181646648],[-73.979326792299,40.69180084915],[-73.979327966905,40.691789992773],[-73.979202315398,40.691785761138],[-73.97920128887,40.691795929548],[-73.979084976627,40.691791369884],[-73.978947127171,40.690863120875],[-73.97905966003,40.690853438373],[-73.979699265424,40.690799508657],[-73.979724763095,40.690797877819],[-73.979743244408,40.690919773658],[-73.979757003192,40.691002133425],[-73.979948788292,40.690983569595],[-73.979963338571,40.69107065807],[-73.979770225793,40.691089350464],[-73.979780027613,40.691151194938],[-73.97975146376,40.69117084632],[-73.979812709573,40.691538333134],[-73.979863713974,40.691534346491],[-73.979947022452,40.691674445777],[-73.980104612519,40.691664834032],[-73.980122111434,40.69183105739],[-73.979840623767,40.691820990222]]]]},"properties":{"name":null,"construction_year":null,"ground_elevation":"34","height_roof":"415","bin":"3429042","geom_source":"Other (Manual)"}},{"type":"Feature","geometry":{"type":"MultiPolygon","coordinates":[[[[-73.991667724559,40.695650307784],[-73.991466070777,40.696089646876],[-73.991337097037,40.696089637243],[-73.991149753062,40.695471787497],[-73.991598378344,40.695396907452],[-73.991755594263,40.695437535547],[-73.991766391197,40.695440494504],[-73.991667724559,40.695650307784]]]]},"properties":{"name":null,"construction_year":"2020","ground_elevation":"84","height_roof":"410","bin":"3421378","geom_source":"Other (Manual)"}},{"type":"Feature","geometry":{"type":"MultiPolygon","coordinates":[[[[-73.980157375994,40.691661615701],[-73.979947022452,40.691674445777],[-73.979863713974,40.691534346491],[-73.979812709573,40.691538333134],[-73.97975146376,40.69117084632],[-73.979780027613,40.691151194938],[-73.979770225793,40.691089350464],[-73.979963338571,40.69107065807],[-73.980018250534,40.691417108586],[-73.980157375994,40.691661615701]]]]},"properties":{"name":null,"construction_year":"2021","ground_elevation":"36","height_roof":"410","bin":"3426373","geom_source":"Other (Manual)"}},{"type":"Feature","geometry":{"type":"MultiPolygon","coordinates":[[[[-73.963468675146,40.721196623732],[-73.96334031761,40.721126296343],[-73.963276087288,40.721187031473],[-73.962844805924,40.720919675816],[-73.96331561256,40.720496089148],[-73.963835749248,40.720842601503],[-73.963468675146,40.721196623732]]]]},"properties":{"name":null,"construction_year":"2017","ground_elevation":"14","height_roof":"407","bin":"3413765","geom_source":"Other (Manual)"}},{"type":"Feature","geometry":{"type":"MultiPolygon","coordinates":[[[[-73.957136100673,40.737937283304],[-73.957289573406,40.737853817322],[-73.957694260086,40.738284338263],[-73.957249879638,40.738526012727],[-73.957227140794,40.738538378161],[-73.957202653132,40.738512328182],[-73.957182051973,40.738523531846],[-73.957021699575,40.73835294297],[-73.957355951067,40.738171162851],[-73.957136100673,40.737937283304]]]]},"properties":{"name":null,"construction_year":"2022","ground_elevation":"12","height_roof":"405","bin":"3428897","geom_source":"Other (Manual)"}},{"type":"Feature","geometry":{"type":"MultiPolygon","coordinates":[[[[-73.959336895591,40.7363603353],[-73.95982899327,40.736096804137],[-73.960137695594,40.736422238821],[-73.959948245869,40.73661448377],[-73.959924130529,40.736624263002],[-73.959555343615,40.73658581747],[-73.959456582628,40.736508723577],[-73.959336895591,40.7363603353]]]]},"properties":{"name":null,"construction_year":"2020","ground_elevation":"10","height_roof":"400","bin":"3428938","geom_source":"Other (Manual)"}},{"type":"Feature","geometry":{"type":"MultiPolygon","coordinates":[[[[-73.961216317233,40.727015445867],[-73.960203964864,40.727115233465],[-73.960091494255,40.726807374401],[-73.960070012705,40.726745942323],[-73.960082427128,40.726724435264],[-73.96035932652,40.726649505898],[-73.960365168976,40.726665831439],[-73.960408754357,40.726656667543],[-73.960435118564,40.726740629274],[-73.960684648815,40.726692972445],[-73.960693180509,40.726711630305],[-73.960971887097,40.7266804144],[-73.960967628208,40.726656110015],[-73.961159101015,40.726639473015],[-73.961248838759,40.726645876153],[-73.961216317233,40.727015445867]]]]},"properties":{"name":null,"construction_year":"2022","ground_elevation":"12","height_roof":"400","bin":"3429566","geom_source":"Other (Manual)"}},{"type":"Feature","geometry":{"type":"MultiPolygon","coordinates":[[[[-73.959979329384,40.73529597655],[-73.959893599916,40.735302252985],[-73.959898784026,40.735343471047],[-73.959358991263,40.735395551817],[-73.959328220553,40.735203847091],[-73.959757280665,40.735162428561],[-73.959738066352,40.735061477585],[-73.959999804646,40.735032542713],[-73.960039154529,40.735259147632],[-73.95997299978,40.735265732587],[-73.959979329384,40.73529597655]]]]},"properties":{"name":null,"construction_year":"2025","ground_elevation":"11","height_roof":"399","bin":"3430437","geom_source":"Other (Manual)"}},{"type":"Feature","geometry":{"type":"MultiPolygon","coordinates":[[[[-73.991158624467,40.694988007479],[-73.991226936725,40.695008844268],[-73.99122746099,40.695007788007],[-73.991309620083,40.694842147601],[-73.991379730679,40.694862294643],[-73.991411243253,40.694871349854],[-73.991417566336,40.694858603566],[-73.991760925648,40.694957266327],[-73.991821602573,40.69497470098],[-73.991817154095,40.694983667971],[-73.991914887713,40.695011751065],[-73.991903365953,40.695034981686],[-73.991944376511,40.695046765972],[-73.991905618365,40.695124907056],[-73.991920715768,40.695129245887],[-73.991805453844,40.695361627679],[-73.991794768149,40.69535855707],[-73.991755594263,40.695437535547],[-73.991598378344,40.695396907452],[-73.99142518136,40.695425815551],[-73.991149753062,40.695471787497],[-73.991113670218,40.695352917028],[-73.991010795023,40.695014003742],[-73.991158624467,40.694988007479]]]]},"properties":{"name":null,"construction_year":"1987","ground_elevation":"83","height_roof":"398","bin":"3001937","geom_source":"Other (Manual)"}},{"type":"Feature","geometry":{"type":"MultiPolygon","coordinates":[[[[-73.982527305623,40.695152685195],[-73.982534342234,40.69487059701],[-73.982543884026,40.694871055918],[-73.982739840387,40.694880472414],[-73.982953803766,40.694890753036],[-73.982995666172,40.694891358069],[-73.983008718467,40.694895826541],[-73.983021947566,40.694902914628],[-73.98303629244,40.694914322639],[-73.983047803312,40.694932026617],[-73.983051217289,40.694948067055],[-73.983040956187,40.695077689866],[-73.983102753191,40.695078582357],[-73.983145586081,40.695078404932],[-73.983139136006,40.695170612901],[-73.982527305623,40.695152685195]]]]},"properties":{"name":null,"construction_year":"2013","ground_elevation":"25","height_roof":"396","bin":"3420828","geom_source":"Other (Manual)"}},{"type":"Feature","geometry":{"type":"MultiPolygon","coordinates":[[[[-73.980288779008,40.689573942138],[-73.980320844955,40.689786879438],[-73.980207061174,40.689796801595],[-73.980206016189,40.689782084324],[-73.980103950547,40.689791409552],[-73.98010262498,40.689777450464],[-73.979993960384,40.689786685303],[-73.979990511048,40.689773537207],[-73.97990713907,40.689781091498],[-73.979904422495,40.689766466685],[-73.979823163373,40.689774170769],[-73.979819862773,40.689758305845],[-73.979734350257,40.689767265337],[-73.979732114741,40.689754202996],[-73.979646001957,40.689760800269],[-73.979643817855,40.689746015253],[-73.979591066363,40.689749738539],[-73.979573675673,40.689634108625],[-73.979671384093,40.689624602994],[-73.979685852211,40.689621949935],[-73.979757521673,40.689613675136],[-73.979796581295,40.689611654944],[-73.979797027286,40.689603884491],[-73.979847327817,40.689594890877],[-73.979881807943,40.689592750085],[-73.979880922646,40.689582276058],[-73.980011300776,40.689559594128],[-73.980052614013,40.689557641779],[-73.980052367549,40.689551047276],[-73.980178323216,40.689528946122],[-73.980228479908,40.689525913715],[-73.980237341754,40.689578621391],[-73.980288779008,40.689573942138]]]]},"properties":{"name":null,"construction_year":"2007","ground_elevation":"28","height_roof":"393.66767437","bin":"3391840","geom_source":"Photogrammetric"}},{"type":"Feature","geometry":{"type":"MultiPolygon","coordinates":[[[[-73.960383100639,40.732372862727],[-73.960305408298,40.731907944857],[-73.960416785069,40.73189717439],[-73.960411581895,40.73186604022],[-73.961186304954,40.73179111688],[-73.961194514709,40.731823248891],[-73.961239326801,40.731825255907],[-73.961259296715,40.731954390147],[-73.961315858202,40.73196005715],[-73.961318686109,40.731982756318],[-73.961501425439,40.73196498028],[-73.961544721976,40.732033352348],[-73.961533902462,40.732073866214],[-73.961490677853,40.732077656416],[-73.961486429256,40.732096067693],[-73.961339354606,40.732109939373],[-73.961345448472,40.732143060321],[-73.961299682553,40.732160537327],[-73.961308720232,40.732214484425],[-73.961255300275,40.732235340251],[-73.961271212031,40.73233031593],[-73.960498474594,40.732406131122],[-73.960491146808,40.732362389111],[-73.960383100639,40.732372862727]]]]},"properties":{"name":null,"construction_year":"2018","ground_elevation":"7","height_roof":"392","bin":"3422087","geom_source":"Other (Manual)"}},{"type":"Feature","geometry":{"type":"MultiPolygon","coordinates":[[[[-73.991591744994,40.691995105298],[-73.991572391744,40.691989774646],[-73.991433180697,40.691951431325],[-73.991540458545,40.691725772451],[-73.991709519405,40.691772337682],[-73.991840793275,40.691808494561],[-73.991755737884,40.691987408766],[-73.991735396789,40.691981806116],[-73.99171317402,40.692028551058],[-73.991591744994,40.691995105298]]]]},"properties":{"name":null,"construction_year":"1928","ground_elevation":"59","height_roof":"388.16010113","bin":"3002543","geom_source":"Photogrammetric"}},{"type":"Feature","geometry":{"type":"MultiPolygon","coordinates":[[[[-73.984173035506,40.693226255088],[-73.984170928088,40.693267489291],[-73.984168538962,40.6933142427],[-73.984163464736,40.69341353347],[-73.984161549859,40.69345101526],[-73.984160427104,40.693450981787],[-73.984108912891,40.693449456421],[-73.984105894924,40.693508506246],[-73.983785651671,40.693499024203],[-73.983788799496,40.693437440362],[-73.983652425664,40.693433402084],[-73.983604931594,40.693340680308],[-73.983498358661,40.693132617747],[-73.983464376505,40.693066274774],[-73.983463215269,40.693064008015],[-73.983465709498,40.693015214973],[-73.983469649375,40.692938137022],[-73.983479252938,40.692750251746],[-73.98348859133,40.69256756689],[-73.983497914221,40.692385163887],[-73.983507968189,40.69218846984],[-73.98371574247,40.692194622912],[-73.984121636108,40.692206641138],[-73.984224985594,40.692209701784],[-73.984216420657,40.692377314926],[-73.984207490786,40.692552039365],[-73.984199032735,40.692717558819],[-73.984188649108,40.692920727557],[-73.984173035506,40.693226255088]]]]},"properties":{"name":null,"construction_year":"1990","ground_elevation":"42","height_roof":"378.66215176","bin":"3319505","geom_source":"Photogrammetric"}},{"type":"Feature","geometry":{"type":"MultiPolygon","coordinates":[[[[-73.991476072228,40.702428294642],[-73.99146797597,40.702449853199],[-73.991298002184,40.702446760727],[-73.991200883393,40.702377454446],[-73.991202909001,40.702360515069],[-73.990523018062,40.702334282329],[-73.990520997974,40.702311182228],[-73.990394724954,40.702281464772],[-73.990417815959,40.701855130082],[-73.990420415657,40.701805028509],[-73.990482541215,40.701819866896],[-73.990551173982,40.701839584758],[-73.990639231452,40.701873100905],[-73.990723403215,40.701906617573],[-73.990798511356,40.701940133454],[-73.990937067267,40.702021947858],[-73.991476072228,40.702428294642]]]]},"properties":{"name":null,"construction_year":"2023","ground_elevation":null,"height_roof":"373","bin":"3426503","geom_source":"Photogrammetric"}},{"type":"Feature","geometry":{"type":"MultiPolygon","coordinates":[[[[-73.987361915256,40.699352811158],[-73.987348154642,40.699601905766],[-73.987337124704,40.699801573346],[-73.98733501963,40.699839672889],[-73.987268963551,40.699837559305],[-73.987075188587,40.699831359298],[-73.987091512616,40.699535870622],[-73.987093144062,40.699506331299],[-73.987102084924,40.699344496726],[-73.987361915256,40.699352811158]]]]},"properties":{"name":null,"construction_year":"1992","ground_elevation":"62","height_roof":"371.41509581","bin":"3000179","geom_source":"Photogrammetric"}},{"type":"Feature","geometry":{"type":"MultiPolygon","coordinates":[[[[-73.986320444716,40.693625608882],[-73.986326781673,40.693480125454],[-73.986330488024,40.693395036419],[-73.986341734214,40.693136835449],[-73.986343305652,40.693100770087],[-73.986344975751,40.69306242824],[-73.986346497263,40.693027494817],[-73.986356004304,40.692809209771],[-73.986357875273,40.692766256419],[-73.986663627618,40.692773971825],[-73.98674037657,40.69277590779],[-73.986743195857,40.692775979255],[-73.986747471519,40.692776086909],[-73.986760542219,40.6927764171],[-73.987120662063,40.69278550271],[-73.987108995889,40.693053420256],[-73.987107726713,40.693082552612],[-73.987105742136,40.693128118351],[-73.987103683873,40.693175394156],[-73.987099574468,40.69326978097],[-73.987088381108,40.693526806846],[-73.98696739886,40.693523754881],[-73.986965902621,40.693558106581],[-73.986908925859,40.693556669201],[-73.986907452165,40.69359052472],[-73.9868618899,40.693589374977],[-73.986860063205,40.693631320664],[-73.986857894222,40.693681144],[-73.98673074421,40.693677935293],[-73.986345495317,40.693668214226],[-73.986318618867,40.69366753565],[-73.986320444716,40.693625608882]]]]},"properties":{"name":null,"construction_year":"1990","ground_elevation":"43","height_roof":"370.27125989","bin":"3319418","geom_source":"Photogrammetric"}},{"type":"Feature","geometry":{"type":"MultiPolygon","coordinates":[[[[-73.966828516738,40.714899688482],[-73.967476464044,40.715068267918],[-73.967219703012,40.715639636564],[-73.966571750801,40.715471054795],[-73.966828516738,40.714899688482]]]]},"properties":{"name":null,"construction_year":"2025","ground_elevation":"20","height_roof":"370","bin":"3425051","geom_source":"Other (Manual)"}},{"type":"Feature","geometry":{"type":"MultiPolygon","coordinates":[[[[-73.986815413246,40.698410664407],[-73.986609322532,40.698401451789],[-73.986630122607,40.698131902007],[-73.986306109489,40.698117418798],[-73.986316682135,40.697980416084],[-73.986697040197,40.697994195284],[-73.986841130553,40.697999414106],[-73.986815413246,40.698410664407]]]]},"properties":{"name":null,"construction_year":"2017","ground_elevation":"63","height_roof":"368","bin":"3426023","geom_source":"Other (Manual)"}},{"type":"Feature","geometry":{"type":"MultiPolygon","coordinates":[[[[-73.998251351379,40.5964358096],[-73.998147010408,40.596355784812],[-73.998152733148,40.59635097161],[-73.998090806669,40.596299183336],[-73.99802721295,40.596341413179],[-73.997835480383,40.596173587406],[-73.997812355541,40.596190846389],[-73.997747897895,40.596135776375],[-73.998085759554,40.595895740035],[-73.998497594807,40.596236930822],[-73.998251351379,40.5964358096]]]]},"properties":{"name":null,"construction_year":"2023","ground_elevation":"14","height_roof":"365","bin":"3329131","geom_source":"Other (Manual)"}},{"type":"Feature","geometry":{"type":"MultiPolygon","coordinates":[[[[-73.961330190467,40.731592535611],[-73.959688764811,40.731757076477],[-73.959596498336,40.731224399617],[-73.961237911099,40.731059860054],[-73.961330190467,40.731592535611]]]]},"properties":{"name":null,"construction_year":"2025","ground_elevation":"8","height_roof":"365","bin":"3429272","geom_source":"Other (Manual)"}},{"type":"Feature","geometry":{"type":"MultiPolygon","coordinates":[[[[-73.978777606584,40.68624045052],[-73.978520364685,40.686265251575],[-73.97856565251,40.686537443928],[-73.978452288911,40.686548373907],[-73.978444044189,40.686498823391],[-73.978356640711,40.686507250205],[-73.978347953314,40.686455035879],[-73.978307164181,40.686458967946],[-73.978296422469,40.686394405382],[-73.978135013098,40.685393251021],[-73.978135014929,40.685387666034],[-73.978138929715,40.685382902159],[-73.978147928071,40.685380521108],[-73.978155752946,40.685381713973],[-73.978160055497,40.685384916117],[-73.978777606584,40.68624045052]]]]},"properties":{"name":null,"construction_year":"2017","ground_elevation":"40","height_roof":"364","bin":"3428715","geom_source":"Other (Manual)"}},{"type":"Feature","geometry":{"type":"MultiPolygon","coordinates":[[[[-73.990715699834,40.69342729056],[-73.990828213933,40.693194517861],[-73.990840735342,40.693198023654],[-73.990902616015,40.693215352631],[-73.991249251776,40.69331242239],[-73.991294459861,40.693325081627],[-73.991216168275,40.693487056361],[-73.991008893176,40.6934290122],[-73.990982074488,40.693421501625],[-73.990967509992,40.693451632549],[-73.990947851984,40.693492300875],[-73.990912071626,40.693482280749],[-73.990813112563,40.693454569512],[-73.990715699834,40.69342729056]]]]},"properties":{"name":null,"construction_year":"1926","ground_elevation":"68","height_roof":"362","bin":"3002094","geom_source":"Other (Manual)"}},{"type":"Feature","geometry":{"type":"MultiPolygon","coordinates":[[[[-73.982455510816,40.693011642719],[-73.982431921954,40.693461233023],[-73.982017626132,40.693467244504],[-73.981991067441,40.693461946145],[-73.98196611853,40.693453242915],[-73.981943533087,40.69344139772],[-73.981923992035,40.69342676746],[-73.981908084668,40.693409794175],[-73.981896291585,40.693390989378],[-73.981888968519,40.693370921114],[-73.981896498197,40.693265440027],[-73.981911684217,40.693052686021],[-73.981916131776,40.692990366723],[-73.982455510816,40.693011642719]]]]},"properties":{"name":null,"construction_year":"2017","ground_elevation":"35","height_roof":"351","bin":"3424517","geom_source":"Other (Manual)"}},{"type":"Feature","geometry":{"type":"MultiPolygon","coordinates":[[[[-73.975173042259,40.681988229767],[-73.975192467114,40.681932837916],[-73.974857510681,40.681864761079],[-73.974895410789,40.68175439601],[-73.974900013082,40.681755311937],[-73.97569455412,40.681921268988],[-73.975696618124,40.681921680058],[-73.975838150668,40.682130140207],[-73.975173042259,40.681988229767]]]]},"properties":{"name":null,"construction_year":"2013","ground_elevation":"51","height_roof":"348","bin":"3398591","geom_source":"Other (Manual)"}},{"type":"Feature","geometry":{"type":"MultiPolygon","coordinates":[[[[-73.967208819639,40.681874372243],[-73.967460474073,40.681926659104],[-73.967535608244,40.682286017068],[-73.967298505708,40.682313192294],[-73.967208819639,40.681874372243]]]]},"properties":{"name":null,"construction_year":"2022","ground_elevation":"76","height_roof":"342","bin":"3057522","geom_source":"Other (Manual)"}},{"type":"Feature","geometry":{"type":"MultiPolygon","coordinates":[[[[-73.984860641593,40.69293067402],[-73.984869270273,40.692777727508],[-73.984784946242,40.692774970728],[-73.984776139395,40.6927746832],[-73.98478369083,40.692640840935],[-73.984788813008,40.692550050078],[-73.984792332716,40.692487662993],[-73.984800713232,40.692339099242],[-73.984803169769,40.692295545347],[-73.984806470879,40.692237038542],[-73.984911896644,40.69224056171],[-73.985160915249,40.692248881505],[-73.985153275537,40.69238428438],[-73.985139759862,40.692623858752],[-73.985124012243,40.692902973456],[-73.985122269755,40.692933871636],[-73.985121968057,40.692939216142],[-73.985040587322,40.692936556285],[-73.984860641593,40.69293067402]]]]},"properties":{"name":null,"construction_year":"1930","ground_elevation":"42","height_roof":"342","bin":"3392184","geom_source":"Other (Manual)"}},{"type":"Feature","geometry":{"type":"MultiPolygon","coordinates":[[[[-73.958558378714,40.737739158146],[-73.958163745803,40.737317802027],[-73.958727916324,40.737001027711],[-73.958855561453,40.737135547127],[-73.958863729204,40.73713140951],[-73.958905223962,40.737173828339],[-73.958918707861,40.737166898338],[-73.958950292832,40.737200983918],[-73.958934366935,40.737209271918],[-73.959067742108,40.737352725276],[-73.959067733024,40.737367514313],[-73.959062870594,40.737377526232],[-73.959059840203,40.737384673386],[-73.959055921849,40.737389978686],[-73.958558378714,40.737739158146]]]]},"properties":{"name":null,"construction_year":"2020","ground_elevation":"9","height_roof":"340","bin":"3426466","geom_source":"Other (Manual)"}},{"type":"Feature","geometry":{"type":"MultiPolygon","coordinates":[[[[-73.960264271343,40.73526983531],[-73.960232586894,40.735091406699],[-73.96093356648,40.735027909553],[-73.960879547877,40.735211452594],[-73.960264271343,40.73526983531]]]]},"properties":{"name":null,"construction_year":null,"ground_elevation":"9","height_roof":"338","bin":"3428862","geom_source":"Other (Manual)"}},{"type":"Feature","geometry":{"type":"MultiPolygon","coordinates":[[[[-73.982326650376,40.695482477667],[-73.981997824264,40.695475293748],[-73.981986920828,40.695728019155],[-73.981557729152,40.695711234071],[-73.981560471957,40.695590410909],[-73.981749360942,40.695595855797],[-73.981761424578,40.695343686208],[-73.982057728142,40.695345992163],[-73.982060130383,40.695247466529],[-73.982337937457,40.695254836964],[-73.982326650376,40.695482477667]]]]},"properties":{"name":null,"construction_year":"2026","ground_elevation":"24","height_roof":"334","bin":"3430552","geom_source":"Other (Manual)"}},{"type":"Feature","geometry":{"type":"MultiPolygon","coordinates":[[[[-73.991715888665,40.693956764058],[-73.991820398786,40.693743570583],[-73.992151367546,40.693837564853],[-73.992149548673,40.693841274843],[-73.992046858336,40.694050757727],[-73.991778955674,40.693974674379],[-73.991715888665,40.693956764058]]]]},"properties":{"name":null,"construction_year":"1999","ground_elevation":"74","height_roof":"332.123588","bin":"3002105","geom_source":"Photogrammetric"}},{"type":"Feature","geometry":{"type":"MultiPolygon","coordinates":[[[[-73.964494956652,40.719913326026],[-73.964354074701,40.71984537774],[-73.964308646653,40.719883485857],[-73.963912629426,40.719659397476],[-73.963908809851,40.719661966334],[-73.963888207654,40.719644232435],[-73.964012898325,40.719546255461],[-73.964053599838,40.719561755146],[-73.96409432704,40.719529602536],[-73.964258674278,40.71963567972],[-73.964423016227,40.719754860887],[-73.964582685864,40.719827579469],[-73.964494956652,40.719913326026]]]]},"properties":{"name":null,"construction_year":"2010","ground_elevation":"10","height_roof":"330.62548894","bin":"3397447","geom_source":"Photogrammetric"}},{"type":"Feature","geometry":{"type":"MultiPolygon","coordinates":[[[[-73.982350839805,40.688821267416],[-73.981884589469,40.688639067005],[-73.981954607301,40.688538959805],[-73.981890941676,40.688514882679],[-73.982016573917,40.688327048936],[-73.982541606945,40.68852959585],[-73.982350839805,40.688821267416]]]]},"properties":{"name":null,"construction_year":"2024","ground_elevation":"41","height_roof":"330","bin":"3429691","geom_source":"Other (Manual)"}},{"type":"Feature","geometry":{"type":"MultiPolygon","coordinates":[[[[-73.963836884889,40.719375540153],[-73.9637599166,40.719327883474],[-73.963770835758,40.719317675126],[-73.963695247147,40.719270873421],[-73.963896138529,40.719083048764],[-73.963882842188,40.719074816634],[-73.963896586471,40.719062353382],[-73.963944628154,40.7190930227],[-73.964002099577,40.719129710354],[-73.964060232443,40.719166821425],[-73.964121484216,40.719111276354],[-73.964151953658,40.719126744901],[-73.963993373,40.71930756917],[-73.96388766588,40.719403382752],[-73.963836884889,40.719375540153]]]]},"properties":{"name":null,"construction_year":"2007","ground_elevation":"8","height_roof":"329","bin":"3391008","geom_source":"Other (Manual)"}},{"type":"Feature","geometry":{"type":"MultiPolygon","coordinates":[[[[-73.963734802391,40.720287641824],[-73.963705076033,40.720315217778],[-73.963727768105,40.720329489006],[-73.963638267689,40.720376170227],[-73.963624467125,40.720367557893],[-73.963568691112,40.720393296644],[-73.963372619154,40.720270948792],[-73.963352791227,40.720289342602],[-73.963210797833,40.720200739371],[-73.963196045289,40.720214425109],[-73.963118982041,40.720166337533],[-73.963022089064,40.720105875934],[-73.963024391117,40.720103739763],[-73.963144957371,40.719991891855],[-73.963169454784,40.720007177746],[-73.963508933719,40.719692245117],[-73.96377910801,40.719850631079],[-73.963854118922,40.719894604942],[-73.963841174725,40.719906750559],[-73.963823215548,40.719923601564],[-73.96379503812,40.719950038884],[-73.964009477145,40.720082339699],[-73.963812132734,40.720187112512],[-73.963674723716,40.720060145066],[-73.96366657992,40.72007031916],[-73.963558022843,40.720020019286],[-73.963506422458,40.720067890262],[-73.963514728307,40.720073072628],[-73.963474518444,40.720110374311],[-73.96346422203,40.720119927256],[-73.963487577804,40.720134500413],[-73.963687593092,40.720259308609],[-73.963734802391,40.720287641824]]]]},"properties":{"name":null,"construction_year":"2008","ground_elevation":"13","height_roof":"327.2474627","bin":"3397446","geom_source":"Photogrammetric"}},{"type":"Feature","geometry":{"type":"MultiPolygon","coordinates":[[[[-73.978640638442,40.688427265513],[-73.978634764317,40.688395504208],[-73.97861786558,40.688382635431],[-73.978574903428,40.688146748703],[-73.978576473138,40.688132453341],[-73.978587214215,40.688115967836],[-73.978610221855,40.688110611356],[-73.978916386891,40.688235642034],[-73.978794069598,40.688410960369],[-73.978770230907,40.688402987329],[-73.978761464617,40.688422115323],[-73.978640638442,40.688427265513]]]]},"properties":{"name":null,"construction_year":"2006","ground_elevation":"34","height_roof":"327","bin":"3393804","geom_source":"Other (Manual)"}},{"type":"Feature","geometry":{"type":"MultiPolygon","coordinates":[[[[-73.986860149329,40.701738602647],[-73.986867678098,40.701613639444],[-73.9871500353,40.701623492292],[-73.9871791505,40.701671411786],[-73.987206921997,40.701717119465],[-73.987244413223,40.701778824011],[-73.987273420917,40.701826565167],[-73.987251395216,40.701836390018],[-73.987248528567,40.701883982663],[-73.987246706492,40.701914230661],[-73.98724495445,40.701943314305],[-73.987240810559,40.70201208505],[-73.987234905109,40.702110121339],[-73.987229497009,40.702199890982],[-73.987225081253,40.702273185867],[-73.987223813556,40.702275422598],[-73.987167824095,40.702374243961],[-73.98693472363,40.702366110433],[-73.986936637267,40.702334346891],[-73.986938663678,40.702300710296],[-73.986891037875,40.702299048841],[-73.986894215824,40.702246300811],[-73.986879631099,40.702245792162],[-73.986829696819,40.702244049372],[-73.986834414545,40.702165733282],[-73.986842476438,40.702031919017],[-73.986845898962,40.701975119611],[-73.986847641681,40.701946198065],[-73.986847899287,40.701941936871],[-73.986849570778,40.701914185982],[-73.986854791802,40.701827516795],[-73.986860149329,40.701738602647]]]]},"properties":{"name":null,"construction_year":"2006","ground_elevation":"26","height_roof":"326","bin":"3391186","geom_source":"Other (Manual)"}},{"type":"Feature","geometry":{"type":"MultiPolygon","coordinates":[[[[-73.959547757409,40.736899785425],[-73.959577115309,40.736911112416],[-73.959569269998,40.736936127573],[-73.959533017616,40.736984567569],[-73.959537283324,40.736995919069],[-73.959509498623,40.737015992431],[-73.959488781749,40.737043673062],[-73.95946301689,40.737045927873],[-73.9594495508,40.737031507802],[-73.958850195839,40.736833113233],[-73.958753747513,40.736736707273],[-73.958945504898,40.736638518666],[-73.959002423046,40.73668829831],[-73.959050028825,40.736697846222],[-73.959547757409,40.736899785425]]]]},"properties":{"name":null,"construction_year":"2020","ground_elevation":"10","height_roof":"323","bin":"3418101","geom_source":"Other (Manual)"}},{"type":"Feature","geometry":{"type":"MultiPolygon","coordinates":[[[[-73.953832606106,40.652636394726],[-73.95399853717,40.652628114311],[-73.953993128169,40.652558985718],[-73.954749618246,40.652518710296],[-73.954783890919,40.652865385207],[-73.953860298523,40.652910010082],[-73.953832606106,40.652636394726]]]]},"properties":{"name":null,"construction_year":"2019","ground_elevation":"55","height_roof":"320","bin":"3116661","geom_source":"Other (Manual)"}},{"type":"Feature","geometry":{"type":"MultiPolygon","coordinates":[[[[-73.99372836528,40.698312919797],[-73.993740749762,40.698287042444],[-73.993791246157,40.698181531232],[-73.993854389504,40.698049592431],[-73.993888108163,40.698058939744],[-73.993894078461,40.698046465261],[-73.993948599316,40.69806157964],[-73.99402704711,40.69808332751],[-73.99410746279,40.697915297823],[-73.994146752877,40.697926189725],[-73.994444817491,40.698008820209],[-73.994322948216,40.698263469289],[-73.994242124385,40.698432353685],[-73.99423240983,40.69845265255],[-73.994121180896,40.698421818782],[-73.99372836528,40.698312919797]]]]},"properties":{"name":null,"construction_year":"1929","ground_elevation":"74","height_roof":"317","bin":"3001726","geom_source":"Other (Manual)"}},{"type":"Feature","geometry":{"type":"MultiPolygon","coordinates":[[[[-74.00085775746,40.692999341094],[-74.000414547692,40.692883085515],[-74.000503839968,40.692685865586],[-74.00094704858,40.692802120824],[-74.00085775746,40.692999341094]]]]},"properties":{"name":null,"construction_year":"2020","ground_elevation":"8","height_roof":"315","bin":"3426346","geom_source":"Other (Manual)"}},{"type":"Feature","geometry":{"type":"MultiPolygon","coordinates":[[[[-73.959983177932,40.667913182385],[-73.95949844514,40.667807495708],[-73.959486943837,40.667809558343],[-73.95933595064,40.667776637142],[-73.95931862489,40.667763051237],[-73.959344338249,40.667694671543],[-73.959344431828,40.667694424835],[-73.959357255911,40.667660322324],[-73.959357927558,40.667658535938],[-73.959385192606,40.667586035121],[-73.959411799212,40.6675790457],[-73.959422938797,40.667549424456],[-73.959384195874,40.667540976552],[-73.959372165907,40.667529555563],[-73.959422295189,40.667396251865],[-73.959446957045,40.66738604961],[-73.959608102211,40.667421184097],[-73.95962058505,40.667436678255],[-73.959586035339,40.667528555674],[-73.959692663589,40.66755180478],[-73.959692770199,40.667551520254],[-73.959715603192,40.667542171891],[-73.959955242378,40.66759442064],[-73.959950575317,40.667606829926],[-73.9599629063,40.667609517755],[-73.959920236972,40.667722985018],[-73.960088706368,40.667759716196],[-73.960191622648,40.667486031023],[-73.960203028388,40.667455700188],[-73.960205062207,40.667450291492],[-73.960270705563,40.667464603567],[-73.960301542448,40.667471326658],[-73.960317020017,40.667474700828],[-73.960420342201,40.667497227706],[-73.96035375363,40.667674308351],[-73.960276020716,40.667881022887],[-73.96019759437,40.668089581382],[-73.96018022677,40.668135764634],[-73.960179304019,40.668138218221],[-73.960178937998,40.668139192452],[-73.960176817686,40.668144829848],[-73.960166304095,40.668142537998],[-73.96015393753,40.668139842073],[-73.960139796038,40.668136758311],[-73.960076448459,40.668122946746],[-73.960033600673,40.668113605226],[-73.959977128172,40.668101292652],[-73.959966440768,40.668098962901],[-73.959966463275,40.668098902574],[-73.95996719769,40.668096950511],[-73.959967922628,40.66809502456],[-73.959968652307,40.668093083302],[-73.95996871272,40.668092919429],[-73.959969376062,40.668091158251],[-73.959970110478,40.668089203486],[-73.959971794896,40.668084724005],[-73.959987048225,40.66804416197],[-73.960032277426,40.667923887676],[-73.959983177932,40.667913182385]]]]},"properties":{"name":null,"construction_year":"1973","ground_elevation":"112","height_roof":"314.59","bin":"3029715","geom_source":"Photogrammetric"}},{"type":"Feature","geometry":{"type":"MultiPolygon","coordinates":[[[[-73.953598562321,40.586521645832],[-73.953262971388,40.586482110109],[-73.953274432334,40.586421752664],[-73.953241588189,40.586417753585],[-73.953252900332,40.586347241775],[-73.953267243808,40.586348755986],[-73.953273963975,40.586316250712],[-73.95329835499,40.586319122492],[-73.953305452809,40.586290443695],[-73.953439047793,40.586305985114],[-73.953441459748,40.586294211744],[-73.953497481939,40.586299137781],[-73.953496079603,40.586311369028],[-73.95364060889,40.586332275455],[-73.953643572867,40.586340297616],[-73.953663117582,40.586349758297],[-73.953688098541,40.586353619908],[-73.953904912968,40.586374486675],[-73.953896820397,40.58642089372],[-73.953909737838,40.586422916076],[-73.953887060011,40.586545908615],[-73.953600482535,40.586510361244],[-73.953598562321,40.586521645832]]]]},"properties":{"name":null,"construction_year":"2017","ground_elevation":"6","height_roof":"314","bin":"3426433","geom_source":"Other (Manual)"}},{"type":"Feature","geometry":{"type":"MultiPolygon","coordinates":[[[[-73.98357744532,40.690652522033],[-73.983993657712,40.690664010883],[-73.983980232175,40.690945850776],[-73.983564016844,40.690934361879],[-73.98357744532,40.690652522033]]]]},"properties":{"name":null,"construction_year":"2017","ground_elevation":"43","height_roof":"310","bin":"3425729","geom_source":"Other (Manual)"}},{"type":"Feature","geometry":{"type":"MultiPolygon","coordinates":[[[[-73.984704483045,40.694214703886],[-73.984447938237,40.694212424532],[-73.984025574416,40.694208670085],[-73.983893663734,40.693941488419],[-73.98387347203,40.693900588795],[-73.983933731994,40.693843735231],[-73.98410670672,40.693845273007],[-73.984112857685,40.693845327886],[-73.984312893588,40.693847105919],[-73.984384913946,40.693847746071],[-73.984565012171,40.69384934626],[-73.984565695672,40.693804788969],[-73.985042618211,40.693809025808],[-73.985040003139,40.693979591631],[-73.985036737281,40.694192612049],[-73.985036353065,40.694217651661],[-73.985015014456,40.694217462479],[-73.985002985756,40.694217355553],[-73.984704483045,40.694214703886]]]]},"properties":{"name":null,"construction_year":"2002","ground_elevation":"35","height_roof":"307.94835941","bin":"3348771","geom_source":"Photogrammetric"}},{"type":"Feature","geometry":{"type":"MultiPolygon","coordinates":[[[[-73.957289573406,40.737853817322],[-73.957136100673,40.737937283304],[-73.956868020763,40.738083077186],[-73.956506477528,40.737698454104],[-73.956723944167,40.73758044793],[-73.956716853662,40.737571674319],[-73.956750572725,40.737552120752],[-73.956854281075,40.737663484031],[-73.957026094912,40.737573514595],[-73.957289573406,40.737853817322]]]]},"properties":{"name":null,"construction_year":"2022","ground_elevation":"12","height_roof":"305","bin":"3428896","geom_source":"Other (Manual)"}},{"type":"Feature","geometry":{"type":"MultiPolygon","coordinates":[[[[-73.988180448531,40.701843452302],[-73.988497028655,40.701854458909],[-73.988463207361,40.702417919406],[-73.988222418988,40.702409548179],[-73.988150802473,40.702354677137],[-73.988169848497,40.702026244352],[-73.988127584036,40.702025382714],[-73.988137082448,40.701856637641],[-73.988147461853,40.701856998015],[-73.988148341247,40.701842335968],[-73.988180448531,40.701843452302]]]]},"properties":{"name":null,"construction_year":"2024","ground_elevation":"26","height_roof":"303","bin":"3427430","geom_source":"Other (Manual)"}},{"type":"Feature","geometry":{"type":"MultiPolygon","coordinates":[[[[-73.989620835444,40.69168400176],[-73.989493419482,40.691650030046],[-73.989519127836,40.691595626983],[-73.989509649504,40.691593032641],[-73.989536356663,40.691536518861],[-73.989555966579,40.691495022291],[-73.989652664292,40.691290398392],[-73.989831557167,40.691339377941],[-73.990046069729,40.691398109254],[-73.990113514676,40.691416574687],[-73.99020013519,40.691440289906],[-73.990029307021,40.691792906311],[-73.989620835444,40.69168400176]]]]},"properties":{"name":null,"construction_year":"1969","ground_elevation":"52","height_roof":"300.91059163","bin":"3002555","geom_source":"Photogrammetric"}},{"type":"Feature","geometry":{"type":"MultiPolygon","coordinates":[[[[-73.983265372042,40.692707402727],[-73.983087083085,40.692702802061],[-73.982846813911,40.692231606322],[-73.982846834306,40.69215231704],[-73.98329555726,40.692164581389],[-73.983265372042,40.692707402727]]]]},"properties":{"name":null,"construction_year":"2023","ground_elevation":"42","height_roof":"300","bin":"3058246","geom_source":"Other (Manual)"}},{"type":"Feature","geometry":{"type":"MultiPolygon","coordinates":[[[[-73.981857748002,40.692600752416],[-73.982094625652,40.692608740139],[-73.982168268499,40.692611362159],[-73.982157400638,40.692748557251],[-73.981851666443,40.69273734579],[-73.981857748002,40.692600752416]]]]},"properties":{"name":null,"construction_year":"2026","ground_elevation":"48","height_roof":"300","bin":"3430061","geom_source":"Other (Manual)"}},{"type":"Feature","geometry":{"type":"MultiPolygon","coordinates":[[[[-73.991693280365,40.697283525857],[-73.991717352892,40.697275811999],[-73.991726169067,40.697272712168],[-73.991745819987,40.697265801244],[-73.991823746843,40.697286497883],[-73.991893854435,40.697305117336],[-73.991902233106,40.697319259575],[-73.991927746493,40.697362320276],[-73.991891624192,40.697441108084],[-73.991890924752,40.697442633503],[-73.991919627573,40.697450255659],[-73.991927147084,40.697446505551],[-73.991932174683,40.697443997976],[-73.991962968905,40.697376829997],[-73.991982958029,40.697371491352],[-73.992037693266,40.697386349105],[-73.992046174128,40.697397159444],[-73.99205975277,40.697392338136],[-73.992114709282,40.697407303029],[-73.992121034725,40.69741553865],[-73.992122733498,40.697417750425],[-73.992164026067,40.697428716983],[-73.992164604657,40.697428560333],[-73.9921789274,40.697424687302],[-73.992231355614,40.69743891895],[-73.992239249544,40.697450723401],[-73.992255140162,40.697445375427],[-73.992309855408,40.697460227646],[-73.992317287732,40.69747364758],[-73.992334735555,40.697466981348],[-73.99238823339,40.697481503862],[-73.992394099192,40.697495089382],[-73.99241308989,40.697488250341],[-73.9924667392,40.697502813351],[-73.99247209876,40.697515181341],[-73.992473147961,40.697517601087],[-73.992500898466,40.697524871835],[-73.99251856982,40.69752950252],[-73.992557949405,40.697539820443],[-73.992616639017,40.697555198673],[-73.992633084471,40.697550466632],[-73.992641044412,40.697533104359],[-73.992633084266,40.697520187798],[-73.992646178977,40.697515333972],[-73.992704165781,40.697530734625],[-73.992711594963,40.697541221564],[-73.992724289682,40.697537078208],[-73.992728405823,40.697538171691],[-73.992784074896,40.697552955306],[-73.992787921886,40.69755933928],[-73.992794788978,40.697570732995],[-73.99277354619,40.697615182763],[-73.992759838636,40.697619560194],[-73.992766497602,40.697629930915],[-73.992744625184,40.697675695387],[-73.99273206421,40.697679175076],[-73.992737100838,40.697691438573],[-73.992727562262,40.69771139603],[-73.992716925442,40.697733652426],[-73.992703207095,40.697739091553],[-73.992708628292,40.697751011981],[-73.992688809078,40.697792482027],[-73.992676801503,40.697798733523],[-73.992680382917,40.697810109925],[-73.992665686829,40.697840859691],[-73.99266064296,40.697851414277],[-73.992660052525,40.697851679891],[-73.992646976565,40.697857568408],[-73.992649190976,40.697862112536],[-73.992649337657,40.697862412416],[-73.992651815857,40.697867498669],[-73.992652390752,40.697868679277],[-73.992632399868,40.697910505905],[-73.992631784579,40.697910824647],[-73.992628321213,40.697912615545],[-73.992618522739,40.697917683902],[-73.992622112932,40.697924537933],[-73.992623985511,40.697928112187],[-73.992604284538,40.697969333684],[-73.992597359075,40.6979720762],[-73.992590122422,40.697974942066],[-73.9925923354,40.697981722167],[-73.99259375237,40.697986061828],[-73.992587781773,40.697999083755],[-73.992582105797,40.698001367989],[-73.992562998924,40.698009058034],[-73.992545693063,40.698004240974],[-73.992535087046,40.697993465655],[-73.992524342034,40.697998298008],[-73.992461928807,40.697980924854],[-73.992457914025,40.697972655185],[-73.992446622474,40.697976664426],[-73.99240380569,40.697964746929],[-73.992383643744,40.697959134503],[-73.992379477603,40.697950198442],[-73.992366955511,40.697954489455],[-73.992307665861,40.697937986319],[-73.992300140805,40.697927987426],[-73.992292095708,40.697933652011],[-73.992227166059,40.697915578863],[-73.992224049295,40.697907726183],[-73.992211113194,40.697911110335],[-73.992150879475,40.697894345005],[-73.992145830921,40.697883676289],[-73.992131995365,40.697889088325],[-73.992072921163,40.697872644517],[-73.992067503375,40.697862783531],[-73.992075954647,40.697844350622],[-73.992079012773,40.697837680737],[-73.992072737558,40.697824658894],[-73.992053509151,40.697819552563],[-73.992033247799,40.697824629152],[-73.992021944312,40.697849282601],[-73.992016597216,40.69785188201],[-73.992009943814,40.697855114389],[-73.992000212491,40.697852405872],[-73.991953615738,40.697839435244],[-73.991946839765,40.697828877162],[-73.991929957694,40.697832849942],[-73.991876039708,40.69781784181],[-73.991875616205,40.697817228531],[-73.9918682605,40.697806583954],[-73.991910654339,40.697714117812],[-73.991902425487,40.69770321833],[-73.991884610977,40.697698487584],[-73.991871049941,40.697703847378],[-73.991865029071,40.69769157837],[-73.991827010128,40.697681480932],[-73.991804984143,40.697690969868],[-73.991787280594,40.697659596551],[-73.991806466786,40.697651445578],[-73.991841783344,40.697574418243],[-73.991850609809,40.69755516591],[-73.991811138855,40.697489998419],[-73.991793935826,40.697497188687],[-73.991651979945,40.697459487528],[-73.991624797695,40.69740341694],[-73.991648533854,40.697351646396],[-73.991676756593,40.697290087599],[-73.991693628138,40.69728415444],[-73.991693280365,40.697283525857]]]]},"properties":{"name":null,"construction_year":"1971","ground_elevation":"81","height_roof":"297.91005109","bin":"3001727","geom_source":"Photogrammetric"}},{"type":"Feature","geometry":{"type":"MultiPolygon","coordinates":[[[[-73.982363814766,40.692218051745],[-73.982215749424,40.692260390904],[-73.982174262894,40.692311530932],[-73.982105762829,40.692310405468],[-73.982108693369,40.69225289465],[-73.982068350744,40.692251449352],[-73.982074357491,40.692140484551],[-73.982329425777,40.69215271334],[-73.982363814766,40.692218051745]]]]},"properties":{"name":null,"construction_year":"2026","ground_elevation":"48","height_roof":"297","bin":"3429996","geom_source":"Other (Manual)"}},{"type":"Feature","geometry":{"type":"MultiPolygon","coordinates":[[[[-73.981865062743,40.69243646215],[-73.981867169671,40.692389126108],[-73.981955646653,40.692392778986],[-73.981969580766,40.692135460432],[-73.982074357491,40.692140484551],[-73.982068350744,40.692251449352],[-73.982108693369,40.69225289465],[-73.982105762829,40.692310405468],[-73.982101332281,40.692429085209],[-73.982008211552,40.69242577031],[-73.982007454155,40.692439756962],[-73.981865062743,40.69243646215]]]]},"properties":{"name":null,"construction_year":"2026","ground_elevation":"48","height_roof":"297","bin":"3429997","geom_source":null}},{"type":"Feature","geometry":{"type":"MultiPolygon","coordinates":[[[[-73.981865062743,40.69243646215],[-73.982007454155,40.692439756962],[-73.982008211552,40.69242577031],[-73.982101332281,40.692429085209],[-73.982094625652,40.692608740139],[-73.981857748002,40.692600752416],[-73.981865062743,40.69243646215]]]]},"properties":{"name":null,"construction_year":"2026","ground_elevation":"48","height_roof":"297","bin":"3429999","geom_source":null}},{"type":"Feature","geometry":{"type":"MultiPolygon","coordinates":[[[[-74.024480862829,40.639726280807],[-74.024063891819,40.639470309017],[-74.023755671487,40.639281096667],[-74.023989781031,40.639059800492],[-74.02402248671,40.639028884255],[-74.024294598768,40.638771662312],[-74.024302565955,40.638764130489],[-74.024315250697,40.638771917295],[-74.024377424658,40.63881008613],[-74.0244273585,40.6388407391],[-74.024442256721,40.638849885205],[-74.024453068576,40.638856522432],[-74.02445913783,40.638860248388],[-74.024458320077,40.638861021207],[-74.024455218053,40.638863953056],[-74.024450515974,40.638868398117],[-74.024430223408,40.63888757988],[-74.024425388973,40.638892149239],[-74.024423465125,40.638893967795],[-74.024420423366,40.638896843798],[-74.024413275112,40.638903601008],[-74.024404255004,40.638912127234],[-74.02439223331,40.638923491632],[-74.024388728312,40.638926804483],[-74.024384020316,40.638931254946],[-74.024385374163,40.638932085837],[-74.024387755516,40.638933547775],[-74.024389786878,40.638934794563],[-74.024391692906,40.638935964833],[-74.024393276139,40.638936936157],[-74.02439488775,40.638937926386],[-74.02439650409,40.638938917514],[-74.024398123978,40.638939912243],[-74.024399741501,40.638940905172],[-74.024401377943,40.638941910705],[-74.024413671355,40.638949456244],[-74.024497816927,40.639001112819],[-74.02453885102,40.639026302387],[-74.024615461321,40.639073332717],[-74.024704210312,40.639127813983],[-74.024948235906,40.63927761663],[-74.024968825246,40.639290255445],[-74.024974571769,40.639293782429],[-74.024978406333,40.639296137354],[-74.024982087183,40.639298396856],[-74.024985425134,40.639300446612],[-74.024988887238,40.639302571084],[-74.024991658813,40.639304272462],[-74.024994809943,40.639306206992],[-74.024997778982,40.639308029897],[-74.025000717277,40.639309832998],[-74.025003648479,40.639311632497],[-74.025006643531,40.639313470705],[-74.025009804121,40.639315411537],[-74.025017524097,40.639320150188],[-74.025021726394,40.639322730161],[-74.025045455368,40.639300298474],[-74.025046479921,40.639299330193],[-74.025082703162,40.639321566912],[-74.025150262794,40.639363039956],[-74.025180226494,40.639334715684],[-74.025180995793,40.639333987896],[-74.025181424757,40.639333582569],[-74.025181863176,40.639333168234],[-74.025182243689,40.639332807943],[-74.025182768373,40.639332311643],[-74.0251833096,40.639331800029],[-74.025184706393,40.639330480463],[-74.025185151902,40.639330059823],[-74.025362672927,40.639439034907],[-74.025388247476,40.639454734311],[-74.02542125355,40.639474995895],[-74.025472226535,40.639506286647],[-74.025550765394,40.639554498306],[-74.025575455579,40.639569654851],[-74.025575792369,40.639569336893],[-74.025577000084,40.639568194767],[-74.025578178256,40.639567081464],[-74.0255793647,40.639565960054],[-74.025581596964,40.639563849642],[-74.025698641668,40.639635699348],[-74.025791330961,40.639692597685],[-74.025890672764,40.639753579201],[-74.025995617116,40.639818000248],[-74.026102620289,40.639883684158],[-74.026155599319,40.63991620606],[-74.026168032637,40.63992383873],[-74.026167873106,40.639923990053],[-74.026162254056,40.639929300791],[-74.026152574637,40.639938451363],[-74.026152209487,40.639938796344],[-74.026150800884,40.639940128532],[-74.026141964023,40.639948481952],[-74.026136775114,40.639953387357],[-74.026139279515,40.639954924874],[-74.02614705049,40.639959695856],[-74.026156707453,40.639965622675],[-74.026162756802,40.63996933864],[-74.02616278518,40.639969353943],[-74.026208803292,40.639997601741],[-74.026214205853,40.640000918921],[-74.026215493528,40.640001709283],[-74.02620142049,40.640015013152],[-74.02619387524,40.640022145179],[-74.026165932396,40.640048560154],[-74.026164161004,40.640050234621],[-74.026137793365,40.640075159772],[-74.026137104424,40.640075811004],[-74.026132156575,40.640080488522],[-74.026126935749,40.640085423651],[-74.026101769889,40.640109213867],[-74.026071058204,40.640138244554],[-74.02606252501,40.640146313335],[-74.025984955681,40.640219638519],[-74.025978140689,40.640226080568],[-74.025971901196,40.640231979475],[-74.02592577263,40.640275584897],[-74.025919931368,40.640281106393],[-74.025824462106,40.640371352646],[-74.025764256589,40.640428264525],[-74.025709197411,40.640480312422],[-74.025492243504,40.640347134388],[-74.025427877603,40.640307623073],[-74.025356385251,40.640263736773],[-74.025192506102,40.640163138028],[-74.024978555252,40.640031799923],[-74.024963208554,40.640022379328],[-74.024908548615,40.639988825246],[-74.024862046266,40.639960278961],[-74.024854412545,40.639955593411],[-74.024845730015,40.639950263316],[-74.024841552516,40.639947698641],[-74.024833454105,40.639942727726],[-74.024799147315,40.639921667494],[-74.024794859855,40.639919035302],[-74.024747168088,40.639889758906],[-74.024733501674,40.639881369012],[-74.024480862829,40.639726280807]]]]},"properties":{"name":null,"construction_year":"1971","ground_elevation":"49","height_roof":"296.53921512","bin":"3144193","geom_source":"Photogrammetric"}},{"type":"Feature","geometry":{"type":"MultiPolygon","coordinates":[[[[-73.970114600085,40.683096371368],[-73.97009524959,40.682999513334],[-73.969962837776,40.683014843422],[-73.969917294254,40.682786878049],[-73.970150435753,40.682759884609],[-73.970324607108,40.682739719414],[-73.97032891396,40.682761273433],[-73.970378303044,40.682755555283],[-73.970431452786,40.68274940133],[-73.970438795386,40.682786151403],[-73.970544742373,40.682773883848],[-73.97055131548,40.682806780416],[-73.970612606463,40.682799683823],[-73.970655663101,40.682794698757],[-73.970668844842,40.682860676493],[-73.970649063163,40.682862966861],[-73.970391202075,40.682892823091],[-73.970147544741,40.682921034488],[-73.970142424824,40.682921627499],[-73.970145122918,40.682935135012],[-73.970149432087,40.682956698944],[-73.970225994283,40.682947834304],[-73.970231691483,40.682976351462],[-73.970292258906,40.68327951172],[-73.970154377656,40.683295475479],[-73.970114600085,40.683096371368]]]]},"properties":{"name":null,"construction_year":"1974","ground_elevation":"68","height_roof":"296.2","bin":"3057520","geom_source":"Photogrammetric"}},{"type":"Feature","geometry":{"type":"MultiPolygon","coordinates":[[[[-73.982174262894,40.692311530932],[-73.982215749424,40.692260390904],[-73.982363814766,40.692218051745],[-73.982475076294,40.692429441691],[-73.982245834764,40.692421779213],[-73.982174262894,40.692311530932]]]]},"properties":{"name":null,"construction_year":"2026","ground_elevation":"48","height_roof":"296","bin":"3430016","geom_source":null}},{"type":"Feature","geometry":{"type":"MultiPolygon","coordinates":[[[[-73.991903493477,40.69820369804],[-73.991911844162,40.698186133231],[-73.991925765051,40.698189966789],[-73.992124875582,40.698244798377],[-73.992313688308,40.698296794119],[-73.992428769742,40.698328485375],[-73.992413897067,40.6983597709],[-73.992362141425,40.698468638533],[-73.992360183958,40.698472754646],[-73.992347426091,40.698499592671],[-73.992335355814,40.698524980916],[-73.992332449194,40.698531094301],[-73.992222831609,40.698761673961],[-73.992154691109,40.698905004797],[-73.992120101452,40.698895480417],[-73.991788438794,40.698804146183],[-73.991637760461,40.698762652333],[-73.991684463954,40.698664415214],[-73.991806654327,40.698407393412],[-73.991813310299,40.698393394519],[-73.99181912007,40.698381173176],[-73.991831456804,40.698355223085],[-73.991843213616,40.698330494045],[-73.991896723928,40.698217937367],[-73.991900991585,40.698208961359],[-73.991902266201,40.698206277922],[-73.991903493477,40.69820369804]]]]},"properties":{"name":null,"construction_year":"1967","ground_elevation":"73","height_roof":"294.40279243","bin":"3326019","geom_source":"Photogrammetric"}},{"type":"Feature","geometry":{"type":"MultiPolygon","coordinates":[[[[-73.990979622678,40.692873567156],[-73.991189284676,40.692931689],[-73.991308950069,40.692964861292],[-73.991313235074,40.692966048491],[-73.991288029512,40.693018726601],[-73.991254098567,40.693089639432],[-73.991122937279,40.693053279283],[-73.990920485633,40.692997157927],[-73.990979622678,40.692873567156]]]]},"properties":{"name":null,"construction_year":"1918","ground_elevation":"67","height_roof":"291.25159687","bin":"3002248","geom_source":"Photogrammetric"}},{"type":"Feature","geometry":{"type":"MultiPolygon","coordinates":[[[[-73.969019427374,40.681112028371],[-73.968792364505,40.681062310848],[-73.969046176654,40.680733176523],[-73.969063109548,40.680687202607],[-73.968959242694,40.680661427126],[-73.968944735768,40.680687171623],[-73.96876598402,40.680650339927],[-73.968831285675,40.680488515364],[-73.969343384709,40.680591642976],[-73.969268407391,40.680781053406],[-73.969019427374,40.681112028371]]]]},"properties":{"name":null,"construction_year":"2023","ground_elevation":"75","height_roof":"287","bin":"3427353","geom_source":"Other (Manual)"}},{"type":"Feature","geometry":{"type":"MultiPolygon","coordinates":[[[[-73.988497176474,40.701854475641],[-73.988449923672,40.701852832879],[-73.988275279417,40.701846761082],[-73.988148489066,40.701842352701],[-73.988147609672,40.701857014747],[-73.987951812608,40.701850208164],[-73.987956779458,40.701767438118],[-73.987963856422,40.701767683797],[-73.988152578646,40.701774243792],[-73.98815449764,40.701742260503],[-73.988154786021,40.701737466206],[-73.988159425062,40.701660173931],[-73.98835323848,40.701666912422],[-73.988504998416,40.701672188466],[-73.988508111519,40.701672296838],[-73.988503471699,40.701749589127],[-73.988503328112,40.701751989878],[-73.988498553,40.701831539737],[-73.988497176474,40.701854475641]]]]},"properties":{"name":null,"construction_year":"2006","ground_elevation":"32","height_roof":"283","bin":"3391222","geom_source":"Other (Manual)"}},{"type":"Feature","geometry":{"type":"MultiPolygon","coordinates":[[[[-73.985545664471,40.69007716835],[-73.985563853513,40.690050825212],[-73.985575623721,40.690033778168],[-73.985729046519,40.689811562286],[-73.985731781868,40.689810775576],[-73.985803469969,40.689790169887],[-73.985902798725,40.689829904643],[-73.986653950256,40.690130386557],[-73.986588582347,40.690225066142],[-73.986597664428,40.690284656872],[-73.986553979059,40.690344634973],[-73.986511239492,40.690419067309],[-73.986589085871,40.690450874433],[-73.986504510373,40.690570806623],[-73.986365434141,40.690515171826],[-73.986264797656,40.690660933162],[-73.986133252421,40.690851461507],[-73.985564503165,40.690623945328],[-73.985548288495,40.690617458697],[-73.985623458924,40.69047208293],[-73.985664678072,40.690392367424],[-73.985678763358,40.690365128648],[-73.985694966062,40.690372021391],[-73.985741899024,40.690304046559],[-73.985688752924,40.690282786046],[-73.98546539228,40.690193433432],[-73.985483199143,40.690167642274],[-73.985519342996,40.690115292779],[-73.985545664471,40.69007716835]]]]},"properties":{"name":null,"construction_year":"2016","ground_elevation":"47","height_roof":"280","bin":"3335899","geom_source":"Photogrammetric"}},{"type":"Feature","geometry":{"type":"MultiPolygon","coordinates":[[[[-73.979307579157,40.689063589388],[-73.979344754029,40.689328560463],[-73.978980833358,40.689358765338],[-73.978948891099,40.689094255266],[-73.979008582474,40.68908814898],[-73.979307579157,40.689063589388]]]]},"properties":{"name":null,"construction_year":"2025","ground_elevation":"29","height_roof":"279","bin":"3430082","geom_source":"Other (Manual)"}},{"type":"Feature","geometry":{"type":"MultiPolygon","coordinates":[[[[-73.991755737884,40.691987408766],[-73.991840793275,40.691808494561],[-73.991927140432,40.691832276899],[-73.991885364929,40.691920151442],[-73.99185249898,40.69198928422],[-73.991824902558,40.692047334746],[-73.99179148621,40.692117626427],[-73.991781551702,40.692138523927],[-73.991723850251,40.692122631139],[-73.991745041132,40.692078055457],[-73.991716395099,40.692070165805],[-73.991755737884,40.691987408766]]]]},"properties":{"name":null,"construction_year":"1987","ground_elevation":"61","height_roof":"278.90307752","bin":"3002544","geom_source":"Photogrammetric"}},{"type":"Feature","geometry":{"type":"MultiPolygon","coordinates":[[[[-73.988229755753,40.693081605703],[-73.988597027023,40.69309680461],[-73.988584191907,40.693330179399],[-73.988297364251,40.693321040106],[-73.988260805529,40.693319874722],[-73.988231456569,40.693318939694],[-73.988229741086,40.693318884587],[-73.988216725893,40.693318470821],[-73.988228857268,40.693097938217],[-73.988229755753,40.693081605703]]]]},"properties":{"name":null,"construction_year":"2005","ground_elevation":"54","height_roof":"278.79009344","bin":"3391417","geom_source":"Photogrammetric"}},{"type":"Feature","geometry":{"type":"MultiPolygon","coordinates":[[[[-73.98446815216,40.691767355946],[-73.984475440021,40.691614280487],[-73.984521530862,40.691615633862],[-73.98477185223,40.691622986624],[-73.984836686122,40.691625723738],[-73.984823057959,40.691788622083],[-73.984467761019,40.691775558668],[-73.98446815216,40.691767355946]]]]},"properties":{"name":null,"construction_year":"2007","ground_elevation":"47","height_roof":"273.18074323","bin":"3396736","geom_source":"Photogrammetric"}},{"type":"Feature","geometry":{"type":"MultiPolygon","coordinates":[[[[-73.984659769963,40.68906493111],[-73.984760719789,40.688914326428],[-73.984762633746,40.688915069605],[-73.984784768461,40.688923666134],[-73.984883855091,40.68877584098],[-73.984901764933,40.688749121492],[-73.984947513424,40.688680870357],[-73.985281469781,40.688807930084],[-73.985277956223,40.688813257973],[-73.985128497543,40.689039889012],[-73.985020992794,40.689202902237],[-73.985020965575,40.689202942757],[-73.985019579188,40.689202413074],[-73.984661691023,40.689065665284],[-73.984659769963,40.68906493111]]]]},"properties":{"name":null,"construction_year":"2009","ground_elevation":"45","height_roof":"272.44573076","bin":"3397443","geom_source":"Photogrammetric"}},{"type":"Feature","geometry":{"type":"MultiPolygon","coordinates":[[[[-73.984521530862,40.691615633862],[-73.984475440021,40.691614280487],[-73.98448840203,40.691358621119],[-73.984636699244,40.69136297698],[-73.984784813105,40.691367327223],[-73.984849830886,40.69136670634],[-73.984836741916,40.691624888069],[-73.984836686122,40.691625723738],[-73.98477185223,40.691622986624],[-73.984521530862,40.691615633862]]]]},"properties":{"name":null,"construction_year":"2007","ground_elevation":"48","height_roof":"272","bin":"3424452","geom_source":"Other (Manual)"}},{"type":"Feature","geometry":{"type":"MultiPolygon","coordinates":[[[[-73.973627790841,40.681884744706],[-73.973724178354,40.68190763982],[-73.973755511102,40.681819966588],[-73.973714200712,40.68181137976],[-73.973739019334,40.681732473353],[-73.973665476955,40.681716374261],[-73.973674914239,40.681694975696],[-73.973664174174,40.681687472854],[-73.973724298916,40.681508557092],[-73.974068577309,40.681582253139],[-73.973985455523,40.681812942558],[-73.973910754086,40.681799035213],[-73.973875662561,40.681898144165],[-73.973900071837,40.681903629334],[-73.973810463897,40.682150686696],[-73.973551885301,40.682094319297],[-73.973627790841,40.681884744706]]]]},"properties":{"name":null,"construction_year":"2021","ground_elevation":"55","height_roof":"272","bin":"3428828","geom_source":"Other (Manual)"}},{"type":"Feature","geometry":{"type":"MultiPolygon","coordinates":[[[[-73.939586873134,40.747981456723],[-73.938944052027,40.748214486769],[-73.93880391495,40.747976856957],[-73.939443983206,40.747741733461],[-73.939586873134,40.747981456723]]]]},"properties":{"name":null,"construction_year":"2025","ground_elevation":"20","height_roof":"794","bin":"4624423","geom_source":"Other (Manual)"}},{"type":"Feature","geometry":{"type":"MultiPolygon","coordinates":[[[[-73.944024555271,40.748176778146],[-73.944200679958,40.747649743058],[-73.944874480196,40.747779266782],[-73.944699566498,40.748305565055],[-73.944024555271,40.748176778146]]]]},"properties":{"name":null,"construction_year":"2021","ground_elevation":"16","height_roof":"760","bin":"4005166","geom_source":"Other (Manual)"}},{"type":"Feature","geometry":{"type":"MultiPolygon","coordinates":[[[[-73.943886325026,40.749270960457],[-73.943552184175,40.749105410184],[-73.943593693901,40.749057522675],[-73.943606312965,40.749043260329],[-73.943583596486,40.74903177225],[-73.943745543979,40.748846954964],[-73.943548077247,40.748746877823],[-73.943930010119,40.748311005795],[-73.944602116874,40.748441123707],[-73.943886325026,40.749270960457]]]]},"properties":{"name":null,"construction_year":"2024","ground_elevation":"20","height_roof":"753","bin":"4619459","geom_source":"Other (Manual)"}},{"type":"Feature","geometry":{"type":"MultiPolygon","coordinates":[[[[-73.93653700421,40.750481859587],[-73.936421447994,40.750434414823],[-73.936207673038,40.750361358321],[-73.936110200919,40.750337466096],[-73.935997897331,40.750311679888],[-73.935854027516,40.750283742696],[-73.936079274794,40.75006544559],[-73.936149165784,40.750112097264],[-73.936186065913,40.750132095446],[-73.936215442966,40.75014762564],[-73.936266195144,40.75016730008],[-73.936306624413,40.750179417143],[-73.936354811539,40.750188275044],[-73.936417667789,40.7501967457],[-73.936475720484,40.750199871869],[-73.936513069093,40.750200454376],[-73.936569648736,40.750197392307],[-73.93653700421,40.750481859587]]]]},"properties":{"name":null,"construction_year":"2021","ground_elevation":"29","height_roof":"728","bin":"4622937","geom_source":"Other (Manual)"}},{"type":"Feature","geometry":{"type":"MultiPolygon","coordinates":[[[[-73.944233812493,40.747051320661],[-73.944213979351,40.747111017353],[-73.944149403161,40.747098607694],[-73.944135933708,40.747139149178],[-73.944111527925,40.747212607879],[-73.944057200371,40.747202168047],[-73.944043730843,40.747242707718],[-73.943991688134,40.747232706611],[-73.943978524821,40.747272326106],[-73.943599623143,40.747199512634],[-73.943612696449,40.747160165992],[-73.943557917964,40.747149639254],[-73.943571359278,40.747109186074],[-73.943520737378,40.747099458303],[-73.943529334226,40.747073584657],[-73.943616584391,40.746810976603],[-73.943669101441,40.746821069063],[-73.943682645897,40.746780304343],[-73.943732820081,40.746789946276],[-73.943745983444,40.746750327707],[-73.944127919323,40.746823724803],[-73.944115131279,40.746862213461],[-73.944169464485,40.74687265417],[-73.944155256746,40.746915420452],[-73.944206963015,40.746925357386],[-73.944169236357,40.747038911013],[-73.944233812493,40.747051320661]]]]},"properties":{"name":null,"construction_year":"1987","ground_elevation":"16","height_roof":"633","bin":"4307108","geom_source":"Other (Manual)"}},{"type":"Feature","geometry":{"type":"MultiPolygon","coordinates":[[[[-73.961286240552,40.739665547703],[-73.960696308225,40.739345751453],[-73.961485601945,40.73904551781],[-73.961670129683,40.739370889544],[-73.961621518095,40.739387306719],[-73.961643176606,40.739428542773],[-73.961610909376,40.739440113451],[-73.961620695628,40.739460685206],[-73.961587605723,40.739471965639],[-73.961595362987,40.739485942303],[-73.961480097309,40.739538126945],[-73.96139831374,40.739590585647],[-73.961332687605,40.73963386544],[-73.961286240552,40.739665547703]]]]},"properties":{"name":null,"construction_year":"2022","ground_elevation":"18","height_roof":"609","bin":"4619856","geom_source":"Other (Manual)"}},{"type":"Feature","geometry":{"type":"MultiPolygon","coordinates":[[[[-73.940206861154,40.747307564589],[-73.939806549642,40.747451085062],[-73.939557233812,40.7475399885],[-73.939083460567,40.746772697189],[-73.939166894801,40.746742555396],[-73.939405993476,40.746656176943],[-73.939382387201,40.746618383759],[-73.939491203512,40.746579072618],[-73.939627146733,40.746529960072],[-73.939650751932,40.746567753205],[-73.939716369439,40.746544048406],[-73.939727467558,40.746540038854],[-73.939735414009,40.74655276177],[-73.939897343257,40.746812017634],[-73.940206861154,40.747307564589]],[[-73.9397275212,40.747327544646],[-73.939813524023,40.747296129514],[-73.93981915456,40.747304924103],[-73.939927546195,40.747268752398],[-73.93958950799,40.746727537643],[-73.939360247241,40.746810361953],[-73.939544115071,40.747104746914],[-73.93957894313,40.747095281052],[-73.9397275212,40.747327544646]]]]},"properties":{"name":null,"construction_year":"1929","ground_elevation":"11","height_roof":"598","bin":"4003487","geom_source":"Photogrammetric"}},{"type":"Feature","geometry":{"type":"MultiPolygon","coordinates":[[[[-73.940113176797,40.749759547515],[-73.940008727111,40.749871459426],[-73.93971379889,40.749713252169],[-73.939661790969,40.749769324685],[-73.939353256684,40.749605562255],[-73.93961275778,40.749324683852],[-73.939921830886,40.749488960064],[-73.939817814471,40.749601106164],[-73.940113176797,40.749759547515]]]]},"properties":{"name":null,"construction_year":"2018","ground_elevation":"21","height_roof":"596","bin":"4617820","geom_source":"Other (Manual)"}},{"type":"Feature","geometry":{"type":"MultiPolygon","coordinates":[[[[-73.959057699726,40.742086051479],[-73.959179933598,40.741735958723],[-73.959510473021,40.741799026259],[-73.959756878311,40.741846660302],[-73.959768646423,40.741812116451],[-73.960008173274,40.741861492737],[-73.959983582963,40.741933517574],[-73.9599670236,40.741930362746],[-73.959951470681,40.741970417305],[-73.959975588038,40.741976262777],[-73.959961641817,40.742020151355],[-73.959942537005,40.742016842552],[-73.959929533908,40.742053628253],[-73.959952951713,40.742059235752],[-73.959934561365,40.742106215124],[-73.959914293303,40.74210189104],[-73.959900172715,40.742142271173],[-73.959922808689,40.742146646512],[-73.959906240373,40.742193702155],[-73.959888199138,40.742189693118],[-73.959882992637,40.742204455121],[-73.959900405644,40.742207709314],[-73.959882145839,40.742254049362],[-73.959057699726,40.742086051479]]]]},"properties":{"name":null,"construction_year":"2021","ground_elevation":"7","height_roof":"564","bin":"4618318","geom_source":"Other (Manual)"}},{"type":"Feature","geometry":{"type":"MultiPolygon","coordinates":[[[[-73.937660416239,40.748474443206],[-73.938154521668,40.748296909037],[-73.938254733188,40.748458220114],[-73.937667080204,40.748669366859],[-73.937618516062,40.748591191909],[-73.937712062601,40.748557580697],[-73.937660416239,40.748474443206]]]]},"properties":{"name":null,"construction_year":"2018","ground_elevation":"18","height_roof":"557","bin":"4596921","geom_source":"Other (Manual)"}},{"type":"Feature","geometry":{"type":"MultiPolygon","coordinates":[[[[-73.940973221343,40.747185639534],[-73.941128414435,40.747436049914],[-73.940800269698,40.747553677909],[-73.940646149965,40.747304996616],[-73.940973221343,40.747185639534]]]]},"properties":{"name":null,"construction_year":"2024","ground_elevation":"14","height_roof":"510","bin":"4620885","geom_source":"Other (Manual)"}},{"type":"Feature","geometry":{"type":"MultiPolygon","coordinates":[[[[-73.94637339504,40.745403628907],[-73.945781435241,40.745632156174],[-73.945650569951,40.745450044424],[-73.945661864103,40.745430035986],[-73.945545531716,40.745294883397],[-73.944996314431,40.744492380577],[-73.9452771902,40.744253566622],[-73.945358692874,40.744189274892],[-73.945684234293,40.744402704959],[-73.94637339504,40.745403628907]]]]},"properties":{"name":null,"construction_year":"2018","ground_elevation":"10","height_roof":"498","bin":"4596913","geom_source":"Other (Manual)"}},{"type":"Feature","geometry":{"type":"MultiPolygon","coordinates":[[[[-73.942571088458,40.747547126792],[-73.94239575587,40.747511840238],[-73.942310535961,40.747542686767],[-73.942317110249,40.747553190868],[-73.942262750678,40.747572867619],[-73.942254409854,40.747559540442],[-73.942233028088,40.747525372602],[-73.942136153574,40.747370570105],[-73.942372557453,40.747284941475],[-73.942767790204,40.747363026057],[-73.942975127851,40.747683124831],[-73.941746861219,40.748123415353],[-73.941640507336,40.74793073145],[-73.941683002682,40.74791549839],[-73.941692725343,40.747927359382],[-73.942605234505,40.747603393059],[-73.942571088458,40.747547126792]]]]},"properties":{"name":null,"construction_year":"2018","ground_elevation":"12","height_roof":"498","bin":"4617191","geom_source":"Other (Manual)"}},{"type":"Feature","geometry":{"type":"MultiPolygon","coordinates":[[[[-73.936095665255,40.749550666256],[-73.935834356749,40.749384196548],[-73.936007266972,40.749227162463],[-73.935912273392,40.749166666753],[-73.93597020112,40.74911405716],[-73.935863594209,40.749046166297],[-73.936243301268,40.748785630026],[-73.936639940094,40.749056682524],[-73.936095665255,40.749550666256]]]]},"properties":{"name":null,"construction_year":"2018","ground_elevation":"24","height_roof":"481","bin":"4596911","geom_source":"Other (Manual)"}},{"type":"Feature","geometry":{"type":"MultiPolygon","coordinates":[[[[-73.942495412025,40.750829284639],[-73.941946723037,40.750532720351],[-73.942113468815,40.750354299607],[-73.942662157076,40.750650863108],[-73.942495412025,40.750829284639]]]]},"properties":{"name":null,"construction_year":"2016","ground_elevation":"15","height_roof":"481","bin":"4617250","geom_source":"Other (Manual)"}},{"type":"Feature","geometry":{"type":"MultiPolygon","coordinates":[[[[-73.960557157128,40.741341015922],[-73.960129252442,40.741255624762],[-73.960189807469,40.741046338078],[-73.960627599175,40.741133807166],[-73.960557157128,40.741341015922]]]]},"properties":{"name":null,"construction_year":"2019","ground_elevation":"11","height_roof":"473","bin":"4617913","geom_source":"Other (Manual)"}},{"type":"Feature","geometry":{"type":"MultiPolygon","coordinates":[[[[-73.938744812146,40.748287227938],[-73.938422274746,40.748402654894],[-73.938340540578,40.748270556382],[-73.938450006582,40.748231381657],[-73.938236385804,40.747886131939],[-73.938346036013,40.747846891672],[-73.938309787946,40.747788306914],[-73.938413208889,40.747751296502],[-73.938744812146,40.748287227938]]]]},"properties":{"name":null,"construction_year":"2018","ground_elevation":"17","height_roof":"470","bin":"4596920","geom_source":"Other (Manual)"}},{"type":"Feature","geometry":{"type":"MultiPolygon","coordinates":[[[[-73.942944134756,40.748205999447],[-73.942999690897,40.748151325681],[-73.942999891174,40.748151128569],[-73.943010754493,40.748153151079],[-73.94333627197,40.748213762677],[-73.943278828577,40.748279633474],[-73.943210467877,40.748358022205],[-73.943140922963,40.748437770075],[-73.943007826408,40.748590393285],[-73.942974252012,40.748628892232],[-73.943242200965,40.748764041116],[-73.943189091442,40.748824940502],[-73.943217197813,40.748839116626],[-73.943193521386,40.748866266929],[-73.942939644552,40.749157383247],[-73.94293501969,40.749162685839],[-73.942933548788,40.74916437356],[-73.942931313397,40.749166937095],[-73.942904661567,40.749153494635],[-73.942337519136,40.748867433694],[-73.942340062623,40.748864614581],[-73.942353281406,40.748849959151],[-73.942394119383,40.748804685005],[-73.942535391381,40.748648065637],[-73.942670786446,40.748497961934],[-73.9427000694,40.748465497035],[-73.94285511201,40.748293608824],[-73.942944134756,40.748205999447]]]]},"properties":{"name":null,"construction_year":"2010","ground_elevation":"4","height_roof":"467","bin":"4539949","geom_source":"Other (Manual)"}},{"type":"Feature","geometry":{"type":"MultiPolygon","coordinates":[[[[-73.937712062601,40.748557580697],[-73.937618516062,40.748591191909],[-73.937412627392,40.748648736955],[-73.936977197793,40.748225926021],[-73.937162594118,40.748115495526],[-73.93756686979,40.748508054376],[-73.937660416239,40.748474443206],[-73.937712062601,40.748557580697]]]]},"properties":{"name":null,"construction_year":"2018","ground_elevation":"21","height_roof":"442","bin":"4618925","geom_source":"Other (Manual)"}},{"type":"Feature","geometry":{"type":"MultiPolygon","coordinates":[[[[-73.939466465008,40.749022793317],[-73.939310302843,40.749179962989],[-73.939191976287,40.749072683582],[-73.938964541535,40.749056837749],[-73.938772752898,40.749116777235],[-73.938450146931,40.749516160019],[-73.938280264934,40.749440351836],[-73.937980825411,40.748871304138],[-73.939092744806,40.748469238655],[-73.939466465008,40.749022793317]]]]},"properties":{"name":null,"construction_year":"2022","ground_elevation":"20","height_roof":"427","bin":"4615628","geom_source":"Other (Manual)"}},{"type":"Feature","geometry":{"type":"MultiPolygon","coordinates":[[[[-73.955994294355,40.747433516495],[-73.955993670128,40.747430277134],[-73.955946086234,40.747183302213],[-73.955752843658,40.747145912049],[-73.955792238254,40.747028262476],[-73.955847136555,40.747039419198],[-73.956083608734,40.747087475085],[-73.956100673748,40.747106581336],[-73.956140466805,40.747102132683],[-73.956153204609,40.747100708429],[-73.956222247529,40.747452757131],[-73.956204995134,40.747455534039],[-73.956189704933,40.747457994712],[-73.956190526955,40.747468366159],[-73.956190901564,40.747473090359],[-73.955994294355,40.747433516495]]]]},"properties":{"name":null,"construction_year":"2010","ground_elevation":"10","height_roof":"426","bin":"4541715","geom_source":"Other (Manual)"}},{"type":"Feature","geometry":{"type":"MultiPolygon","coordinates":[[[[-73.955792238254,40.747028262476],[-73.955752843658,40.747145912049],[-73.955946086234,40.747183302213],[-73.955993670128,40.747430277134],[-73.955994294355,40.747433516495],[-73.955975205117,40.747429673943],[-73.955963645498,40.747427347118],[-73.955960683402,40.74740879645],[-73.955929949759,40.747401943547],[-73.955922967543,40.747426726419],[-73.955589347135,40.747358927904],[-73.955591682976,40.747352281265],[-73.955192497979,40.747271156722],[-73.955193030641,40.747269639575],[-73.955264956268,40.747064931947],[-73.955266122421,40.747061613132],[-73.955450663977,40.747099116013],[-73.955606467897,40.747130779446],[-73.955607452529,40.747127977449],[-73.955652466747,40.746999858097],[-73.955792238254,40.747028262476]]]]},"properties":{"name":null,"construction_year":"2010","ground_elevation":"10","height_roof":"426","bin":"4542629","geom_source":"Other (Manual)"}},{"type":"Feature","geometry":{"type":"MultiPolygon","coordinates":[[[[-73.942767442724,40.750532422787],[-73.942470676221,40.750376213615],[-73.94269542351,40.750129273537],[-73.94299218944,40.750285482135],[-73.942767442724,40.750532422787]]]]},"properties":{"name":null,"construction_year":"2025","ground_elevation":"18","height_roof":"405","bin":"4624033","geom_source":"Other (Manual)"}},{"type":"Feature","geometry":{"type":"MultiPolygon","coordinates":[[[[-73.959247287256,40.740701232071],[-73.957711691458,40.740402140457],[-73.957889030626,40.739870181094],[-73.959419354086,40.740170370733],[-73.959247287256,40.740701232071]]]]},"properties":{"name":null,"construction_year":"2024","ground_elevation":"7","height_roof":"400","bin":"4623739","geom_source":"Other (Manual)"}},{"type":"Feature","geometry":{"type":"MultiPolygon","coordinates":[[[[-73.956217620773,40.74831137214],[-73.95621669406,40.74831073603],[-73.956216296116,40.748312682774],[-73.956211102612,40.748338131814],[-73.956055815703,40.748275477572],[-73.955999660536,40.748252820103],[-73.955518261583,40.748058585965],[-73.955531679286,40.748039351824],[-73.955508746469,40.748030099269],[-73.955531023568,40.747998165104],[-73.955357992236,40.747955276387],[-73.955295044577,40.747939674112],[-73.955242187082,40.747926572828],[-73.955255764402,40.74788836961],[-73.95508204465,40.747845118207],[-73.955026632525,40.747831321537],[-73.95502261211,40.747830320405],[-73.95514588658,40.747453799141],[-73.955152985299,40.74745514366],[-73.95552963573,40.747526467531],[-73.956200421219,40.747653487958],[-73.956201729869,40.747649490206],[-73.956316906,40.747671299186],[-73.956320719988,40.74768014811],[-73.956478159593,40.748045471163],[-73.956528093269,40.748112248168],[-73.956529961439,40.748114514547],[-73.956534568567,40.74812010573],[-73.956540414942,40.748128242211],[-73.956545612284,40.748136628787],[-73.956550141667,40.748145236637],[-73.956553988901,40.748154034235],[-73.95655713743,40.748162990059],[-73.956559578986,40.748172072588],[-73.956561301749,40.748181249399],[-73.956562302187,40.748190488072],[-73.956562575586,40.748199755288],[-73.956562121968,40.748209017726],[-73.956560941351,40.74821824387],[-73.956559038496,40.748227399503],[-73.956556420525,40.748236453108],[-73.956553096934,40.748245371371],[-73.956549079584,40.748254122779],[-73.956544381518,40.748262676719],[-73.956539020519,40.74827100258],[-73.956533016734,40.748279069753],[-73.956526389127,40.74828685123],[-73.956525553791,40.7482877145],[-73.956519162581,40.748294318204],[-73.956511363164,40.748301444569],[-73.956503018126,40.748308204222],[-73.956494158269,40.74831457376],[-73.956484813208,40.748320530682],[-73.956475017297,40.748326052489],[-73.956464804886,40.748331121183],[-73.956454212694,40.748335717867],[-73.956443278621,40.748339826346],[-73.956432041752,40.748343432226],[-73.956420541171,40.748346522016],[-73.956408818327,40.748349084924],[-73.956396915853,40.748351112863],[-73.956384875198,40.748352596841],[-73.95637273899,40.748353533275],[-73.956360549861,40.748353916776],[-73.956348352804,40.748353748262],[-73.956336191632,40.74835302775],[-73.956324106602,40.748351756156],[-73.95631214389,40.7483499398],[-73.956311168339,40.748349744921],[-73.956300344934,40.748347585003],[-73.956288751172,40.748344698983],[-73.956277405225,40.748341293464],[-73.956266344974,40.748337379266],[-73.956255613039,40.748332970814],[-73.956245244929,40.74832808433],[-73.95623527971,40.748322736939],[-73.956225750523,40.748316947564],[-73.956217620773,40.74831137214]]]]},"properties":{"name":null,"construction_year":"2011","ground_elevation":"6","height_roof":"393","bin":"4541713","geom_source":"Other (Manual)"}},{"type":"Feature","geometry":{"type":"MultiPolygon","coordinates":[[[[-73.956040434453,40.744805049441],[-73.956106693693,40.744818374297],[-73.956125188676,40.744765173091],[-73.956266567121,40.744793602731],[-73.956476169037,40.744835752006],[-73.956700359919,40.744880833933],[-73.956713190196,40.744843926977],[-73.956751776899,40.744851685831],[-73.956758323693,40.744832853287],[-73.957277238275,40.744937198657],[-73.957284444091,40.744918888621],[-73.95747014853,40.744956007796],[-73.957486205285,40.744959217727],[-73.957482200653,40.744970806673],[-73.9574617018,40.745030129902],[-73.957435622421,40.745024917138],[-73.957416383266,40.745080596473],[-73.957413376218,40.74508929876],[-73.957409070495,40.745088438084],[-73.957382042821,40.745083035852],[-73.957364770352,40.745133019298],[-73.957087664354,40.745418923676],[-73.957031153569,40.745387241688],[-73.95701033569,40.745409853752],[-73.956939402751,40.745372078009],[-73.956924145373,40.745388649735],[-73.956870043504,40.745359837584],[-73.957115866932,40.745092838132],[-73.956704820356,40.745013452361],[-73.956708452883,40.745002573802],[-73.956655262893,40.744992301527],[-73.956547641092,40.745314628032],[-73.955906341914,40.74519076904],[-73.956040434453,40.744805049441]]]]},"properties":{"name":null,"construction_year":"2006","ground_elevation":"11","height_roof":"376","bin":"4439033","geom_source":"Other (Manual)"}},{"type":"Feature","geometry":{"type":"MultiPolygon","coordinates":[[[[-73.94137252351,40.746663990802],[-73.94114641594,40.746745485721],[-73.940941623734,40.746424176431],[-73.940991122017,40.746407457776],[-73.940973404224,40.746379161978],[-73.941023155186,40.746361856308],[-73.941005422441,40.746333062527],[-73.940913205471,40.746365518151],[-73.940877719643,40.746308287142],[-73.941015890771,40.746261919744],[-73.9410498435,40.746175809951],[-73.94140175781,40.746321824802],[-73.941491837654,40.746462880955],[-73.941295774327,40.746532868541],[-73.94137252351,40.746663990802]]]]},"properties":{"name":null,"construction_year":"2017","ground_elevation":"10","height_roof":"374","bin":"4596128","geom_source":"Other (Manual)"}},{"type":"Feature","geometry":{"type":"MultiPolygon","coordinates":[[[[-73.958678247868,40.743457869731],[-73.958853990205,40.742949010149],[-73.959697014632,40.7431174293],[-73.959379869442,40.743606793023],[-73.958678247868,40.743457869731]]]]},"properties":{"name":null,"construction_year":"2013","ground_elevation":"8","height_roof":"350","bin":"4541370","geom_source":"Other (Manual)"}},{"type":"Feature","geometry":{"type":"MultiPolygon","coordinates":[[[[-73.940915667926,40.74780384838],[-73.941188164175,40.747705977592],[-73.941204217404,40.747731831229],[-73.941341253873,40.747952512613],[-73.941068758025,40.74805038286],[-73.940931722257,40.747829701154],[-73.940915667926,40.74780384838]]]]},"properties":{"name":null,"construction_year":"2023","ground_elevation":"15","height_roof":"342","bin":"4620935","geom_source":"Other (Manual)"}},{"type":"Feature","geometry":{"type":"MultiPolygon","coordinates":[[[[-73.960960195558,40.738562428369],[-73.960144330997,40.738870933009],[-73.960221895433,40.738615846],[-73.960257289151,40.738550751512],[-73.960821251612,40.738332936325],[-73.960960195558,40.738562428369]]]]},"properties":{"name":null,"construction_year":"2021","ground_elevation":"6","height_roof":"335","bin":"4624597","geom_source":"Other (Manual)"}},{"type":"Feature","geometry":{"type":"MultiPolygon","coordinates":[[[[-73.956986271893,40.74818054619],[-73.956906948679,40.747997178822],[-73.95691472217,40.747995233934],[-73.956920367543,40.74799382135],[-73.956919764568,40.747992428941],[-73.956895821785,40.747937080257],[-73.956906998833,40.747934283863],[-73.957115915192,40.747882011786],[-73.957121822005,40.747895667465],[-73.957134842927,40.747892409776],[-73.957223333055,40.747870268599],[-73.957225770984,40.747875903974],[-73.957302381508,40.748052998993],[-73.957292015676,40.748055592211],[-73.957318739649,40.748117368757],[-73.957102062233,40.748171582505],[-73.957092788265,40.748173903258],[-73.957089445867,40.748166177468],[-73.957084977909,40.748155849696],[-73.956993876053,40.748178643558],[-73.956986271893,40.74818054619]]]]},"properties":{"name":null,"construction_year":"2011","ground_elevation":"7","height_roof":"333","bin":"4541712","geom_source":"Other (Manual)"}},{"type":"Feature","geometry":{"type":"MultiPolygon","coordinates":[[[[-73.713289571181,40.757945400243],[-73.713276486191,40.757939390091],[-73.713273655887,40.757942952668],[-73.713235606484,40.757925475415],[-73.713239852545,40.757920128851],[-73.713218175047,40.757910171079],[-73.713185980881,40.7578953829],[-73.713181858653,40.757900573082],[-73.713146318504,40.757884247495],[-73.713149835849,40.757879820341],[-73.713099920112,40.757856891524],[-73.713128148186,40.75782135836],[-73.713119376036,40.757817328345],[-73.713165675398,40.757759047366],[-73.713192886553,40.757771546656],[-73.713239995491,40.757712247384],[-73.713346453482,40.757578239997],[-73.713194213026,40.75750830838],[-73.713185469726,40.757519314257],[-73.713152846725,40.757504328688],[-73.713145227434,40.757513920859],[-73.713093597028,40.757490204324],[-73.713064765614,40.757476960754],[-73.713070322617,40.757469965026],[-73.71306715984,40.757468511829],[-73.713034072399,40.75745331345],[-73.713024476512,40.757448905863],[-73.713077749626,40.757381846107],[-73.713160601896,40.757277552751],[-73.71318383929,40.757288227623],[-73.713260418664,40.757196243857],[-73.71326063682,40.757188756659],[-73.713261594982,40.757181302821],[-73.713263285857,40.757173925549],[-73.713265700987,40.757166664444],[-73.713268825973,40.757159562696],[-73.71327264407,40.757152658984],[-73.713277133791,40.757145992877],[-73.713282268916,40.757139603031],[-73.713288020876,40.757133523596],[-73.713294356358,40.757127790508],[-73.713301242068,40.757122435202],[-73.713308635242,40.757117488189],[-73.713316497864,40.757112977291],[-73.713324783638,40.757108928506],[-73.713333445094,40.757105365129],[-73.713342435966,40.757102305957],[-73.713351701701,40.757099768864],[-73.713361192498,40.757097769033],[-73.713370853838,40.757096316236],[-73.713380632395,40.757095419344],[-73.713390471301,40.75709508362],[-73.71340031489,40.757095310725],[-73.713410109874,40.757096100527],[-73.713419798252,40.757097446578],[-73.713429325577,40.75709934244],[-73.713438638605,40.757101777173],[-73.713447686474,40.757104737143],[-73.713456414779,40.757108206007],[-73.71346477624,40.757112162934],[-73.713472723581,40.757116586196],[-73.713480211907,40.757121451366],[-73.713487197521,40.757126730421],[-73.713493641471,40.757132393546],[-73.713499508366,40.757138409136],[-73.713504764012,40.757144742887],[-73.713509380144,40.757151357807],[-73.713513328493,40.757158218707],[-73.713516589098,40.757165285913],[-73.713519141999,40.757172518855],[-73.713519863478,40.757183743706],[-73.713518450299,40.757197599941],[-73.713589277138,40.757230134083],[-73.713636045998,40.757171261543],[-73.713645308584,40.757175516966],[-73.7136695342,40.757145021076],[-73.713672203707,40.757141660704],[-73.713672428269,40.757141763921],[-73.713678516262,40.757144559827],[-73.713686618218,40.757148281961],[-73.713696157371,40.757152664138],[-73.713705624431,40.757157012816],[-73.713715639898,40.757161613198],[-73.71372143478,40.757164275098],[-73.713722592125,40.757162817347],[-73.713724704386,40.757160159788],[-73.713726765628,40.757161106844],[-73.713737472511,40.757166025021],[-73.713748675799,40.757171170459],[-73.71376042867,40.757176569404],[-73.713760845881,40.757176761349],[-73.713760744676,40.757176888069],[-73.713757968004,40.757180385054],[-73.713757633425,40.757180805662],[-73.713759046985,40.75718145484],[-73.713770491383,40.757186711637],[-73.713782699296,40.757192318828],[-73.713811089876,40.757205360309],[-73.7138146131,40.757200924144],[-73.713849910761,40.757217137262],[-73.713846751892,40.757221113271],[-73.713898136522,40.757244716296],[-73.713870001976,40.757280132816],[-73.713877890035,40.757283756249],[-73.713843174576,40.757327455517],[-73.713836921116,40.75733532845],[-73.713835470872,40.757337152883],[-73.713833982515,40.75733902765],[-73.713832489406,40.757340906007],[-73.713831967886,40.757341562984],[-73.7138316535,40.757341418121],[-73.713831167733,40.757341195389],[-73.713830751701,40.757341004348],[-73.713830417222,40.75734085043],[-73.713829585157,40.757340468348],[-73.713828738908,40.757340079927],[-73.713827929301,40.757339707806],[-73.713801948572,40.75732777364],[-73.713740765326,40.757404791725],[-73.713771486717,40.75741890341],[-73.713773179215,40.757419680253],[-73.713773596428,40.757419872198],[-73.713774904803,40.757420473387],[-73.713776571298,40.757421238459],[-73.71377827916,40.757422022544],[-73.713779933833,40.757422783083],[-73.713780024841,40.757422824733],[-73.713778930605,40.757424201595],[-73.713759231919,40.757448999522],[-73.71374962309,40.75746109561],[-73.713750488248,40.757461493083],[-73.713752306028,40.75746232787],[-73.713754036345,40.757463122818],[-73.713755033879,40.757463580954],[-73.713745921564,40.75747505152],[-73.713728612562,40.757496840472],[-73.713708450685,40.757522215366],[-73.713708401849,40.757522280982],[-73.713701307731,40.757531211719],[-73.713699514772,40.757530387799],[-73.7136971214,40.757529288632],[-73.713696015129,40.757528780696],[-73.713678102412,40.757551330872],[-73.713666958758,40.757565358334],[-73.71366198409,40.757563073082],[-73.713627709828,40.757547329817],[-73.713581451506,40.757605558854],[-73.713555588485,40.757638114621],[-73.713590866217,40.757654319662],[-73.713594545511,40.757656010062],[-73.713563220761,40.757695442053],[-73.713567281818,40.757697307201],[-73.713515109148,40.75776298223],[-73.713511418027,40.757761287296],[-73.713481487485,40.757798964036],[-73.713480319751,40.75779842803],[-73.713441773977,40.757780721781],[-73.713382373571,40.757855493732],[-73.713412266573,40.757869224336],[-73.713363206114,40.757930980815],[-73.713353935166,40.757926721748],[-73.713325856008,40.757962067131],[-73.713289571181,40.757945400243]]]]},"properties":{"name":null,"construction_year":"1972","ground_elevation":"212","height_roof":"329.26","bin":"4456886","geom_source":"Photogrammetric"}},{"type":"Feature","geometry":{"type":"MultiPolygon","coordinates":[[[[-73.937520482718,40.750063119243],[-73.937274366194,40.750338520617],[-73.937020909719,40.75020553152],[-73.936915416358,40.750037864346],[-73.937327408586,40.749890299935],[-73.937388868085,40.749995093768],[-73.937520482718,40.750063119243]]]]},"properties":{"name":null,"construction_year":"2016","ground_elevation":"27","height_roof":"328","bin":"4596217","geom_source":"Other (Manual)"}},{"type":"Feature","geometry":{"type":"MultiPolygon","coordinates":[[[[-73.958807660754,40.742614383135],[-73.958831152625,40.742534777693],[-73.958834608276,40.74253536786],[-73.95892272208,40.742550410773],[-73.958930149544,40.742551678634],[-73.958983716473,40.742370163574],[-73.958992146158,40.742341599785],[-73.959105982741,40.74236422588],[-73.959367675772,40.742416238141],[-73.959361454611,40.742434661224],[-73.959270969248,40.742702599492],[-73.9588506842,40.742621727742],[-73.958808491816,40.742614524812],[-73.958807660754,40.742614383135]]]]},"properties":{"name":null,"construction_year":"2013","ground_elevation":"8","height_roof":"326","bin":"4541408","geom_source":"Other (Manual)"}},{"type":"Feature","geometry":{"type":"MultiPolygon","coordinates":[[[[-73.956539005561,40.74604863688],[-73.956464411876,40.746033344221],[-73.95645072701,40.746043895688],[-73.956342544235,40.74600755981],[-73.956336570995,40.746012655315],[-73.956334348504,40.74601455094],[-73.95632867973,40.746019387213],[-73.956294194055,40.746000554442],[-73.956275624841,40.746007780265],[-73.956169061844,40.745975248579],[-73.95615333946,40.745985436332],[-73.956123169846,40.745973504835],[-73.956103102833,40.745980708448],[-73.955998424999,40.745944508658],[-73.955976293046,40.74595526666],[-73.955892109438,40.745932048205],[-73.955888472404,40.745935148158],[-73.95588268869,40.745940078018],[-73.955881778284,40.745939903872],[-73.955847990262,40.745933442396],[-73.955647793403,40.745895160583],[-73.955802221665,40.745428030702],[-73.955815031181,40.745430479592],[-73.955833348059,40.745375070326],[-73.955909941106,40.745389716697],[-73.955912583215,40.745381723909],[-73.956955308846,40.745581110501],[-73.956604032602,40.745957993874],[-73.956584144697,40.745979331992],[-73.956564143895,40.745986755433],[-73.956539005561,40.74604863688]]]]},"properties":{"name":null,"construction_year":"2007","ground_elevation":"11","height_roof":"319.59535256","bin":"4534604","geom_source":"Photogrammetric"}},{"type":"Feature","geometry":{"type":"MultiPolygon","coordinates":[[[[-73.806435994362,40.700757254842],[-73.80637939911,40.700765816297],[-73.806179621662,40.700796037213],[-73.806037234957,40.7005572628],[-73.806409201588,40.700501642897],[-73.806483644791,40.700490512553],[-73.806699303615,40.700458264609],[-73.80672523286,40.700450923034],[-73.80676426199,40.700440185994],[-73.807139119174,40.700335888579],[-73.807121206327,40.700298668218],[-73.807182399913,40.700281642963],[-73.807181462417,40.7002785022],[-73.807348004892,40.70024778267],[-73.807475965932,40.700513676442],[-73.807016668814,40.700641466505],[-73.806879543664,40.700679618235],[-73.806805386333,40.700700252443],[-73.806677588799,40.700720709172],[-73.806605626143,40.700731593467],[-73.806435994362,40.700757254842]]]]},"properties":{"name":null,"construction_year":null,"ground_elevation":"46","height_roof":"319","bin":"4607280","geom_source":"Other (Manual)"}},{"type":"Feature","geometry":{"type":"MultiPolygon","coordinates":[[[[-73.714317745575,40.756906839911],[-73.714324246365,40.756863917012],[-73.714316768373,40.756863261807],[-73.714321683605,40.756830800703],[-73.714328744902,40.756831418855],[-73.714335880641,40.756784303854],[-73.714335976932,40.756783665631],[-73.71433039064,40.756783176309],[-73.714335261976,40.756751006861],[-73.714340265846,40.756751444311],[-73.714349945639,40.756670834842],[-73.714365557828,40.75648182407],[-73.714797095316,40.756502433446],[-73.71479995471,40.756484298849],[-73.715061942021,40.756508184834],[-73.715066897083,40.756475457246],[-73.715128606516,40.756480860739],[-73.715472170177,40.756510942188],[-73.715492140619,40.756512690775],[-73.715483312289,40.756570894149],[-73.715483303757,40.75657095086],[-73.715474670352,40.75662787509],[-73.715474431533,40.75662944589],[-73.715464248106,40.756696592482],[-73.715454704395,40.756759521763],[-73.71544856534,40.75679999533],[-73.715440571212,40.756799294798],[-73.715436777649,40.756824352924],[-73.715434179571,40.756841509327],[-73.715442161869,40.756842208029],[-73.715436983959,40.756876408315],[-73.715429800713,40.756875780025],[-73.715424092696,40.756913481084],[-73.715422972803,40.756920873306],[-73.715429805647,40.756921471914],[-73.715424594857,40.756955881037],[-73.715419498634,40.756955434401],[-73.715413109402,40.756997632725],[-73.715360183205,40.756992999412],[-73.715359138838,40.75699989744],[-73.715266503507,40.756991786346],[-73.715269843799,40.756969724903],[-73.715155942886,40.756959751132],[-73.715150837933,40.756993469813],[-73.715093934221,40.75698848705],[-73.715093146981,40.756993682847],[-73.714991060295,40.756984744001],[-73.714991695207,40.756980554598],[-73.714935068525,40.756975595856],[-73.714939899363,40.756943692835],[-73.71480114367,40.756931542808],[-73.714799286375,40.75694380946],[-73.71479626156,40.756963788791],[-73.714734133826,40.756958348965],[-73.714733435506,40.756962961449],[-73.714726374191,40.756962343323],[-73.714632391834,40.756954114018],[-73.714633152304,40.756949093758],[-73.714610646075,40.756947122618],[-73.714577192149,40.756944193222],[-73.714581941502,40.75691282942],[-73.714492589036,40.756905004995],[-73.714465370158,40.75690262142],[-73.71446194063,40.756925271553],[-73.714368994173,40.756917132851],[-73.714369861917,40.756911403256],[-73.714317745575,40.756906839911]]]]},"properties":{"name":null,"construction_year":"1972","ground_elevation":"225","height_roof":"314.84","bin":"4456885","geom_source":"Photogrammetric"}},{"type":"Feature","geometry":{"type":"MultiPolygon","coordinates":[[[[-73.716081513573,40.758190053268],[-73.716070103465,40.758164722621],[-73.716064628353,40.758152567553],[-73.716056916203,40.758154576493],[-73.716026985555,40.758088128838],[-73.716055324269,40.758080747873],[-73.716017942977,40.757997760198],[-73.71597693055,40.758008441794],[-73.715957926737,40.757966251078],[-73.715952579822,40.757967642689],[-73.715919450206,40.7578940911],[-73.715925967273,40.757892394401],[-73.715907006932,40.757850300137],[-73.715946847933,40.757839923652],[-73.715941950054,40.757829050526],[-73.715901216222,40.75773861633],[-73.715879110159,40.757744373701],[-73.715861754656,40.757748893779],[-73.715843255438,40.75770782362],[-73.715838558228,40.757709046633],[-73.715805708059,40.757636117949],[-73.715812233405,40.757634418575],[-73.715794829968,40.757595777986],[-73.715792197437,40.757589937988],[-73.71579758938,40.757588533888],[-73.715823854358,40.757581692672],[-73.715831325777,40.75757974709],[-73.715818132711,40.757550456078],[-73.715813067121,40.757539209721],[-73.715796663203,40.757502791353],[-73.715794760387,40.757498565969],[-73.715765412981,40.757506209131],[-73.715735474707,40.757439742464],[-73.715746649805,40.757436832576],[-73.715729016512,40.757397684421],[-73.715782169925,40.757383840561],[-73.715780348061,40.757379794577],[-73.715820150862,40.757369427947],[-73.715821788553,40.757373063743],[-73.715881843068,40.757357422333],[-73.715880031752,40.757353400691],[-73.715920606324,40.757342832415],[-73.715922509151,40.757347055996],[-73.715951002868,40.757339634916],[-73.71596110857,40.757337002429],[-73.715971932718,40.757334183505],[-73.715975530881,40.757333247742],[-73.715975562902,40.757333237015],[-73.715976595121,40.757335561975],[-73.715977534807,40.757337647171],[-73.715978371257,40.757339503383],[-73.715979231157,40.757341414584],[-73.715980037101,40.757343204084],[-73.715980979133,40.757345294689],[-73.715982431475,40.757348519393],[-73.715990778354,40.757367048152],[-73.715993244288,40.757372523029],[-73.71599700014,40.757371544429],[-73.71600399138,40.757369723724],[-73.716008583045,40.757379917109],[-73.71603087268,40.757429404647],[-73.716033658898,40.757435588113],[-73.716004587784,40.757443159076],[-73.716005047656,40.757444179587],[-73.716029059493,40.757497487732],[-73.716055226425,40.75755558199],[-73.716099950229,40.757654873476],[-73.716119648364,40.757649743187],[-73.71616439507,40.757638089185],[-73.716210550211,40.757626067626],[-73.716259851814,40.75761322713],[-73.716259699306,40.757612888163],[-73.71625383238,40.757599861344],[-73.716287971811,40.757590970046],[-73.716299122014,40.757588066347],[-73.716295959201,40.757581042685],[-73.716329901815,40.757572202219],[-73.716384898789,40.757557878146],[-73.716387922009,40.757564590786],[-73.716426762151,40.75755447462],[-73.716437052815,40.757551793919],[-73.71646773328,40.757619905658],[-73.716487271107,40.757663280875],[-73.716501554357,40.757694991461],[-73.716521772659,40.757739878502],[-73.716470382049,40.757753263279],[-73.71647382528,40.757760908077],[-73.716442065211,40.757769180333],[-73.716388024825,40.757783255546],[-73.716385269067,40.757777138802],[-73.716373853267,40.757780112096],[-73.716338466534,40.757789329034],[-73.716330267323,40.757771128451],[-73.716291308485,40.757781274909],[-73.716230502037,40.757797111892],[-73.716169956384,40.757812881047],[-73.716170871444,40.75781491215],[-73.716266039035,40.758026190972],[-73.716266931812,40.758028172492],[-73.716294241397,40.758021059987],[-73.716323657257,40.758086365358],[-73.716314058879,40.75808886585],[-73.716330876181,40.758126200076],[-73.716317667737,40.758129639916],[-73.716276938626,40.758140248475],[-73.716279295513,40.758145479938],[-73.716271067648,40.758147622698],[-73.716239481649,40.758155849401],[-73.716237041474,40.758150432226],[-73.716211567095,40.758157066566],[-73.71617778659,40.758165865072],[-73.716179867774,40.758170485313],[-73.716161800836,40.758175190988],[-73.716142427397,40.758180236536],[-73.716139988397,40.758174822965],[-73.716093238889,40.75818699972],[-73.716081513573,40.758190053268]]]]},"properties":{"name":null,"construction_year":"1972","ground_elevation":"227","height_roof":"314.38","bin":"4453535","geom_source":"Photogrammetric"}},{"type":"Feature","geometry":{"type":"MultiPolygon","coordinates":[[[[-73.938490172345,40.749498866461],[-73.938744366049,40.749242419716],[-73.938798739319,40.749185958047],[-73.938896533178,40.74913454602],[-73.938994292851,40.749120302296],[-73.939086387709,40.749134646575],[-73.939379575309,40.749193413411],[-73.938929864011,40.749684943327],[-73.938490172345,40.749498866461]]]]},"properties":{"name":null,"construction_year":null,"ground_elevation":"23","height_roof":"313.09387792","bin":"4538327","geom_source":"Photogrammetric"}},{"type":"Feature","geometry":{"type":"MultiPolygon","coordinates":[[[[-73.958284495233,40.744143284709],[-73.958322430863,40.744027451817],[-73.957798519673,40.743928196274],[-73.957916282061,40.743574470664],[-73.95824956847,40.743638654929],[-73.958250166326,40.743636860435],[-73.958448818717,40.743675117371],[-73.958444396506,40.743688402757],[-73.958522663273,40.743703473038],[-73.958523670731,40.743703666109],[-73.958633718044,40.743724853192],[-73.958638139036,40.743711568699],[-73.958780968291,40.743739352816],[-73.958829121457,40.743748720003],[-73.958889960797,40.743760554585],[-73.958890248121,40.743761181441],[-73.958926604633,40.74384057951],[-73.958812600479,40.743920328225],[-73.9585239169,40.744122265989],[-73.958509244387,40.744107658083],[-73.958473883247,40.744128203014],[-73.958471872101,40.74414264462],[-73.9584684409,40.744148287761],[-73.958464352739,40.744153672219],[-73.958459643165,40.744158753883],[-73.958454348909,40.744163490441],[-73.958448514987,40.744167844089],[-73.958442186412,40.744171778822],[-73.958435417669,40.744175263143],[-73.958428262056,40.744178268254],[-73.958420778788,40.744180769863],[-73.958413029446,40.74418274728],[-73.958405075608,40.744184184319],[-73.958398920746,40.744184857476],[-73.958396983587,40.744185069296],[-73.958388818506,40.744185395032],[-73.958380649041,40.744185157948],[-73.958372539125,40.744184362571],[-73.958364556244,40.744183012528],[-73.958356765511,40.744181120447],[-73.958349230852,40.744178700762],[-73.958342013822,40.744175775107],[-73.958335172425,40.744172365114],[-73.958328763474,40.74416849962],[-73.958322839045,40.744164210163],[-73.958317446477,40.744159531879],[-73.958312630738,40.744154502605],[-73.95830882826,40.744147970752],[-73.958284495233,40.744143284709]]]]},"properties":{"name":null,"construction_year":"2000","ground_elevation":"9","height_roof":"301.45","bin":"4533416","geom_source":"Photogrammetric"}},{"type":"Feature","geometry":{"type":"MultiPolygon","coordinates":[[[[-73.957164994623,40.746186126614],[-73.957082457336,40.746142640137],[-73.957063594126,40.746163349265],[-73.956941569744,40.746099058861],[-73.957017447961,40.746015756106],[-73.957037411103,40.746026275169],[-73.957044360384,40.746018645966],[-73.957306143944,40.7457312466],[-73.957336996575,40.745697373761],[-73.9573203654,40.745688611972],[-73.957346389696,40.745660040427],[-73.957392405652,40.745684284693],[-73.957912720162,40.745785061695],[-73.957907908231,40.745813225088],[-73.957987502524,40.745811047005],[-73.957995603442,40.745982300233],[-73.95776589808,40.745988584621],[-73.957764560303,40.745960282104],[-73.957385474841,40.745894548664],[-73.957335766563,40.745946687615],[-73.957367744807,40.745963536231],[-73.957164994623,40.746186126614]]]]},"properties":{"name":null,"construction_year":"2007","ground_elevation":"13","height_roof":"300","bin":"4538318","geom_source":"Other (Manual)"}},{"type":"Feature","geometry":{"type":"MultiPolygon","coordinates":[[[[-73.939818170086,40.749600711496],[-73.939920767209,40.749489388619],[-73.940069930895,40.749568896391],[-73.940253561845,40.749369645776],[-73.940388271101,40.749446846646],[-73.94011048453,40.749753888701],[-73.940110293981,40.749753787745],[-73.939818170086,40.749600711496]]]]},"properties":{"name":null,"construction_year":"2014","ground_elevation":"20","height_roof":"299","bin":"4538465","geom_source":"Other (Manual)"}},{"type":"Feature","geometry":{"type":"MultiPolygon","coordinates":[[[[-73.83929414828,40.720420562645],[-73.83919468617,40.720226725576],[-73.839326586247,40.720187546568],[-73.839345996867,40.720225375322],[-73.839420716365,40.720203181095],[-73.839396381484,40.720155755039],[-73.839698059952,40.720066145936],[-73.839722296062,40.720113377281],[-73.839794839525,40.720091829951],[-73.839778051039,40.720059112623],[-73.83991105195,40.720019606691],[-73.840006429122,40.720205478749],[-73.839875742259,40.720244298216],[-73.839859172815,40.720212008047],[-73.839786543962,40.720233581413],[-73.839810898,40.720281043433],[-73.839503399618,40.720372380903],[-73.83947461865,40.720316292051],[-73.839405661286,40.720336774373],[-73.839428220925,40.720380738185],[-73.83929414828,40.720420562645]]]]},"properties":{"name":null,"construction_year":"1965","ground_elevation":"74","height_roof":"296.17","bin":"4052585","geom_source":"Photogrammetric"}},{"type":"Feature","geometry":{"type":"MultiPolygon","coordinates":[[[[-73.945159409394,40.745176712182],[-73.944827886522,40.745307953129],[-73.944660756588,40.74506337181],[-73.944997055213,40.744931740098],[-73.945159409394,40.745176712182]]]]},"properties":{"name":null,"construction_year":"2022","ground_elevation":"11","height_roof":"296","bin":"4623857","geom_source":"Other (Manual)"}},{"type":"Feature","geometry":{"type":"MultiPolygon","coordinates":[[[[-73.940772356033,40.746534134622],[-73.940539820023,40.746616916372],[-73.940252832519,40.746150623212],[-73.940485367259,40.746067841135],[-73.940772356033,40.746534134622]]]]},"properties":{"name":null,"construction_year":"2016","ground_elevation":"9","height_roof":"290","bin":"4541663","geom_source":"Other (Manual)"}},{"type":"Feature","geometry":{"type":"MultiPolygon","coordinates":[[[[-73.82732661158,40.711405348685],[-73.827342856716,40.711398834428],[-73.827389327605,40.7114677312],[-73.827412926435,40.711458514715],[-73.827445983922,40.711507524244],[-73.827431073092,40.711513348021],[-73.827513818979,40.711636021898],[-73.827255826629,40.711736783334],[-73.82724024861,40.711717822176],[-73.827190023547,40.711741715737],[-73.827133959294,40.711673477164],[-73.827172373021,40.711658073939],[-73.827091280709,40.711540978274],[-73.827124099241,40.711527817943],[-73.827101733456,40.711495523487],[-73.82732661158,40.711405348685]]]]},"properties":{"name":null,"construction_year":"2015","ground_elevation":"115","height_roof":"288","bin":"4533202","geom_source":"Other (Manual)"}},{"type":"Feature","geometry":{"type":"MultiPolygon","coordinates":[[[[-73.941673240051,40.746396629919],[-73.941845093881,40.746643845595],[-73.941222277984,40.746871508055],[-73.94114641594,40.746745485721],[-73.94137252351,40.746663990802],[-73.941470041342,40.746630526236],[-73.94138705843,40.746500283364],[-73.941497798843,40.746460713762],[-73.941673240051,40.746396629919]]]]},"properties":{"name":null,"construction_year":"2018","ground_elevation":"15","height_roof":"288","bin":"4596127","geom_source":"Other (Manual)"}},{"type":"Feature","geometry":{"type":"MultiPolygon","coordinates":[[[[-73.94126844882,40.7505020425],[-73.941246806633,40.750525015085],[-73.94119518415,40.750579809764],[-73.941142626437,40.750635598101],[-73.941120680745,40.750658891988],[-73.941024496237,40.750617270912],[-73.940835290319,40.750535398011],[-73.940830639174,40.750519334192],[-73.94082654168,40.750505184233],[-73.940928382558,40.750397083897],[-73.940978390842,40.750344002172],[-73.941146485732,40.750435590424],[-73.94126844882,40.7505020425]]]]},"properties":{"name":null,"construction_year":"1925","ground_elevation":"22","height_roof":"287","bin":"4005063","geom_source":"Other (Manual)"}},{"type":"Feature","geometry":{"type":"MultiPolygon","coordinates":[[[[-73.82732661158,40.711405348685],[-73.827101733456,40.711495523487],[-73.827124099241,40.711527817943],[-73.827091280709,40.711540978274],[-73.827172373021,40.711658073939],[-73.827133959294,40.711673477164],[-73.827190023547,40.711741715737],[-73.82724024861,40.711717822176],[-73.827255826629,40.711736783334],[-73.827513818979,40.711636021898],[-73.827431073092,40.711513348021],[-73.827445983922,40.711507524244],[-73.827412926435,40.711458514715],[-73.827389327605,40.7114677312],[-73.827342856716,40.711398834428],[-73.827553664111,40.711314301401],[-73.82783422883,40.71120179435],[-73.827886230662,40.711202683472],[-73.827875296412,40.711186894644],[-73.828051728896,40.711116143879],[-73.828061009382,40.711112422414],[-73.828177768542,40.71128101603],[-73.828201092998,40.711271662096],[-73.82825445367,40.711348712137],[-73.828231524868,40.711357906381],[-73.828334688208,40.711506866378],[-73.828347999564,40.711526086958],[-73.828341675918,40.711528622378],[-73.828215118763,40.711579372893],[-73.828159132226,40.711601823762],[-73.828172357481,40.711620919963],[-73.828172740668,40.711621473449],[-73.828173001238,40.711621848451],[-73.828173311322,40.71162229737],[-73.828173551846,40.711622644426],[-73.828173856041,40.711623082529],[-73.828181847553,40.71163462282],[-73.828093689382,40.711669974107],[-73.828065534948,40.711681264112],[-73.827705032712,40.711825826526],[-73.827596699329,40.711869256351],[-73.8274461942,40.711929620047],[-73.827396568744,40.711949519022],[-73.827358691551,40.711964707903],[-73.827327179533,40.711977344361],[-73.827303387952,40.711986884724],[-73.827282235794,40.711995366437],[-73.827266574545,40.712001646527],[-73.827252974607,40.712007100336],[-73.827250331623,40.712008159876],[-73.827249779838,40.712007364795],[-73.827249712637,40.712007266539],[-73.827247334554,40.712003832017],[-73.827246644826,40.712002836816],[-73.827246064747,40.712001999369],[-73.827245373842,40.712001001465],[-73.827244682909,40.712000014367],[-73.827243105406,40.711997726499],[-73.827241428841,40.711995305206],[-73.827239238225,40.711992141119],[-73.82702516224,40.711683022167],[-73.826976333642,40.71161251429],[-73.826914729462,40.711523559994],[-73.826967295064,40.711502481471],[-73.827050908089,40.711468953157],[-73.827128112051,40.711437994228],[-73.827187426488,40.711414209792],[-73.827300040759,40.711369052385],[-73.827301163809,40.711368602012],[-73.82732661158,40.711405348685]]]]},"properties":{"name":null,"construction_year":"1924","ground_elevation":"121","height_roof":"282","bin":"4080168","geom_source":"Other (Manual)"}},{"type":"Feature","geometry":{"type":"MultiPolygon","coordinates":[[[[-73.94197414296,40.746824728835],[-73.941619888622,40.746951659057],[-73.94150674843,40.746767523669],[-73.941845093881,40.746643845595],[-73.94197414296,40.746824728835]]]]},"properties":{"name":null,"construction_year":"2017","ground_elevation":"19","height_roof":"280","bin":"4617818","geom_source":"Other (Manual)"}},{"type":"Feature","geometry":{"type":"MultiPolygon","coordinates":[[[[-73.781089833942,40.642344694199],[-73.78121823853,40.642290574989],[-73.781324814233,40.642244936662],[-73.781347481509,40.642275651518],[-73.78147806446,40.642452590106],[-73.781494655078,40.642445485901],[-73.781558845178,40.642532461323],[-73.781425776687,40.64258944471],[-73.781417761933,40.642592876672],[-73.781396107052,40.642602042439],[-73.781720029391,40.643048017708],[-73.781675907702,40.643066928645],[-73.781351001294,40.642621160303],[-73.781323018665,40.642633027296],[-73.78132051245,40.642634092349],[-73.78118139518,40.642693664657],[-73.781123590495,40.642615338979],[-73.78114050557,40.642608095861],[-73.780981112279,40.642392117557],[-73.78109032003,40.642345352505],[-73.781089833942,40.642344694199]]]]},"properties":{"name":null,"construction_year":"1994","ground_elevation":"13","height_roof":"278","bin":"4542152","geom_source":"Other (Manual)"}},{"type":"Feature","geometry":{"type":"MultiPolygon","coordinates":[[[[-73.935912235934,40.776303560331],[-73.936195364162,40.775752308884],[-73.936608189532,40.776112857666],[-73.936400438272,40.776428147033],[-73.93632768507,40.776578199973],[-73.936203892592,40.776814917827],[-73.935888619596,40.777072064235],[-73.935520600315,40.777018380741],[-73.935805492026,40.776483840125],[-73.935912235934,40.776303560331]]]]},"properties":{"name":null,"construction_year":null,"ground_elevation":"11","height_roof":"277","bin":"4618772","geom_source":"Other (Manual)"}},{"type":"Feature","geometry":{"type":"MultiPolygon","coordinates":[[[[-73.858146678524,40.728291734535],[-73.856849017564,40.727818832235],[-73.857007760128,40.727572421164],[-73.858311609444,40.728045318504],[-73.858146678524,40.728291734535]]]]},"properties":{"name":null,"construction_year":"2023","ground_elevation":"58","height_roof":"273","bin":"4619386","geom_source":"Other (Manual)"}},{"type":"Feature","geometry":{"type":"MultiPolygon","coordinates":[[[[-73.942593927083,40.746657503713],[-73.942325887021,40.746760637228],[-73.942210367508,40.746584845432],[-73.942341679722,40.746533672402],[-73.94238736405,40.746427815474],[-73.942773600072,40.746515593107],[-73.942555624831,40.746600677949],[-73.942593927083,40.746657503713]]]]},"properties":{"name":null,"construction_year":"2023","ground_elevation":"15","height_roof":"273","bin":"4623812","geom_source":"Other (Manual)"}},{"type":"Feature","geometry":{"type":"MultiPolygon","coordinates":[[[[-73.731911730452,40.742086225464],[-73.731800912696,40.741723118994],[-73.731487960254,40.741778371888],[-73.731411043717,40.741791951452],[-73.731402935309,40.741765379161],[-73.731388993679,40.741767840162],[-73.731373516537,40.741770572236],[-73.73136268079,40.741735067712],[-73.731355712874,40.741712236102],[-73.731411597832,40.741702369866],[-73.731460075367,40.741693810985],[-73.731563006558,40.741675638183],[-73.731778674209,40.741637561843],[-73.731730579226,40.741479973786],[-73.731694486613,40.741486346376],[-73.73169272328,40.741480569989],[-73.73149261729,40.741515898968],[-73.731494498625,40.741522062853],[-73.731497622102,40.741532298144],[-73.731498383977,40.741534796138],[-73.731499086262,40.741537097681],[-73.731515304304,40.74159023865],[-73.73140931762,40.741608950894],[-73.731372970176,40.741615367815],[-73.731365375949,40.741590481577],[-73.731210170037,40.741617883125],[-73.731124768046,40.741632960955],[-73.730979771421,40.741658558889],[-73.730873256053,40.741677363959],[-73.730864741221,40.741649463326],[-73.730831624673,40.741655309498],[-73.730853276884,40.741726259168],[-73.730757316839,40.741743200425],[-73.730742769749,40.741745768894],[-73.7307213233,40.741675494167],[-73.7304922334,40.741715937884],[-73.730482962719,40.741685559948],[-73.730458443093,40.741689888957],[-73.730457401977,40.741686478985],[-73.730427296331,40.741587825028],[-73.730452045772,40.741583456041],[-73.730442873276,40.741553400713],[-73.730547985754,40.741534844002],[-73.730619206811,40.741522270172],[-73.730616573052,40.741513641614],[-73.730607363114,40.741483460141],[-73.730664938708,40.74147329565],[-73.730672456718,40.741497930514],[-73.730676581451,40.741511448732],[-73.730813170503,40.741487334484],[-73.730803302602,40.741455001967],[-73.730858194562,40.74144531108],[-73.730859422641,40.741449336535],[-73.731172013877,40.741394149342],[-73.731217020933,40.741386203815],[-73.73125088848,40.741380224209],[-73.731230229198,40.741312527774],[-73.731216480507,40.741267478218],[-73.731081165711,40.74129136809],[-73.731076443098,40.741292201743],[-73.731069914681,40.741270810157],[-73.731069046478,40.741267967016],[-73.730960035314,40.740910760449],[-73.730959081834,40.740907634347],[-73.730955502766,40.740895904027],[-73.730957289435,40.740895588519],[-73.73112676578,40.74086566768],[-73.731302694346,40.740834607189],[-73.731381539824,40.740820687302],[-73.731379219161,40.740813083373],[-73.731386843688,40.740807526989],[-73.731395005057,40.740802430218],[-73.731403655787,40.740797823565],[-73.73141274368,40.740793733024],[-73.73142221654,40.740790183686],[-73.73143201746,40.740787195231],[-73.731442091906,40.740784785541],[-73.731452378251,40.740782969782],[-73.731462816076,40.740781757718],[-73.731473344971,40.740781156412],[-73.731483903357,40.740781169323],[-73.731494428482,40.740781797204],[-73.731504858799,40.74078303541],[-73.731515133955,40.740784877497],[-73.731525192431,40.740787311615],[-73.731527733956,40.740795640067],[-73.731555806369,40.740790683351],[-73.731574856602,40.740787320217],[-73.731590865364,40.740839773603],[-73.731677959297,40.740824396798],[-73.7316909101,40.740866832059],[-73.731747060877,40.740856918553],[-73.731761537832,40.740904355199],[-73.731703420262,40.74091461623],[-73.731751761321,40.741073015346],[-73.731844157472,40.741056702526],[-73.731990349097,40.741030891965],[-73.732058558785,40.741018848744],[-73.732068263419,40.741017135135],[-73.732083974948,40.741014361189],[-73.732111974721,40.741106104695],[-73.732117541733,40.741124344897],[-73.732109302675,40.74112579987],[-73.732095852892,40.741128174751],[-73.732089417092,40.741129310634],[-73.73198450473,40.741147833196],[-73.731794778707,40.74118133],[-73.731830045318,40.741296888312],[-73.731939217308,40.741277613072],[-73.732093865272,40.741250309202],[-73.732095592406,40.741255967531],[-73.732147757029,40.741426888872],[-73.732148113437,40.741428057664],[-73.731880926797,40.741475231504],[-73.731919616417,40.741602002816],[-73.732214538551,40.741549932461],[-73.732224701776,40.741548137959],[-73.7322324409,40.741546770965],[-73.732244294832,40.741544678721],[-73.732253867778,40.741576046879],[-73.732266375033,40.741617027612],[-73.732276797566,40.741651176721],[-73.732252034001,40.741655548769],[-73.732072474657,40.741687250633],[-73.73194995521,40.741708882191],[-73.731947332052,40.741709345253],[-73.73194827859,40.741712445215],[-73.731980431539,40.741817797032],[-73.731994808371,40.741864904722],[-73.731995587803,40.741867458585],[-73.732071400069,40.741854073275],[-73.732086503827,40.741903561795],[-73.732008901264,40.741917262631],[-73.732021543986,40.741958687657],[-73.732180909035,40.741930550866],[-73.732160904818,40.74192610985],[-73.732231345088,40.741742542302],[-73.732314594668,40.74176102161],[-73.732326594271,40.741729752225],[-73.732390667714,40.741743976116],[-73.732378765034,40.741774998092],[-73.732410115694,40.741781957148],[-73.732340263352,40.741963994399],[-73.732322499549,40.741960051199],[-73.732298406908,40.742022835586],[-73.732157499467,40.741991556502],[-73.732167681704,40.741965022299],[-73.732030850465,40.741989179914],[-73.732078767726,40.742146183888],[-73.732084089407,40.742163622063],[-73.732062615862,40.74216741369],[-73.731942956852,40.742188540406],[-73.731935239644,40.742163253195],[-73.731911730452,40.742086225464]],[[-73.731690595627,40.741352699608],[-73.731644422801,40.741197123225],[-73.731528064974,40.741217100944],[-73.731267858761,40.741261775406],[-73.731293160588,40.741347029132],[-73.731352739474,40.741336799633],[-73.731345903834,40.741313766614],[-73.731409914929,40.741302776586],[-73.731416523986,40.741325044538],[-73.731430719976,40.74132260754],[-73.731442493169,40.741362278211],[-73.731454861056,40.741360154828],[-73.731458769634,40.741359484055],[-73.731458192605,40.741357537605],[-73.731441367406,40.741300844493],[-73.73151972729,40.741287390744],[-73.73152494401,40.741304967382],[-73.731545140417,40.741373018386],[-73.731450531216,40.74138926187],[-73.731453154761,40.741398100204],[-73.731654940063,40.741363455993],[-73.731653631794,40.741359045842],[-73.731690595627,40.741352699608]],[[-73.731323701337,40.741449937894],[-73.731310889761,40.741406770805],[-73.73122645415,40.741421267433],[-73.731242424166,40.741475077844],[-73.731259403432,40.741532289137],[-73.73126712915,40.741558320239],[-73.731270864684,40.7415709082],[-73.731355300475,40.741556411539],[-73.731352986486,40.741548614916],[-73.731344514337,40.74152006605],[-73.731323701337,40.741449937894]]]]},"properties":{"name":null,"construction_year":"1957","ground_elevation":"118","height_roof":"270","bin":"4438348","geom_source":"Other (Manual)"}},{"type":"Feature","geometry":{"type":"MultiPolygon","coordinates":[[[[-73.959521423523,40.739875404891],[-73.958354215566,40.739647596188],[-73.958422898114,40.739435534357],[-73.959225175581,40.739065153336],[-73.95975939359,40.739169835233],[-73.959521423523,40.739875404891]]]]},"properties":{"name":null,"construction_year":"2024","ground_elevation":"7","height_roof":"270","bin":"4623738","geom_source":"Other (Manual)"}},{"type":"Feature","geometry":{"type":"MultiPolygon","coordinates":[[[[-73.836679627812,40.718812894289],[-73.836618025476,40.718783754581],[-73.836536099687,40.718886175046],[-73.836542991304,40.718900259827],[-73.836530154713,40.718928632031],[-73.836444880656,40.718952785114],[-73.836411576333,40.71893793969],[-73.836379817563,40.718873029809],[-73.836390795094,40.718845038598],[-73.83647040416,40.718822490325],[-73.836511416137,40.718835725756],[-73.836521360211,40.718856050015],[-73.836590810473,40.718770881866],[-73.83655435674,40.718753638453],[-73.836340968715,40.718652702246],[-73.836273715873,40.718620889707],[-73.836349982202,40.718527551145],[-73.83644671649,40.718409164161],[-73.836752292504,40.718553707631],[-73.836998498225,40.718670166637],[-73.837114496991,40.718898684341],[-73.837069345405,40.718953944282],[-73.836862137863,40.719021680911],[-73.83678834713,40.719002634969],[-73.836679627812,40.718812894289]]]]},"properties":{"name":null,"construction_year":"1991","ground_elevation":"80","height_roof":"269","bin":"4312034","geom_source":"Other (Manual)"}},{"type":"Feature","geometry":{"type":"MultiPolygon","coordinates":[[[[-73.956591175793,40.747002002288],[-73.956595849312,40.747001902292],[-73.956600479826,40.747002382205],[-73.956829192988,40.747045464643],[-73.956833980418,40.7470468226],[-73.956838388556,40.747048789157],[-73.95684228246,40.747051304831],[-73.956845547325,40.747054294835],[-73.956848084934,40.747057668183],[-73.956849817204,40.747061323989],[-73.956850694475,40.747065153272],[-73.956850688406,40.747069038956],[-73.956849800256,40.747072866676],[-73.956851807219,40.747085674434],[-73.956888326575,40.74731868699],[-73.957013678024,40.747342530625],[-73.957508477282,40.747436645157],[-73.957513673422,40.747437739388],[-73.957518603945,40.747439441363],[-73.957523146922,40.747441707813],[-73.957527191085,40.747444482864],[-73.957530634649,40.747447698042],[-73.957531029799,40.747448210576],[-73.957533394782,40.747451274071],[-73.957535401678,40.747455123576],[-73.957536608036,40.747459151086],[-73.95753698195,40.747463257534],[-73.957536515195,40.747467341159],[-73.957535219677,40.74747130201],[-73.957443600552,40.747636424703],[-73.957433495995,40.747649023559],[-73.957421097531,40.747652941583],[-73.95740653282,40.74765037966],[-73.95679684266,40.747534262806],[-73.95669839422,40.747515512412],[-73.956643578488,40.747482183855],[-73.956566270464,40.747027400694],[-73.956565802693,40.747023875034],[-73.95656610338,40.747020337957],[-73.956567164174,40.747016884915],[-73.956568955413,40.747013608646],[-73.956571430861,40.747010597385],[-73.956574520604,40.747007933951],[-73.956578144083,40.747005688553],[-73.956582201797,40.747003921487],[-73.956586584781,40.747002682241],[-73.956591175793,40.747002002288]]]]},"properties":{"name":null,"construction_year":"2012","ground_elevation":"8","height_roof":"264","bin":"4541714","geom_source":"Other (Manual)"}},{"type":"Feature","geometry":{"type":"MultiPolygon","coordinates":[[[[-73.939801179758,40.749120739421],[-73.940249525326,40.749360308565],[-73.940061104043,40.749564253722],[-73.93961275778,40.749324683852],[-73.939801179758,40.749120739421]]]]},"properties":{"name":null,"construction_year":null,"ground_elevation":"18","height_roof":"258","bin":"4539113","geom_source":"Other (Manual)"}},{"type":"Feature","geometry":{"type":"MultiPolygon","coordinates":[[[[-73.805189433133,40.699291840015],[-73.805040535866,40.699051122588],[-73.806015321167,40.69870185619],[-73.80612017298,40.698871363827],[-73.80536010944,40.699137488805],[-73.805400793988,40.699216110387],[-73.805189433133,40.699291840015]]]]},"properties":{"name":null,"construction_year":"2025","ground_elevation":"41","height_roof":"254","bin":"4624117","geom_source":"Other (Manual)"}},{"type":"Feature","geometry":{"type":"MultiPolygon","coordinates":[[[[-73.806771113464,40.69950879179],[-73.806520031131,40.69960018195],[-73.806504538022,40.699576170701],[-73.805927329178,40.699790773055],[-73.805901580502,40.699756471363],[-73.805706220495,40.699826461124],[-73.805565517323,40.699607701067],[-73.80593291002,40.699479546638],[-73.805940100166,40.699492225398],[-73.806637936817,40.699233119649],[-73.806771113464,40.69950879179]]]]},"properties":{"name":null,"construction_year":"2022","ground_elevation":"44","height_roof":"251","bin":"4618544","geom_source":"Other (Manual)"}},{"type":"Feature","geometry":{"type":"MultiPolygon","coordinates":[[[[-73.791206159997,40.705111628218],[-73.791589660346,40.705020830967],[-73.791739283293,40.705231248472],[-73.791774765499,40.705298502729],[-73.791737141885,40.705315589459],[-73.79178569716,40.70540716954],[-73.791835350753,40.705397550002],[-73.791986464035,40.705683022319],[-73.791960608924,40.705690837982],[-73.792000583844,40.705773527892],[-73.792036292865,40.705767874148],[-73.792178220052,40.706037544488],[-73.791728839416,40.70616902681],[-73.791206159997,40.705111628218]]]]},"properties":{"name":null,"construction_year":"2022","ground_elevation":"55","height_roof":"250","bin":"4617186","geom_source":"Other (Manual)"}},{"type":"Feature","geometry":{"type":"MultiPolygon","coordinates":[[[[-73.801674806751,40.703067985621],[-73.801770522059,40.70323743006],[-73.801429895347,40.703343154042],[-73.801332436605,40.703168944392],[-73.801674806751,40.703067985621]]]]},"properties":{"name":null,"construction_year":"2020","ground_elevation":"48","height_roof":"250","bin":"4619413","geom_source":"Other (Manual)"}},{"type":"Feature","geometry":{"type":"MultiPolygon","coordinates":[[[[-73.796466862787,40.704047711375],[-73.796399239397,40.704067672348],[-73.796317153683,40.704110121447],[-73.796305585869,40.704101582113],[-73.796226631775,40.704166246071],[-73.7959543808,40.703989903255],[-73.795735628313,40.704029625974],[-73.79566108904,40.703828941043],[-73.795819296065,40.703799511122],[-73.795779592688,40.703696936048],[-73.795501223389,40.70376254948],[-73.79538748449,40.703613790409],[-73.796052625773,40.703461214343],[-73.796466862787,40.704047711375]]]]},"properties":{"name":null,"construction_year":"2023","ground_elevation":"52","height_roof":"250","bin":"4623723","geom_source":"Other (Manual)"}},{"type":"Feature","geometry":{"type":"MultiPolygon","coordinates":[[[[-73.850978173276,40.728166770877],[-73.850978843704,40.728166572732],[-73.850980291163,40.728166145962],[-73.850985151167,40.728164712336],[-73.850987672967,40.728163969076],[-73.85099023741,40.728163212364],[-73.850992970051,40.728162406342],[-73.850995882736,40.728161547422],[-73.850999147218,40.728160584498],[-73.851012992837,40.72815650059],[-73.851223357423,40.728094455475],[-73.851255497577,40.728084975002],[-73.85127935274,40.728131782817],[-73.851302496643,40.728124956222],[-73.85135468124,40.728214469476],[-73.851369373758,40.728244636622],[-73.851395164654,40.728305682176],[-73.851370509275,40.728312954393],[-73.851395494843,40.728361980698],[-73.851373126716,40.728368578683],[-73.851286290869,40.728394190541],[-73.851146082401,40.728435544509],[-73.851143175631,40.728436400738],[-73.851140283071,40.728437254284],[-73.851137372744,40.728438113211],[-73.851134488478,40.728438963166],[-73.851131624347,40.728439807743],[-73.851128825363,40.728440633495],[-73.851119191791,40.728443474756],[-73.850983671202,40.7281775589],[-73.850978173276,40.728166770877]]]]},"properties":{"name":null,"construction_year":"1964","ground_elevation":"80","height_roof":"249.48","bin":"4432047","geom_source":"Photogrammetric"}},{"type":"Feature","geometry":{"type":"MultiPolygon","coordinates":[[[[-73.942719405559,40.746842967015],[-73.94244969014,40.746946745646],[-73.942325887021,40.746760637228],[-73.942593927083,40.746657503713],[-73.942719405559,40.746842967015]]]]},"properties":{"name":null,"construction_year":"2024","ground_elevation":"17","height_roof":"248","bin":"4620870","geom_source":"Photogrammetric"}},{"type":"Feature","geometry":{"type":"MultiPolygon","coordinates":[[[[-73.80603376925,40.699071238748],[-73.806138387924,40.699236095709],[-73.805340238326,40.699529482509],[-73.805189433133,40.699291840015],[-73.805335572926,40.699238122138],[-73.8053810649,40.699315520852],[-73.80603376925,40.699071238748]]]]},"properties":{"name":null,"construction_year":"2018","ground_elevation":"41","height_roof":"247","bin":"4608253","geom_source":"Other (Manual)"}},{"type":"Feature","geometry":{"type":"MultiPolygon","coordinates":[[[[-73.798608610838,40.703169107887],[-73.798212928888,40.703311872231],[-73.798086883401,40.703126771109],[-73.797814579036,40.703225315469],[-73.797667466964,40.703012810247],[-73.798368347423,40.702846453526],[-73.798608610838,40.703169107887]]]]},"properties":{"name":null,"construction_year":"2023","ground_elevation":"59","height_roof":"247","bin":"4622954","geom_source":"Other (Manual)"}},{"type":"Feature","geometry":{"type":"MultiPolygon","coordinates":[[[[-73.843095012083,40.720442644744],[-73.84284483281,40.72035415698],[-73.842680272635,40.720295951922],[-73.84274144425,40.720195838297],[-73.842822970079,40.720062411896],[-73.842836745615,40.720039865688],[-73.843255508179,40.720187981736],[-73.843141881451,40.720373949167],[-73.843099037644,40.720444068535],[-73.843095012083,40.720442644744]]]]},"properties":{"name":null,"construction_year":"2005","ground_elevation":"67","height_roof":"244","bin":"4533735","geom_source":"Other (Manual)"}},{"type":"Feature","geometry":{"type":"MultiPolygon","coordinates":[[[[-73.806526676888,40.69889004915],[-73.806448596399,40.698759196472],[-73.806122962866,40.698875873801],[-73.806015321167,40.69870185619],[-73.806417905078,40.698557607884],[-73.806525546415,40.698731624219],[-73.806525332032,40.698731701303],[-73.806606083146,40.698867032173],[-73.806706991601,40.699026039847],[-73.806137852022,40.699235251024],[-73.80603376925,40.699071238748],[-73.806526676888,40.69889004915]]]]},"properties":{"name":null,"construction_year":"2025","ground_elevation":"41","height_roof":"242","bin":"4624116","geom_source":"Other (Manual)"}},{"type":"Feature","geometry":{"type":"MultiPolygon","coordinates":[[[[-73.752620122151,40.593890920458],[-73.752972984764,40.593886599668],[-73.752982869496,40.593886478633],[-73.752999608682,40.593886273273],[-73.752999617612,40.593886733461],[-73.753000530184,40.593930012028],[-73.752990700972,40.593930132283],[-73.752991207429,40.593954175629],[-73.753002129438,40.593954041514],[-73.753003136369,40.594001831921],[-73.752991357842,40.594001975902],[-73.752991871344,40.594026350658],[-73.75300276619,40.594026217384],[-73.753003263733,40.594049797841],[-73.752959455139,40.594050334039],[-73.752929444088,40.59405070177],[-73.752930555579,40.594103424586],[-73.752955891858,40.594103114344],[-73.753002909168,40.594102538217],[-73.753003323043,40.59412223002],[-73.752993985265,40.594122344127],[-73.752994502778,40.594146912504],[-73.753005737889,40.594146774559],[-73.753006755952,40.594195070184],[-73.752996671519,40.594195193493],[-73.752997180007,40.594219327797],[-73.75300692302,40.594219208256],[-73.7530079279,40.59426691671],[-73.752996268648,40.594267059147],[-73.752996753071,40.594290034421],[-73.752996808341,40.594292657774],[-73.752998606436,40.594292635524],[-73.75300766661,40.594292524421],[-73.753008122783,40.594314195672],[-73.75300864847,40.594339110769],[-73.752997185318,40.594339250926],[-73.752997696772,40.594363541928],[-73.75300868028,40.594363407043],[-73.753009716532,40.594412535693],[-73.752999126425,40.59441266512],[-73.752999632979,40.594436684152],[-73.75300026707,40.594466784713],[-73.752956683849,40.594467318693],[-73.752926084272,40.594467693264],[-73.752632490877,40.594471287817],[-73.752632353834,40.594471289323],[-73.752620122151,40.593890920458]]]]},"properties":{"name":null,"construction_year":"1971","ground_elevation":"7","height_roof":"241","bin":"4436179","geom_source":"Other (Manual)"}},{"type":"Feature","geometry":{"type":"MultiPolygon","coordinates":[[[[-73.751760170034,40.593905023318],[-73.751768998087,40.594481835062],[-73.751384276826,40.594486540708],[-73.751383580285,40.594453419636],[-73.751406804209,40.594453173605],[-73.751405053029,40.594357137663],[-73.751401961798,40.59418759334],[-73.751400707952,40.594118853433],[-73.751464706331,40.594118175088],[-73.75146368003,40.594061918774],[-73.751390805912,40.594062691382],[-73.751390482133,40.594044946706],[-73.751401186717,40.594044832984],[-73.751400707047,40.594018507753],[-73.751390264737,40.59401861844],[-73.75138983884,40.593995302885],[-73.751389342585,40.593968039269],[-73.751487556184,40.593931457091],[-73.751551676159,40.593907574191],[-73.751760170034,40.593905023318]]]]},"properties":{"name":null,"construction_year":"1971","ground_elevation":"7","height_roof":"240","bin":"4436178","geom_source":"Other (Manual)"}},{"type":"Feature","geometry":{"type":"MultiPolygon","coordinates":[[[[-73.952656641135,40.747461621119],[-73.952749916031,40.747190369191],[-73.953456131775,40.747330828683],[-73.953362859558,40.747602081176],[-73.952656641135,40.747461621119]]]]},"properties":{"name":null,"construction_year":"2026","ground_elevation":"10","height_roof":"240","bin":"4439038","geom_source":"Other (Manual)"}},{"type":"Feature","geometry":{"type":"MultiPolygon","coordinates":[[[[-73.751951855314,40.59404665602],[-73.751948585692,40.593891372964],[-73.751947702966,40.593849465954],[-73.751945048879,40.593723429725],[-73.752142652091,40.593721011342],[-73.752303844784,40.593719038249],[-73.75230408591,40.593730467352],[-73.752318712729,40.593730288155],[-73.752320717691,40.593825455625],[-73.752322173107,40.593894567873],[-73.752322721275,40.59389456095],[-73.752325828008,40.594042079302],[-73.752149460663,40.594044237627],[-73.751951855314,40.59404665602]]]]},"properties":{"name":null,"construction_year":"1971","ground_elevation":"7","height_roof":"240","bin":"4587847","geom_source":"Other (Manual)"}},{"type":"Feature","geometry":{"type":"MultiPolygon","coordinates":[[[[-73.752070294133,40.594486476638],[-73.752070118313,40.59447814999],[-73.751772314293,40.594481794497],[-73.751768998087,40.594481835062],[-73.751760170034,40.593905023318],[-73.751759931042,40.593893680669],[-73.75183803781,40.593892725514],[-73.751948585692,40.593891372964],[-73.751951855314,40.59404665602],[-73.752149460663,40.594044237627],[-73.752325828008,40.594042079302],[-73.752322721275,40.59389456095],[-73.752393945229,40.59389368964],[-73.752620122151,40.593890920458],[-73.752632353834,40.594471289323],[-73.752334981086,40.594474930812],[-73.752337048452,40.594573033225],[-73.752337240291,40.594582146066],[-73.752337401978,40.594589833309],[-73.752323030154,40.594590009455],[-73.752258469776,40.594590799633],[-73.75220291054,40.594591479509],[-73.752142109398,40.594592223697],[-73.752072538665,40.594593075006],[-73.75207249857,40.594591146892],[-73.752072415177,40.594587198804],[-73.75207226458,40.594580032989],[-73.752072086744,40.594571612682],[-73.752070294133,40.594486476638]],[[-73.752221454182,40.594217737042],[-73.752220838821,40.594146390598],[-73.752151620105,40.594146737518],[-73.752128568069,40.594146853493],[-73.752129183331,40.594218199938],[-73.75219968391,40.59421784589],[-73.752221454182,40.594217737042]]]]},"properties":{"name":null,"construction_year":"1971","ground_elevation":"7","height_roof":"240","bin":"4587848","geom_source":"Other (Manual)"}},{"type":"Feature","geometry":{"type":"MultiPolygon","coordinates":[[[[-73.82774125157,40.755503112936],[-73.827554611001,40.755576439346],[-73.827457039127,40.755431196321],[-73.827491336202,40.755417873354],[-73.827393636115,40.755272439172],[-73.827359339095,40.75528576211],[-73.827260704034,40.755138934227],[-73.827412144756,40.755080179796],[-73.82743034574,40.755108115584],[-73.827558509802,40.755059828704],[-73.827642631494,40.755188944155],[-73.827578924473,40.75520474367],[-73.827634146525,40.755340952384],[-73.827701192404,40.755327257815],[-73.827728800506,40.755396549909],[-73.827708037944,40.755400183922],[-73.827731053172,40.755459162841],[-73.827723921595,40.75546065152],[-73.82774125157,40.755503112936]]]]},"properties":{"name":"BUILDING 1","construction_year":"2021","ground_elevation":"53","height_roof":"240","bin":"4623184","geom_source":"Other (Manual)"}},{"type":"Feature","geometry":{"type":"MultiPolygon","coordinates":[[[[-73.939885481987,40.747422938623],[-73.940115616554,40.747796215854],[-73.93978792719,40.747913066762],[-73.939557795238,40.747539788883],[-73.939885481987,40.747422938623]]]]},"properties":{"name":null,"construction_year":"2024","ground_elevation":"15","height_roof":"235","bin":"4625490","geom_source":"Other (Manual)"}},{"type":"Feature","geometry":{"type":"MultiPolygon","coordinates":[[[[-73.849705848792,40.722453446103],[-73.849712264206,40.722442331366],[-73.849714669244,40.722438164239],[-73.849557101305,40.722382099771],[-73.849547811306,40.722397214415],[-73.849334917134,40.722319484882],[-73.849344589016,40.722304051073],[-73.849271740476,40.72227762659],[-73.849270217781,40.722270026986],[-73.849275349518,40.722261836353],[-73.849059141195,40.722183407675],[-73.849053774235,40.722191972603],[-73.849043311221,40.722196098534],[-73.849021461929,40.722188172405],[-73.84895963723,40.722286825141],[-73.84895676367,40.722291412177],[-73.848819827986,40.722241739474],[-73.848750809111,40.722216702874],[-73.848788827111,40.722156036757],[-73.848770829715,40.722149508729],[-73.848918773102,40.721913433182],[-73.848939990765,40.721921129773],[-73.848968850886,40.721875075879],[-73.848978721164,40.721859327181],[-73.84902960522,40.72187778595],[-73.849086615361,40.721898466181],[-73.8491435191,40.721919107523],[-73.849160575091,40.721925294767],[-73.849168114403,40.721928029591],[-73.849170225411,40.721928795089],[-73.849171329992,40.721929196363],[-73.849172335235,40.721929560586],[-73.849173411435,40.721929951016],[-73.849174542036,40.721930361329],[-73.849183235603,40.7219335146],[-73.849177753456,40.721942262187],[-73.849176122469,40.721944866129],[-73.849174672048,40.721947179443],[-73.849158685306,40.721972690688],[-73.849117088603,40.722039066881],[-73.849137156805,40.722046345893],[-73.849139854478,40.722054612516],[-73.849133866266,40.722064168997],[-73.84914478321,40.72206812934],[-73.849278873343,40.72211677045],[-73.849299518715,40.722124259108],[-73.849317543355,40.722130797895],[-73.849323532733,40.722121240506],[-73.849332711118,40.722117283065],[-73.849362727749,40.722128171696],[-73.849375020093,40.722108556639],[-73.84953006219,40.72216479726],[-73.8495239196,40.722174599399],[-73.849661992192,40.722224684282],[-73.84966180688,40.722224980308],[-73.849875842446,40.722219024443],[-73.84987971488,40.722299575693],[-73.849880485933,40.72231563461],[-73.84988256522,40.722358868149],[-73.849882596852,40.722359538171],[-73.849854831037,40.722360310625],[-73.849856170837,40.722388179583],[-73.84985778081,40.722421691496],[-73.849836428207,40.722422285902],[-73.849805005944,40.722423159836],[-73.849805662818,40.722436830449],[-73.849771992226,40.722452687744],[-73.849755279115,40.722447104381],[-73.849744218805,40.722466266327],[-73.849705848792,40.722453446103]]]]},"properties":{"name":null,"construction_year":"1965","ground_elevation":"51","height_roof":"234.58","bin":"4433878","geom_source":"Photogrammetric"}},{"type":"Feature","geometry":{"type":"MultiPolygon","coordinates":[[[[-73.934679555112,40.776732064062],[-73.935036831235,40.776044117029],[-73.935523831876,40.776191303995],[-73.935504741992,40.776299474328],[-73.935531374345,40.776307232655],[-73.935512479274,40.776400142274],[-73.93554302851,40.776409690289],[-73.935531219805,40.776466865616],[-73.935572956836,40.776479441968],[-73.935422749668,40.776764608379],[-73.935316231558,40.776798106776],[-73.935349070468,40.776871390114],[-73.935165726059,40.776863423916],[-73.935156040446,40.776885795061],[-73.934679555112,40.776732064062]]]]},"properties":{"name":null,"construction_year":"2019","ground_elevation":"10","height_roof":"233","bin":"4617681","geom_source":"Other (Manual)"}},{"type":"Feature","geometry":{"type":"MultiPolygon","coordinates":[[[[-73.808152177021,40.736383799483],[-73.80816715903,40.736199102814],[-73.808227108843,40.736201915897],[-73.808262276655,40.736203566557],[-73.808463045713,40.736212989499],[-73.808448983799,40.736386359319],[-73.808448064521,40.736397686206],[-73.808309679777,40.736391191096],[-73.808152177021,40.736383799483]]]]},"properties":{"name":null,"construction_year":"1966","ground_elevation":"99","height_roof":"230.48","bin":"4440185","geom_source":"Photogrammetric"}},{"type":"Feature","geometry":{"type":"MultiPolygon","coordinates":[[[[-73.823396559862,40.753872428197],[-73.823252663246,40.753764960658],[-73.823260182807,40.753759138708],[-73.823295677921,40.753731653842],[-73.823284437513,40.753723259178],[-73.823422436603,40.753616404959],[-73.823422832932,40.753616097593],[-73.823413810826,40.753609359673],[-73.823547579228,40.753505782068],[-73.823558533629,40.753513962849],[-73.82362032478,40.75346611716],[-73.823664399899,40.753431988766],[-73.823691446079,40.753411046539],[-73.823694994013,40.753408299117],[-73.823707450526,40.753417601514],[-73.823733744384,40.753397241654],[-73.823751078219,40.753383819998],[-73.823815190304,40.753431702605],[-73.823895325817,40.753491550404],[-73.823884222816,40.753500146784],[-73.823867234276,40.753513301538],[-73.823851270954,40.753525661808],[-73.823861827116,40.753533545684],[-73.823803853373,40.753578435571],[-73.823724752078,40.753639685939],[-73.823618968617,40.753721595366],[-73.823524057796,40.753795085399],[-73.823454110693,40.7538492464],[-73.823440056296,40.753838749256],[-73.823403904991,40.753866741046],[-73.823396559862,40.753872428197]]]]},"properties":{"name":null,"construction_year":"1965","ground_elevation":"61","height_roof":"229.25","bin":"4115906","geom_source":"Photogrammetric"}},{"type":"Feature","geometry":{"type":"MultiPolygon","coordinates":[[[[-73.943278828577,40.748279633474],[-73.94333627197,40.748213762677],[-73.943667564431,40.748278975966],[-73.943649458611,40.74830853164],[-73.943630689894,40.748337848353],[-73.943611264207,40.748366918002],[-73.943591186295,40.748395730684],[-73.943576171258,40.748416416971],[-73.943570464451,40.748424279199],[-73.943549102234,40.748452555443],[-73.943527107941,40.748480548614],[-73.943504487497,40.748508252411],[-73.943481248014,40.748535658733],[-73.943457395419,40.748562756775],[-73.943432938006,40.748589541139],[-73.943407882888,40.748616001923],[-73.943382237173,40.748642132825],[-73.943356009159,40.748667924845],[-73.943329205955,40.748693370781],[-73.943301835855,40.748718462533],[-73.943273907156,40.7487431929],[-73.943246570724,40.748766245007],[-73.942974252012,40.748628892232],[-73.943140922963,40.748437770075],[-73.943278828577,40.748279633474]]]]},"properties":{"name":null,"construction_year":"2005","ground_elevation":"14","height_roof":"229","bin":"4005157","geom_source":"Other (Manual)"}},{"type":"Feature","geometry":{"type":"MultiPolygon","coordinates":[[[[-73.825943814384,40.711971245698],[-73.825864929104,40.711938206359],[-73.825933273484,40.711911453731],[-73.825958918603,40.711901415768],[-73.826020547179,40.711877292337],[-73.826152122733,40.711825788178],[-73.82619258998,40.71180994803],[-73.826223047021,40.711798026197],[-73.826233951612,40.711793757118],[-73.826316908284,40.711828465594],[-73.8265016357,40.711905752386],[-73.826567689167,40.711933388693],[-73.8266200369,40.711955289668],[-73.82666948347,40.711886857629],[-73.826766746133,40.711849034818],[-73.826946383956,40.711779177577],[-73.82696401235,40.711772322358],[-73.827039057092,40.711884059978],[-73.827064830863,40.711922437123],[-73.82707896678,40.711943485327],[-73.826977586391,40.711982909628],[-73.826898602476,40.712013625343],[-73.826864374985,40.712026935677],[-73.826871988011,40.712030124135],[-73.826838152855,40.712076901703],[-73.826929173542,40.7121150213],[-73.826916310771,40.712132804195],[-73.826810842745,40.712177110185],[-73.82672598651,40.712212758059],[-73.82662184967,40.712255216227],[-73.82634813297,40.712140580848],[-73.826308719082,40.712124073524],[-73.825958719978,40.711977488074],[-73.825943814384,40.711971245698]]]]},"properties":{"name":null,"construction_year":"1960","ground_elevation":"94","height_roof":"229","bin":"4080169","geom_source":"Other (Manual)"}},{"type":"Feature","geometry":{"type":"MultiPolygon","coordinates":[[[[-73.824351252097,40.753167871101],[-73.824232920776,40.753044080633],[-73.824279302156,40.753018440104],[-73.824287177654,40.753014086457],[-73.824274677806,40.753001009129],[-73.82442851365,40.752915968338],[-73.824418651929,40.7529056515],[-73.824573401686,40.752820104923],[-73.824582977642,40.752830122345],[-73.82469483842,40.752768286385],[-73.824740571938,40.752743003986],[-73.824749470066,40.752752312564],[-73.824803182153,40.752722619885],[-73.824877020804,40.752799863341],[-73.824925229111,40.752850295707],[-73.824906926219,40.752860413906],[-73.824867269143,40.752882337711],[-73.824875866175,40.752891331543],[-73.824789669076,40.752938981398],[-73.824536210746,40.75307909549],[-73.824490087951,40.753104591535],[-73.824415292644,40.753145938718],[-73.824406869239,40.753137125218],[-73.824351252097,40.753167871101]]]]},"properties":{"name":null,"construction_year":"1965","ground_elevation":"41","height_roof":"227.36","bin":"4115898","geom_source":"Photogrammetric"}},{"type":"Feature","geometry":{"type":"MultiPolygon","coordinates":[[[[-73.837178205766,40.755140182945],[-73.837615206494,40.754956762268],[-73.837725606994,40.755101967013],[-73.837283377558,40.755282887216],[-73.837178205766,40.755140182945]]]]},"properties":{"name":null,"construction_year":"2021","ground_elevation":"9","height_roof":"227","bin":"4624163","geom_source":"Other (Manual)"}},{"type":"Feature","geometry":{"type":"MultiPolygon","coordinates":[[[[-73.864134938448,40.734996206226],[-73.864114188453,40.734955978513],[-73.863961762799,40.734660463968],[-73.86411775446,40.734613908107],[-73.864107282242,40.734593606377],[-73.864128939435,40.734587142862],[-73.864475644677,40.734483666859],[-73.864752049318,40.735019537214],[-73.864724259588,40.735027830681],[-73.864380727711,40.735130359326],[-73.86428797293,40.734950532748],[-73.864134938448,40.734996206226]]]]},"properties":{"name":null,"construction_year":"1970","ground_elevation":"17","height_roof":"226.93","bin":"4047310","geom_source":"Photogrammetric"}},{"type":"Feature","geometry":{"type":"MultiPolygon","coordinates":[[[[-73.849969696556,40.728873569391],[-73.849931529017,40.728798617023],[-73.849926921249,40.728799975291],[-73.849901300157,40.728807526893],[-73.849873860831,40.728815611923],[-73.849846285277,40.728823738192],[-73.849819055594,40.728831763148],[-73.84979228076,40.728839653614],[-73.849765715579,40.728847482212],[-73.849739195402,40.728855298256],[-73.849712746292,40.728863092774],[-73.849686371801,40.728870864871],[-73.849659981903,40.728878642344],[-73.849647959034,40.728882185463],[-73.849507077,40.728605521393],[-73.849562706549,40.728589127355],[-73.849570752956,40.728586756018],[-73.849620581909,40.728572071647],[-73.849678167033,40.728555101079],[-73.849720390183,40.728542658011],[-73.849731417995,40.728539408954],[-73.849740613367,40.728536698711],[-73.849748945228,40.728534243086],[-73.849756652849,40.72853197215],[-73.849764131861,40.728529767554],[-73.849771494789,40.728527597926],[-73.849779539997,40.728525226572],[-73.849784071939,40.728523891625],[-73.849782254682,40.728520321433],[-73.849781615927,40.72851906889],[-73.849781350765,40.728518547149],[-73.849781091493,40.728518038022],[-73.849780867578,40.728517597381],[-73.849780746189,40.728517360388],[-73.849780536416,40.728516947681],[-73.849779451013,40.728514814757],[-73.849775613791,40.728507279685],[-73.849767746072,40.728491830173],[-73.849759112331,40.728474874909],[-73.849752332383,40.728461561025],[-73.849745319096,40.728447787575],[-73.84974377643,40.728444758948],[-73.849742901987,40.728443037832],[-73.849742416437,40.72844208716],[-73.849738203277,40.728433814979],[-73.849740629154,40.728433100438],[-73.849740973848,40.728432998229],[-73.849741234439,40.728432922026],[-73.849741518722,40.728432837749],[-73.849741922639,40.728432719409],[-73.849742799177,40.728432461206],[-73.849743656763,40.728432208381],[-73.849744516718,40.728431954659],[-73.849979928491,40.728362579223],[-73.850085219465,40.728569347419],[-73.850210283248,40.728814944216],[-73.850011489468,40.728873529282],[-73.849975131894,40.728884243916],[-73.849969696556,40.728873569391]]]]},"properties":{"name":null,"construction_year":"1964","ground_elevation":"58","height_roof":"225.41","bin":"4051254","geom_source":"Photogrammetric"}},{"type":"Feature","geometry":{"type":"MultiPolygon","coordinates":[[[[-73.741129279067,40.594942026009],[-73.741180167203,40.594933226319],[-73.74120975408,40.594928120326],[-73.741214393079,40.594943718892],[-73.741323742133,40.594924823492],[-73.741340917487,40.594982577817],[-73.741352948882,40.595023034949],[-73.741353124971,40.595023627892],[-73.741333410201,40.595027034336],[-73.741335861504,40.595035274271],[-73.741382681075,40.595192711586],[-73.741439454121,40.595182900224],[-73.741434107187,40.595164919983],[-73.741629733732,40.595131114751],[-73.741666152355,40.595124821797],[-73.741662162811,40.595111406686],[-73.741734286006,40.595098943415],[-73.741742084672,40.595097595743],[-73.741758353127,40.595152299683],[-73.741770275183,40.595192388209],[-73.741747054111,40.595196401004],[-73.74175221804,40.595213764859],[-73.741985637367,40.595169931931],[-73.742020226826,40.595163436643],[-73.742031180624,40.595197330945],[-73.742051391996,40.595259872873],[-73.742070036947,40.595256651214],[-73.742064553394,40.595238211427],[-73.742139046867,40.59522533898],[-73.742143537872,40.595224562897],[-73.742144728582,40.59522856751],[-73.742171004779,40.595316920414],[-73.742152781845,40.595320069193],[-73.74219065505,40.595447420209],[-73.742248097291,40.595437493782],[-73.742244114595,40.595424105723],[-73.742473039287,40.595384544629],[-73.742467707216,40.5953666167],[-73.742546774517,40.59535295277],[-73.742551579468,40.595369107277],[-73.742558673757,40.595392962815],[-73.742574573264,40.59544642038],[-73.742556726236,40.595449505227],[-73.742588595261,40.595556659152],[-73.742604938007,40.595611607177],[-73.742621327421,40.595666714696],[-73.742592242719,40.595671740229],[-73.742625275822,40.595782811338],[-73.74255153249,40.595795555205],[-73.742546309989,40.595777996742],[-73.742524463615,40.595781772334],[-73.742526945396,40.595790119473],[-73.742439535045,40.595805224445],[-73.74240914262,40.595703032092],[-73.742428758234,40.595699642351],[-73.742414897386,40.595653037842],[-73.742373755821,40.595514701255],[-73.742313068505,40.595525188701],[-73.742324120941,40.595562353007],[-73.742136750878,40.595594732603],[-73.742094592649,40.595602017813],[-73.742099000986,40.595616840471],[-73.742022253863,40.595630103165],[-73.742002879432,40.595564956088],[-73.74200041055,40.595556653092],[-73.741994500128,40.595536785009],[-73.742014025868,40.595533411346],[-73.741982248749,40.595426560944],[-73.741969717765,40.595384424177],[-73.741914678856,40.595393935316],[-73.741927026717,40.595435454818],[-73.741695999648,40.595475377514],[-73.741698987447,40.595485426004],[-73.741616145178,40.59549974095],[-73.741589573432,40.595410391271],[-73.741608373314,40.595407142119],[-73.741569492463,40.595276405363],[-73.741563806128,40.595257283397],[-73.741508388978,40.59526685923],[-73.741520266594,40.595306797294],[-73.741293796951,40.595345931566],[-73.741294857009,40.595349494636],[-73.741298170102,40.595360638008],[-73.741213170458,40.595375326028],[-73.741185273366,40.595281518363],[-73.741198638847,40.595279208896],[-73.74120760197,40.595277660363],[-73.741155974654,40.595104057598],[-73.741141578389,40.595055647969],[-73.741162017838,40.595052116216],[-73.741129279067,40.594942026009]]]]},"properties":{"name":null,"construction_year":"1974","ground_elevation":"9","height_roof":"225.22886409","bin":"4298968","geom_source":"Photogrammetric"}},{"type":"Feature","geometry":{"type":"MultiPolygon","coordinates":[[[[-73.837283377558,40.755282887216],[-73.83706632599,40.755371706301],[-73.837131048175,40.75545856978],[-73.837394702704,40.755513002381],[-73.837348805314,40.755665273648],[-73.837066136138,40.755609574954],[-73.83707127562,40.755599881962],[-73.836746855283,40.755531189442],[-73.836675557555,40.75542697446],[-73.837178205766,40.755140182945],[-73.837283377558,40.755282887216]]]]},"properties":{"name":null,"construction_year":"2021","ground_elevation":"8","height_roof":"225","bin":"4614966","geom_source":"Other (Manual)"}},{"type":"Feature","geometry":{"type":"MultiPolygon","coordinates":[[[[-73.93283787729,40.775252737944],[-73.932745364349,40.775423228459],[-73.932730748134,40.775418497689],[-73.93271242314,40.775451214873],[-73.932276697792,40.77531017227],[-73.932317481645,40.775235966864],[-73.931967465319,40.775120701669],[-73.931897396607,40.775245881536],[-73.931684241681,40.775176882188],[-73.931825337006,40.77492498067],[-73.932276117858,40.775070899257],[-73.93283787729,40.775252737944]]]]},"properties":{"name":null,"construction_year":"2023","ground_elevation":"26","height_roof":"225","bin":"4620901","geom_source":"Other (Manual)"}},{"type":"Feature","geometry":{"type":"MultiPolygon","coordinates":[[[[-73.837348805314,40.755665273648],[-73.837394702704,40.755513002381],[-73.83758296057,40.75555038416],[-73.837587014271,40.755541573912],[-73.837888306617,40.755597193079],[-73.837835481227,40.755762705747],[-73.837348805314,40.755665273648]]]]},"properties":{"name":null,"construction_year":"2023","ground_elevation":"9","height_roof":"225","bin":"4624162","geom_source":"Other (Manual)"}},{"type":"Feature","geometry":{"type":"MultiPolygon","coordinates":[[[[-73.850978173276,40.728166770877],[-73.850983671202,40.7281775589],[-73.851119191791,40.728443474756],[-73.851126106389,40.728457041777],[-73.851166284649,40.72853587935],[-73.850736207589,40.728662725934],[-73.850690125249,40.728572303598],[-73.850668991241,40.728578536539],[-73.850653288203,40.728583168209],[-73.85064262525,40.728586313369],[-73.850631919656,40.728589470178],[-73.850621465175,40.728592553471],[-73.850610988187,40.728595643938],[-73.85060045908,40.728598749644],[-73.850589977353,40.728601841004],[-73.850579475489,40.728604937739],[-73.850568972437,40.728608036272],[-73.850558458726,40.728611136592],[-73.850547099272,40.728614487055],[-73.850535364329,40.728617947793],[-73.850519331979,40.728622676272],[-73.850494829189,40.728629903474],[-73.850469888127,40.728637258874],[-73.85044027179,40.728645994082],[-73.850407732073,40.728655590874],[-73.850376958451,40.728664667656],[-73.850372934665,40.728665853802],[-73.850242674007,40.728410252955],[-73.850232696607,40.728390674593],[-73.850235615235,40.728389813899],[-73.850252959984,40.728384698146],[-73.850277484031,40.72837746472],[-73.850307508923,40.728368609417],[-73.850330606811,40.728361797365],[-73.85035096256,40.728355794005],[-73.850375567132,40.72834853725],[-73.850400264091,40.728341252693],[-73.850426215435,40.72833359875],[-73.850459072441,40.728323907811],[-73.850478934228,40.72831805057],[-73.850484574843,40.728316386547],[-73.850488282346,40.728315292739],[-73.85049159896,40.728314314589],[-73.850494569699,40.728313438647],[-73.850497697977,40.728312516084],[-73.850502350712,40.728311144344],[-73.850503444011,40.72831082158],[-73.850506124547,40.72831003081],[-73.850506325912,40.728309971638],[-73.850495337271,40.728288408162],[-73.850479441226,40.728257216362],[-73.850475727672,40.728249930014],[-73.850468875691,40.728236484603],[-73.850460423269,40.728219898836],[-73.850461132786,40.728219689939],[-73.850461921666,40.72821945683],[-73.85046265369,40.728219240758],[-73.850463362021,40.72821903276],[-73.850934056764,40.72808020536],[-73.850978173276,40.728166770877]]]]},"properties":{"name":null,"construction_year":"1964","ground_elevation":"92","height_roof":"223.78","bin":"4432046","geom_source":"Photogrammetric"}},{"type":"Feature","geometry":{"type":"MultiPolygon","coordinates":[[[[-73.805309280387,40.705454868511],[-73.805198552839,40.705483168032],[-73.805194021573,40.705469922809],[-73.804783157429,40.705582222319],[-73.804818590198,40.705670915481],[-73.80490693825,40.705651051332],[-73.804992868869,40.705815597447],[-73.804786064631,40.705872429539],[-73.804574464778,40.705415561299],[-73.804548621511,40.70542028294],[-73.804520786492,40.70537020042],[-73.804347832904,40.705414223566],[-73.804405714816,40.70553440546],[-73.804252894365,40.705572565206],[-73.804191798833,40.705453986087],[-73.804015080576,40.70550086056],[-73.804005812787,40.705485179441],[-73.803973774432,40.705493642846],[-73.803942033804,40.705427828761],[-73.803970240219,40.70541786939],[-73.803934876508,40.705346358785],[-73.804113216563,40.70529350238],[-73.804107000007,40.705278004762],[-73.804143624816,40.70526710693],[-73.804137599299,40.705253039656],[-73.804233939654,40.705230568227],[-73.804239379884,40.705243681757],[-73.804268361128,40.705236583662],[-73.804276729105,40.705252442433],[-73.804445348052,40.705204719022],[-73.804413462998,40.705134377937],[-73.804576406556,40.705087002195],[-73.804737488485,40.70542989498],[-73.804806106548,40.705412142462],[-73.804796780409,40.705389253594],[-73.805135632119,40.705308758968],[-73.805140610419,40.705319251178],[-73.805234844625,40.705294214285],[-73.805309280387,40.705454868511]]]]},"properties":{"name":null,"construction_year":"2021","ground_elevation":null,"height_roof":"223","bin":"4438669","geom_source":"Other (Manual)"}},{"type":"Feature","geometry":{"type":"MultiPolygon","coordinates":[[[[-73.87323911176,40.773562012413],[-73.873275916408,40.773532618123],[-73.873293488849,40.773543815403],[-73.873477667071,40.773402293764],[-73.873522213233,40.773427332554],[-73.873503065871,40.77339840986],[-73.873494496577,40.77335749686],[-73.873496387629,40.773336627054],[-73.873507974628,40.773308557557],[-73.873526099023,40.77328732916],[-73.873540742744,40.773273247842],[-73.873561688018,40.773259836208],[-73.873582184296,40.773250821238],[-73.873598782709,40.773245342771],[-73.873697421839,40.773212536611],[-73.873802804348,40.773270984923],[-73.873780013431,40.773293254638],[-73.873794342315,40.773317768544],[-73.873801002317,40.773338065994],[-73.873801893644,40.773354018498],[-73.873800353051,40.773373772968],[-73.873796143479,40.77339115889],[-73.873789616474,40.773405060926],[-73.873781022601,40.773417645961],[-73.873766028535,40.77343284265],[-73.873751133077,40.773444757108],[-73.873733136724,40.773454696062],[-73.873714023609,40.773463254218],[-73.873689908198,40.773469963555],[-73.873656391498,40.773474027705],[-73.87363423542,40.77347754239],[-73.873643746595,40.77348470012],[-73.873333840576,40.773722707057],[-73.873192961395,40.773713215683],[-73.873197038448,40.773661630298],[-73.873242241077,40.773626215485],[-73.873211594992,40.773601337765],[-73.87323911176,40.773562012413]]]]},"properties":{"name":null,"construction_year":"1933","ground_elevation":"8","height_roof":"223","bin":"4542143","geom_source":"Other (Manual)"}},{"type":"Feature","geometry":{"type":"MultiPolygon","coordinates":[[[[-73.807631377072,40.700945499687],[-73.80763336452,40.70094522475],[-73.807644858162,40.700993316115],[-73.80766137588,40.701084050724],[-73.807593694778,40.701093419121],[-73.8075701756,40.701096674785],[-73.807325048783,40.701130604924],[-73.807241209892,40.701142209957],[-73.807277933599,40.701295881182],[-73.807296470883,40.701373450102],[-73.807015297478,40.70141236841],[-73.806979953498,40.701257635008],[-73.806941827638,40.701090729177],[-73.807302484818,40.701040808385],[-73.807290968031,40.700992619692],[-73.807328494039,40.700987425312],[-73.807387068786,40.700979316961],[-73.807412421499,40.700975807755],[-73.807631377072,40.700945499687]]]]},"properties":{"name":null,"construction_year":"1968","ground_elevation":"45","height_roof":"222","bin":"4213968","geom_source":"Photogrammetric"}},{"type":"Feature","geometry":{"type":"MultiPolygon","coordinates":[[[[-73.943793519472,40.747614773835],[-73.943892226585,40.7476118746],[-73.943964915477,40.747615557036],[-73.944043317,40.747625451195],[-73.944199112769,40.747654787837],[-73.944024555271,40.748176778146],[-73.943157317003,40.748009735411],[-73.943166451763,40.747994866251],[-73.943167026834,40.747993930909],[-73.943210356596,40.747935689503],[-73.943282621411,40.747859285605],[-73.943357227126,40.747788255235],[-73.943471226165,40.747709267468],[-73.94357620985,40.747661993717],[-73.943685298861,40.747631139914],[-73.943793519472,40.747614773835]]]]},"properties":{"name":null,"construction_year":"2006","ground_elevation":"15","height_roof":"222","bin":"4539429","geom_source":"Other (Manual)"}},{"type":"Feature","geometry":{"type":"MultiPolygon","coordinates":[[[[-73.934383290971,40.768344839702],[-73.934385018798,40.768342698387],[-73.93467769246,40.768486975937],[-73.934914786048,40.768603854141],[-73.934943145842,40.768617546111],[-73.9349551113,40.768623322395],[-73.934842554081,40.768773666369],[-73.934730634414,40.768923161415],[-73.934589162343,40.768862825771],[-73.934618887508,40.768817737302],[-73.934505736533,40.768774618147],[-73.934530047864,40.76873774282],[-73.934212746053,40.768616827024],[-73.934236379058,40.768583296743],[-73.934198945242,40.768565032062],[-73.934350336542,40.768385683099],[-73.934383290971,40.768344839702]]]]},"properties":{"name":null,"construction_year":"2007","ground_elevation":"17","height_roof":"219.56617791","bin":"4540105","geom_source":"Photogrammetric"}},{"type":"Feature","geometry":{"type":"MultiPolygon","coordinates":[[[[-73.939123090128,40.751791996609],[-73.939169955191,40.75174220987],[-73.939161000467,40.751737335204],[-73.939265643286,40.751626167109],[-73.939295028396,40.751642163881],[-73.939342786926,40.751591427507],[-73.939318320648,40.751578107842],[-73.939469258633,40.751417757579],[-73.939490844133,40.751429507918],[-73.939542906087,40.75137420005],[-73.939523596824,40.751358169909],[-73.939577258811,40.751301160908],[-73.939577873966,40.751300507463],[-73.939655114472,40.751342555666],[-73.939697751718,40.751365766028],[-73.939749449049,40.751393908684],[-73.939690663209,40.751456360443],[-73.939647516982,40.751432872455],[-73.939613419934,40.751469450256],[-73.939651633127,40.751495499413],[-73.939648177542,40.751498431452],[-73.939647837369,40.751498792376],[-73.939652159687,40.751501145862],[-73.939396388018,40.751777457965],[-73.939392812481,40.751775544309],[-73.939288991005,40.751888480644],[-73.939219331711,40.751871554917],[-73.939123919609,40.751848372333],[-73.939114997925,40.751846204602],[-73.939140422363,40.75181919565],[-73.93911203376,40.751803742371],[-73.939112302821,40.751803456152],[-73.939123090128,40.751791996609]]]]},"properties":{"name":null,"construction_year":"2007","ground_elevation":"31","height_roof":"217.58580879","bin":"4540104","geom_source":"Photogrammetric"}},{"type":"Feature","geometry":{"type":"MultiPolygon","coordinates":[[[[-73.854759194996,40.727650700541],[-73.855608577822,40.727966941031],[-73.855571833534,40.728034390886],[-73.854993672655,40.728197340981],[-73.854710528295,40.727717871237],[-73.854759194996,40.727650700541]]]]},"properties":{"name":null,"construction_year":"2025","ground_elevation":"76","height_roof":"217","bin":"4625213","geom_source":"Photogrammetric"}},{"type":"Feature","geometry":{"type":"MultiPolygon","coordinates":[[[[-73.942138980963,40.748161456313],[-73.94245861314,40.748046244426],[-73.942714753064,40.748095142632],[-73.94249860882,40.748330059946],[-73.942410206569,40.748282516762],[-73.942370739773,40.748325411564],[-73.942323652587,40.748300851893],[-73.942253926207,40.74834837181],[-73.942138980963,40.748161456313]]]]},"properties":{"name":null,"construction_year":null,"ground_elevation":"14","height_roof":"214","bin":"4620265","geom_source":"Other (Manual)"}},{"type":"Feature","geometry":{"type":"MultiPolygon","coordinates":[[[[-74.199798356221,40.592244816084],[-74.199383008839,40.592008328308],[-74.19943966996,40.591950499091],[-74.199443237258,40.591946857478],[-74.199440415045,40.591945250436],[-74.199492445292,40.591892147083],[-74.199520217756,40.591907959819],[-74.199558083572,40.591869312851],[-74.199501203889,40.591836926962],[-74.199462120303,40.59187681695],[-74.199379278721,40.591829648912],[-74.199560487251,40.591644701406],[-74.199668420943,40.591706157579],[-74.199804896886,40.591566864803],[-74.199836684279,40.59158496412],[-74.199763241526,40.591659921891],[-74.199903517885,40.59173979139],[-74.199926706855,40.591716123058],[-74.199990442797,40.591752412289],[-74.199967252655,40.591776080636],[-74.200081760287,40.591841278371],[-74.200150324394,40.591880316515],[-74.200090598389,40.591941276244],[-74.20010476515,40.591949342796],[-74.200130920178,40.591964234263],[-74.199944549278,40.592154451616],[-74.19990754075,40.592133379772],[-74.199798356221,40.592244816084]]]]},"properties":{"name":null,"construction_year":null,"ground_elevation":"12","height_roof":"211.97","bin":"5156898","geom_source":"Photogrammetric"}},{"type":"Feature","geometry":{"type":"MultiPolygon","coordinates":[[[[-74.080406775701,40.646507702461],[-74.080400696096,40.646504445034],[-74.08039971063,40.646503917118],[-74.08039855244,40.64650329567],[-74.080398293356,40.646503157171],[-74.08039928989,40.646502077653],[-74.080401073971,40.646500146595],[-74.080402401109,40.64649870934],[-74.08040192198,40.646498452127],[-74.08040085252,40.646497880145],[-74.08039994395,40.646497392699],[-74.080399016452,40.646496895361],[-74.080398035719,40.646496370144],[-74.080397032507,40.646495832335],[-74.08039603876,40.646495299923],[-74.080384578724,40.646489159194],[-74.080397334129,40.646475348032],[-74.080409246082,40.646481730683],[-74.080411635807,40.64648301135],[-74.080414592206,40.646484595996],[-74.080418253691,40.646486557466],[-74.080419340899,40.646487140242],[-74.080420988014,40.646485356964],[-74.080430293327,40.646475282661],[-74.080445971018,40.646458306828],[-74.080465131844,40.646437560787],[-74.08051627494,40.64638218453],[-74.080528125865,40.64636935375],[-74.08057169807,40.646322174787],[-74.080598178106,40.646293503535],[-74.080596646081,40.646292682435],[-74.080569853987,40.646278326233],[-74.080619438327,40.646224638593],[-74.08066774269,40.646172336827],[-74.080688004436,40.646183192771],[-74.080696118838,40.646187541084],[-74.080861649013,40.646008309886],[-74.08089025762,40.645977333543],[-74.080966927349,40.646018415272],[-74.081035707539,40.646055269173],[-74.081044809778,40.646060146271],[-74.080978736104,40.646131689481],[-74.080881196267,40.646237303391],[-74.080850671243,40.646270354071],[-74.080865127907,40.646278100973],[-74.080846099492,40.646298703806],[-74.080766689148,40.646384686174],[-74.080766581703,40.646384803317],[-74.080766513087,40.646384766444],[-74.080752125027,40.646377056404],[-74.080716429501,40.6464157056],[-74.080657988497,40.64647898371],[-74.080616003143,40.646524443404],[-74.08058039011,40.646563004248],[-74.080557082573,40.646588240497],[-74.080424811039,40.64651736592],[-74.080406775701,40.646507702461]]]]},"properties":{"name":null,"construction_year":"1976","ground_elevation":"106","height_roof":"192.1","bin":"5116656","geom_source":"Photogrammetric"}},{"type":"Feature","geometry":{"type":"MultiPolygon","coordinates":[[[[-74.200221469338,40.591696233218],[-74.200085355604,40.591618734244],[-74.200176973318,40.591525225299],[-74.200385077201,40.59131282303],[-74.200505897089,40.591189506823],[-74.200751649673,40.591329430049],[-74.200612076518,40.591471886607],[-74.200331108887,40.591758658364],[-74.200221469338,40.591696233218]]]]},"properties":{"name":null,"construction_year":null,"ground_elevation":"10","height_roof":"183.66","bin":"5156913","geom_source":"Photogrammetric"}},{"type":"Feature","geometry":{"type":"MultiPolygon","coordinates":[[[[-74.200093295061,40.591477581052],[-74.200176973318,40.591525225299],[-74.200085355604,40.591618734244],[-74.200001677296,40.591571089931],[-74.200093295061,40.591477581052]]]]},"properties":{"name":null,"construction_year":null,"ground_elevation":"11","height_roof":"176.58","bin":"5154517","geom_source":"Photogrammetric"}},{"type":"Feature","geometry":{"type":"MultiPolygon","coordinates":[[[[-74.075543618847,40.641517207459],[-74.07550455254,40.64158304934],[-74.075458102575,40.641646047712],[-74.075404620681,40.641705721458],[-74.075344514192,40.641761618241],[-74.075278241307,40.641813310904],[-74.075206305193,40.641860407382],[-74.075129255168,40.641902548899],[-74.07504767606,40.641939414479],[-74.074962189397,40.641970723645],[-74.074873445132,40.641996238229],[-74.074795416074,40.642013235873],[-74.07491524101,40.641497837756],[-74.074926245971,40.641450504716],[-74.075575002986,40.64144902296],[-74.075543618847,40.641517207459]]]]},"properties":{"name":null,"construction_year":"2019","ground_elevation":"24","height_roof":"173","bin":"5166155","geom_source":"Other (Manual)"}},{"type":"Feature","geometry":{"type":"MultiPolygon","coordinates":[[[[-74.0796230648,40.645772446723],[-74.079620438548,40.645766115195],[-74.079604187803,40.645726934079],[-74.079587663193,40.645687095771],[-74.079573265682,40.645652386243],[-74.079672552376,40.645628492481],[-74.079864451295,40.645582312257],[-74.079895147911,40.645574924694],[-74.079889602509,40.645561555846],[-74.07989730739,40.645559701729],[-74.079960311532,40.645544539133],[-74.080053317257,40.645522156876],[-74.080056914611,40.645530827266],[-74.080058862688,40.645535525716],[-74.080337205851,40.645468541046],[-74.080372475163,40.645460052428],[-74.080381033357,40.645457993264],[-74.08043345892,40.645584382206],[-74.080437793833,40.645594831492],[-74.08024111208,40.645642164171],[-74.08011562257,40.645672364102],[-74.080125297775,40.645695689796],[-74.080046597717,40.645714630277],[-74.080026876305,40.645719376228],[-74.07996043146,40.645735366127],[-74.079952941515,40.645717308734],[-74.079950756306,40.645712040419],[-74.079737541224,40.645763350513],[-74.079630024667,40.645789224867],[-74.0796230648,40.645772446723]]]]},"properties":{"name":null,"construction_year":"1976","ground_elevation":"109","height_roof":"170.31","bin":"5108502","geom_source":"Photogrammetric"}},{"type":"Feature","geometry":{"type":"MultiPolygon","coordinates":[[[[-74.084739106906,40.647366015077],[-74.084737468907,40.647357215518],[-74.084737148264,40.647356092808],[-74.0847385393,40.6473491731],[-74.084739392648,40.647346175546],[-74.084740913374,40.647340833451],[-74.084695518349,40.647333336757],[-74.08470213446,40.647310095809],[-74.084706248194,40.647295645762],[-74.084669607478,40.647289594245],[-74.084673991935,40.647274193053],[-74.084678687125,40.647257697502],[-74.084665313891,40.647255488471],[-74.084667042958,40.647249415903],[-74.084672585612,40.647229943515],[-74.084676335643,40.647216770672],[-74.084679952668,40.647204064396],[-74.084683555566,40.647191407658],[-74.084687273812,40.647178345602],[-74.084691446391,40.647163687493],[-74.084691515838,40.647163445202],[-74.084692490242,40.647163606578],[-74.084731336307,40.647170022073],[-74.084734083496,40.647160373696],[-74.084738331392,40.647145449877],[-74.084745585419,40.647119967965],[-74.08475422127,40.647089632141],[-74.084720451838,40.647084054898],[-74.084720347776,40.647084037865],[-74.084710318529,40.647089646478],[-74.084702931484,40.647090447977],[-74.084695298271,40.64708918747],[-74.084687072851,40.64708801745],[-74.084680724945,40.647083163828],[-74.084680576873,40.647082937907],[-74.0846754536,40.647075125179],[-74.084673317452,40.647067853265],[-74.084691105912,40.6470053649],[-74.084680861692,40.647003673165],[-74.084693741917,40.646958423436],[-74.084766203507,40.646970391068],[-74.084770012356,40.64695701106],[-74.084803723784,40.646962579325],[-74.08480113787,40.646971665662],[-74.084813816908,40.646973759022],[-74.084839474165,40.646977996848],[-74.084845966603,40.646955189131],[-74.084953844863,40.646973005492],[-74.08495308922,40.646975658978],[-74.084949356915,40.646988772382],[-74.084951305718,40.646989094229],[-74.084986336877,40.646994880292],[-74.084987997643,40.646989049109],[-74.08500626058,40.646992065855],[-74.085027084871,40.646995504849],[-74.085030933994,40.646996140471],[-74.085029487453,40.647001223166],[-74.0850269816,40.647010024885],[-74.085024214452,40.647019745325],[-74.085021050653,40.647030860062],[-74.085017316232,40.647030243266],[-74.085005610397,40.647028310401],[-74.085003212232,40.647027914145],[-74.085001292528,40.647034657745],[-74.084984595443,40.647093314546],[-74.084966717779,40.647156115502],[-74.084976509121,40.647157732803],[-74.085029298416,40.647166451325],[-74.08501399843,40.647220194769],[-74.084987528669,40.647215822505],[-74.084983965845,40.647228337841],[-74.084963559913,40.647300022477],[-74.084962460576,40.64730388201],[-74.084952937648,40.647302309536],[-74.0849485509,40.647317719746],[-74.084943967587,40.647333819898],[-74.084943778087,40.647334485521],[-74.084935801907,40.64733316855],[-74.084910690837,40.647329021295],[-74.084909762169,40.64733228546],[-74.084905207096,40.647348287433],[-74.084901659551,40.647360749624],[-74.084854924685,40.647353031554],[-74.084852608297,40.647361166745],[-74.084850939275,40.647367030352],[-74.084847845246,40.647372614948],[-74.08484427113,40.647379067998],[-74.084841040221,40.647383002045],[-74.084833693058,40.647391948712],[-74.084830738956,40.647393215219],[-74.084816766058,40.647399207669],[-74.084806988364,40.647400911456],[-74.084803002583,40.647401605993],[-74.08478819208,40.647401588998],[-74.084777462958,40.647399817483],[-74.084773947113,40.647398168524],[-74.084769158369,40.647395921659],[-74.08475500434,40.647387767991],[-74.084754424596,40.647387434326],[-74.084744536096,40.647378226609],[-74.084743354422,40.647375914948],[-74.084739573546,40.647368522677],[-74.084739106906,40.647366015077]]]]},"properties":{"name":null,"construction_year":"1901","ground_elevation":"78","height_roof":"164.32","bin":"5000148","geom_source":"Photogrammetric"}},{"type":"Feature","geometry":{"type":"MultiPolygon","coordinates":[[[[-74.091512872107,40.626279918543],[-74.091406210412,40.626243556629],[-74.091413854906,40.62623053983],[-74.091374611365,40.626217161376],[-74.091383719199,40.626201652576],[-74.09143774116,40.626109660172],[-74.091508299756,40.626133713668],[-74.091562392239,40.626041600479],[-74.09162342103,40.625970046022],[-74.091608790265,40.62596318671],[-74.091603488372,40.625960700995],[-74.091605908347,40.625957704836],[-74.091587420914,40.625949037647],[-74.091594129823,40.625940729502],[-74.09166023008,40.625858880736],[-74.091689119836,40.625823107033],[-74.091693952203,40.62582537249],[-74.091709741959,40.625832775683],[-74.091710879682,40.625833308784],[-74.091714547977,40.625828767234],[-74.091729003689,40.625835544725],[-74.0917324346,40.625837153019],[-74.091794518997,40.625765129357],[-74.091812306258,40.625748544674],[-74.091858252802,40.625705702626],[-74.091876171053,40.625688995358],[-74.091872914491,40.625686968187],[-74.091863886491,40.625681347147],[-74.091854813543,40.625675698227],[-74.091845774899,40.62567006999],[-74.091836767015,40.625664462441],[-74.091827736655,40.625658839599],[-74.091818755981,40.625653249136],[-74.091814419421,40.625650548336],[-74.091896114989,40.625574373763],[-74.091907518666,40.625563741206],[-74.091911380877,40.625560139638],[-74.091911409266,40.625560156725],[-74.091918168428,40.625564365757],[-74.091925611313,40.625568999288],[-74.091933703618,40.625574037534],[-74.091942368456,40.625579432828],[-74.091942577831,40.625579563236],[-74.091948920024,40.625573649848],[-74.091954663762,40.62556829436],[-74.091955693055,40.625567334483],[-74.091962667509,40.625571676617],[-74.092080245645,40.625644882179],[-74.092077633461,40.625647317478],[-74.092071694964,40.625652855033],[-74.092054494443,40.62566889267],[-74.092071177106,40.625679279423],[-74.091984455533,40.625760140848],[-74.091966865566,40.625749189281],[-74.091914549697,40.625797969995],[-74.091931852219,40.625808742596],[-74.091904912249,40.625833860744],[-74.091882180188,40.625859235772],[-74.091865532982,40.625850577963],[-74.091865424169,40.625850521317],[-74.091706261035,40.626047652571],[-74.091698456005,40.626057319582],[-74.091701676164,40.626058648883],[-74.091716353133,40.626064705783],[-74.091682896537,40.626111766657],[-74.091676874533,40.626120237253],[-74.091658977394,40.626112850145],[-74.0916262939,40.626173829732],[-74.091639856744,40.626178453901],[-74.091584063914,40.626273461853],[-74.091579770387,40.626271997425],[-74.091566636764,40.626267520592],[-74.091551602524,40.626293121757],[-74.091512872107,40.626279918543]]]]},"properties":{"name":null,"construction_year":"1962","ground_elevation":"302","height_roof":"156.75","bin":"5015146","geom_source":"Photogrammetric"}},{"type":"Feature","geometry":{"type":"MultiPolygon","coordinates":[[[[-74.200093295061,40.591477581052],[-74.200318641588,40.591247580523],[-74.200422219019,40.591141862814],[-74.200505897089,40.591189506823],[-74.200385077201,40.59131282303],[-74.200176973318,40.591525225299],[-74.200093295061,40.591477581052]]]]},"properties":{"name":null,"construction_year":null,"ground_elevation":"10","height_roof":"153.89","bin":"5154516","geom_source":"Photogrammetric"}},{"type":"Feature","geometry":{"type":"MultiPolygon","coordinates":[[[[-74.200396534877,40.591795909787],[-74.200368035691,40.591779683387],[-74.200331108887,40.591758658364],[-74.200612076518,40.591471886607],[-74.200751649673,40.591329430049],[-74.200804397958,40.591275590913],[-74.200807675442,40.591272246937],[-74.200864859392,40.591304805451],[-74.200899104705,40.591324303197],[-74.200844881999,40.591379646129],[-74.200828586435,40.591396278501],[-74.200724282618,40.591502737175],[-74.200422537263,40.591810715003],[-74.200396534877,40.591795909787]]]]},"properties":{"name":null,"construction_year":null,"ground_elevation":"10","height_roof":"152.77","bin":"5154550","geom_source":"Photogrammetric"}},{"type":"Feature","geometry":{"type":"MultiPolygon","coordinates":[[[[-74.06427352718,40.615309777271],[-74.064263464191,40.615298028393],[-74.064248149393,40.615305645458],[-74.064207909311,40.615258665233],[-74.064281678004,40.615221973686],[-74.064291117519,40.61523299439],[-74.064320146611,40.6152185554],[-74.064477186022,40.61514044535],[-74.06446622509,40.615127647886],[-74.064529713997,40.6150960688],[-74.064546956341,40.615087492459],[-74.064587673329,40.615135030622],[-74.064570472318,40.615143586233],[-74.064605358099,40.615184316121],[-74.064622559116,40.615175760505],[-74.064660077238,40.615219563276],[-74.064661518195,40.615221244639],[-74.064662224478,40.61522207002],[-74.06466088624,40.615222735357],[-74.064588114643,40.615258932202],[-74.064587090121,40.615257736885],[-74.064580683896,40.615250257153],[-74.064417660644,40.615331343317],[-74.064390267418,40.615344969145],[-74.064399200625,40.615355400282],[-74.064326056679,40.615391781775],[-74.064323160496,40.615393222429],[-74.064284034736,40.61534754196],[-74.064284935955,40.615347093897],[-74.06429934954,40.61533992489],[-74.06427352718,40.615309777271]]]]},"properties":{"name":null,"construction_year":"1989","ground_elevation":"30","height_roof":"149","bin":"5157402","geom_source":"Other (Manual)"}},{"type":"Feature","geometry":{"type":"MultiPolygon","coordinates":[[[[-74.076568873391,40.630109141465],[-74.076582235605,40.630176047506],[-74.076452069157,40.630589987007],[-74.075954562684,40.63050178123],[-74.075959265822,40.630484144141],[-74.076006512268,40.6304925706],[-74.076018513644,40.630454775046],[-74.07603835734,40.630458361303],[-74.076044947778,40.630438383411],[-74.075632016396,40.63036808384],[-74.075763592768,40.629965510695],[-74.075973696172,40.630002985871],[-74.075894882737,40.630241659517],[-74.076249748495,40.630304492635],[-74.076258975869,40.630275216914],[-74.076234408201,40.630270915213],[-74.076230408841,40.630284773265],[-74.07620395175,40.630279932499],[-74.076243163431,40.630149091564],[-74.076277512883,40.630155259855],[-74.07625998547,40.6302143546],[-74.076279930394,40.630217622864],[-74.076324156797,40.630064882429],[-74.076568873391,40.630109141465]]]]},"properties":{"name":null,"construction_year":"2023","ground_elevation":"10","height_roof":"144","bin":"5172149","geom_source":"Other (Manual)"}},{"type":"Feature","geometry":{"type":"MultiPolygon","coordinates":[[[[-74.073850245899,40.640122514442],[-74.073860326473,40.640121746128],[-74.073852036399,40.640553598936],[-74.073851468598,40.640583178648],[-74.073830480098,40.640580713897],[-74.073458782189,40.640537054351],[-74.073376644349,40.640527406403],[-74.073384239799,40.640269481214],[-74.073387528648,40.640157774236],[-74.073405915548,40.640156372999],[-74.073850245899,40.640122514442]]]]},"properties":{"name":null,"construction_year":"1900","ground_elevation":"9","height_roof":"140.5799923","bin":"5089354","geom_source":"Photogrammetric"}},{"type":"Feature","geometry":{"type":"MultiPolygon","coordinates":[[[[-74.200505897089,40.591189506823],[-74.200422219019,40.591141862814],[-74.200428098014,40.591135862264],[-74.200143631346,40.590973894279],[-74.200190502024,40.590926055957],[-74.200804397958,40.591275590913],[-74.200751649673,40.591329430049],[-74.200505897089,40.591189506823]]]]},"properties":{"name":null,"construction_year":null,"ground_elevation":"9","height_roof":"140.57","bin":"5154514","geom_source":"Photogrammetric"}},{"type":"Feature","geometry":{"type":"MultiPolygon","coordinates":[[[[-74.080590916851,40.647155764374],[-74.080237998976,40.647036742895],[-74.08041418026,40.64683511894],[-74.080596397709,40.646896245543],[-74.080644441199,40.646913312707],[-74.080722072813,40.646924888437],[-74.080802430019,40.646945595257],[-74.08066901404,40.64716789093],[-74.080597412701,40.647143374092],[-74.080590916851,40.647155764374]]]]},"properties":{"name":null,"construction_year":"2012","ground_elevation":"38","height_roof":"132","bin":"5000107","geom_source":"Other (Manual)"}},{"type":"Feature","geometry":{"type":"MultiPolygon","coordinates":[[[[-74.108407453653,40.601370755426],[-74.108436387432,40.601369767271],[-74.108472100466,40.601394947312],[-74.108468630182,40.601418030992],[-74.108467055757,40.60142850466],[-74.10844508145,40.601446611502],[-74.10844079372,40.601450143797],[-74.108438141321,40.601452329168],[-74.108428385057,40.601452531085],[-74.108427842772,40.601452537],[-74.108427275694,40.601452554645],[-74.108396550198,40.601453191482],[-74.108393944434,40.601451354172],[-74.10835996542,40.601427397183],[-74.108356700551,40.601396535735],[-74.108364919682,40.601389763256],[-74.108387147672,40.60137144907],[-74.108407453653,40.601370755426]]]]},"properties":{"name":null,"construction_year":null,"ground_elevation":"374","height_roof":"129","bin":"5154780","geom_source":"Other (Manual)"}},{"type":"Feature","geometry":{"type":"MultiPolygon","coordinates":[[[[-74.073412614933,40.639045458694],[-74.074093975317,40.638990530354],[-74.074085251182,40.639320617653],[-74.073550794772,40.639362806976],[-74.073402004356,40.639374552067],[-74.073408415073,40.639175725066],[-74.073412614933,40.639045458694]]]]},"properties":{"name":null,"construction_year":"1985","ground_elevation":"9","height_roof":"128","bin":"5089353","geom_source":"Other (Manual)"}},{"type":"Feature","geometry":{"type":"MultiPolygon","coordinates":[[[[-74.090726110772,40.614878088644],[-74.090619300418,40.614793345566],[-74.090613455306,40.614788707985],[-74.090637656253,40.614770994556],[-74.09065942529,40.61475506157],[-74.090611293352,40.61471687328],[-74.09059661967,40.614705231197],[-74.090595507608,40.614706045244],[-74.090570709323,40.614724195888],[-74.090550650871,40.614738877586],[-74.090444711631,40.614654824359],[-74.090457658547,40.614645347888],[-74.090475058431,40.614632612525],[-74.090453735283,40.614615694998],[-74.090446748627,40.614610151481],[-74.090454272166,40.614604645175],[-74.090497747638,40.614572823442],[-74.090532952269,40.61454705611],[-74.090567499317,40.614521769264],[-74.090567879448,40.614521491604],[-74.090589818927,40.614538898508],[-74.090596189256,40.614543952618],[-74.090619332365,40.614527013574],[-74.090620839478,40.614528210079],[-74.090674650763,40.614570903697],[-74.090731866735,40.61461629977],[-74.090750621808,40.614602572721],[-74.090772488745,40.614586566694],[-74.09079828211,40.614567688499],[-74.090823721301,40.614549068127],[-74.090831100776,40.61454366637],[-74.090767443481,40.61449315957],[-74.090749438556,40.614478874403],[-74.09075953206,40.614471485759],[-74.090773614563,40.614461178975],[-74.090787230754,40.614451212955],[-74.090800040641,40.614441837411],[-74.090813721751,40.614431822708],[-74.090839476087,40.614412972451],[-74.090871783496,40.614389325331],[-74.090889586135,40.614403450346],[-74.091020597652,40.614507395649],[-74.091033907387,40.614517956332],[-74.091084088351,40.614557770064],[-74.091070631554,40.614567619826],[-74.091058574856,40.614576444584],[-74.091046708221,40.61458513141],[-74.091031050913,40.614596591242],[-74.09101442911,40.614608756943],[-74.090997154471,40.614621401336],[-74.090978519858,40.614635040979],[-74.090961744568,40.61464731936],[-74.090911862904,40.614607743075],[-74.090894263679,40.614593779998],[-74.090879295772,40.614604735872],[-74.090858621186,40.614619867471],[-74.090839913352,40.61463356028],[-74.09082138023,40.614647125974],[-74.09080004098,40.61466274437],[-74.090795029631,40.614666412551],[-74.090851482742,40.614711203115],[-74.090899156998,40.614749027855],[-74.090900731551,40.614750277434],[-74.090882428611,40.614763673658],[-74.090866458394,40.614775363347],[-74.090874361916,40.614781634635],[-74.090893656404,40.614796942655],[-74.090865328378,40.614817677049],[-74.090824317873,40.614847694128],[-74.09078365559,40.614877456971],[-74.090756457582,40.614855877637],[-74.090740862729,40.614867291453],[-74.090726110772,40.614878088644]]]]},"properties":{"name":null,"construction_year":"1968","ground_elevation":"251","height_roof":"124.7","bin":"5015989","geom_source":"Photogrammetric"}},{"type":"Feature","geometry":{"type":"MultiPolygon","coordinates":[[[[-74.077671152137,40.641133369973],[-74.07731852557,40.641181721441],[-74.077306769073,40.641143145711],[-74.077142833897,40.641172134547],[-74.076996787259,40.640861012182],[-74.076968216123,40.640868794683],[-74.076941197747,40.640858625194],[-74.076921424164,40.640805781561],[-74.076873026155,40.640676441768],[-74.076833807706,40.640571632261],[-74.076827517408,40.640541853599],[-74.076844646146,40.640477510877],[-74.076860598831,40.640462629045],[-74.076883724543,40.640460806243],[-74.077005698356,40.640451194433],[-74.077491985182,40.640375814894],[-74.077671152137,40.641133369973]]]]},"properties":{"name":null,"construction_year":"2011","ground_elevation":"84","height_roof":"122","bin":"5151735","geom_source":"Other (Manual)"}},{"type":"Feature","geometry":{"type":"MultiPolygon","coordinates":[[[[-74.074776109245,40.616839208089],[-74.074920183878,40.616672879852],[-74.074936025498,40.616674278841],[-74.075019324014,40.616681634898],[-74.075026226352,40.616636240519],[-74.075030217269,40.616610119195],[-74.075077565787,40.616581545357],[-74.075149992618,40.616537836254],[-74.075093992064,40.616483951439],[-74.07508929785,40.616479434789],[-74.075095122222,40.616475919852],[-74.075140633083,40.616448454829],[-74.075119399101,40.616428022371],[-74.075147018779,40.61641135368],[-74.075194430875,40.616382741029],[-74.075216673734,40.616369317714],[-74.07519222668,40.616345794082],[-74.075217173859,40.616330739054],[-74.075268377835,40.616299837468],[-74.075302819038,40.616332977508],[-74.075311733085,40.616341555437],[-74.075329992987,40.61635912525],[-74.075384188337,40.616411273129],[-74.075393857798,40.616405437713],[-74.075406735845,40.616397664971],[-74.075418960008,40.616409426765],[-74.075497331225,40.616362129468],[-74.075684323805,40.616542056728],[-74.07570894501,40.616565747638],[-74.075662324229,40.616593883603],[-74.075611923243,40.616624300356],[-74.075608024985,40.61662665238],[-74.075641013765,40.616658394764],[-74.075786563451,40.616798443417],[-74.075741718666,40.616825507524],[-74.075681220542,40.616862017582],[-74.075636342604,40.61688910148],[-74.075546079996,40.616943573934],[-74.07542264225,40.617018067765],[-74.075295290579,40.617094922491],[-74.075175024296,40.617167502171],[-74.075059382347,40.61723728979],[-74.075029009512,40.617255619916],[-74.075023362385,40.617257080646],[-74.075017520839,40.617257996686],[-74.075011573489,40.617258354472],[-74.075005612506,40.61725814764],[-74.074999730069,40.617257379731],[-74.074994014825,40.617256063296],[-74.074992700219,40.617255618396],[-74.074988556608,40.617254217186],[-74.074983439355,40.617251871065],[-74.074978742285,40.6172490609],[-74.07497453635,40.617245828971],[-74.074889700961,40.617098477053],[-74.074866262601,40.617057768049],[-74.074774034493,40.616897575823],[-74.074754676496,40.616863951243],[-74.074776109245,40.616839208089]]]]},"properties":{"name":null,"construction_year":"1924","ground_elevation":"39","height_roof":"121.01","bin":"5043303","geom_source":"Photogrammetric"}},{"type":"Feature","geometry":{"type":"MultiPolygon","coordinates":[[[[-74.200190502024,40.590926055957],[-74.200143631346,40.590973894279],[-74.200121381327,40.590996604664],[-74.200109164857,40.590989648667],[-74.199913042602,40.590877980873],[-74.199890314389,40.590901177429],[-74.199812693263,40.590856982259],[-74.199835421485,40.590833784818],[-74.19991352217,40.590754070419],[-74.199925120017,40.590742232643],[-74.200211079686,40.590905052266],[-74.200190502024,40.590926055957]]]]},"properties":{"name":null,"construction_year":null,"ground_elevation":"10","height_roof":"120.37","bin":"5154512","geom_source":"Photogrammetric"}},{"type":"Feature","geometry":{"type":"MultiPolygon","coordinates":[[[[-74.17048710286,40.639210660061],[-74.17048704817,40.639147612901],[-74.170486966166,40.639052129033],[-74.170690917908,40.639052027283],[-74.170720108418,40.639052012766],[-74.171017028144,40.639051863327],[-74.171017036901,40.639061737521],[-74.171017164915,40.639210394355],[-74.17048710286,40.639210660061]]]]},"properties":{"name":null,"construction_year":"1974","ground_elevation":"30","height_roof":"118.82","bin":"5112687","geom_source":"Photogrammetric"}},{"type":"Feature","geometry":{"type":"MultiPolygon","coordinates":[[[[-74.170108384312,40.638893688404],[-74.170108999899,40.638954778805],[-74.170109969857,40.639051004289],[-74.170077496996,40.639051194606],[-74.16982203357,40.639052688815],[-74.169579133717,40.639054109899],[-74.169577549421,40.638896793107],[-74.169693729181,40.638896113821],[-74.170108384312,40.638893688404]]]]},"properties":{"name":null,"construction_year":"1974","ground_elevation":"30","height_roof":"116.86172445","bin":"5112688","geom_source":"Photogrammetric"}},{"type":"Feature","geometry":{"type":"MultiPolygon","coordinates":[[[[-74.170479273327,40.638465157743],[-74.170478991716,40.638403976794],[-74.171010912149,40.638402550283],[-74.171011646124,40.63856117679],[-74.170680298578,40.638562066224],[-74.170479723247,40.638562604206],[-74.170479273327,40.638465157743]]]]},"properties":{"name":null,"construction_year":"1974","ground_elevation":"29","height_roof":"116.06653011","bin":"5109139","geom_source":"Photogrammetric"}},{"type":"Feature","geometry":{"type":"MultiPolygon","coordinates":[[[[-74.170112324524,40.639641239741],[-74.1701125201,40.639704508216],[-74.169595504378,40.639705434],[-74.16958408486,40.639705454444],[-74.169583602269,40.63954905637],[-74.169925024962,40.639548445183],[-74.170112037453,40.639548110142],[-74.170112324524,40.639641239741]]]]},"properties":{"name":null,"construction_year":"1974","ground_elevation":"34","height_roof":"114.83335915","bin":"5109140","geom_source":"Photogrammetric"}},{"type":"Feature","geometry":{"type":"MultiPolygon","coordinates":[[[[-74.180812315445,40.604033227937],[-74.180824529536,40.604041786211],[-74.180909636351,40.603954448232],[-74.181276293254,40.604171643314],[-74.180909320838,40.604530428377],[-74.180935626669,40.604547541948],[-74.180507211376,40.604959936056],[-74.180477391745,40.604941561769],[-74.180465923249,40.604951423405],[-74.180103280297,40.604716109925],[-74.180812315445,40.604033227937]]]]},"properties":{"name":null,"construction_year":"2017","ground_elevation":"19","height_roof":"114","bin":"5170018","geom_source":"Other (Manual)"}},{"type":"Feature","geometry":{"type":"MultiPolygon","coordinates":[[[[-74.200349078423,40.591844346258],[-74.200396534877,40.591795909787],[-74.200422537263,40.591810715003],[-74.200724282618,40.591502737175],[-74.200828586435,40.591396278501],[-74.200844881999,40.591379646129],[-74.201086131071,40.591517004611],[-74.200711160886,40.591899722558],[-74.20079619148,40.591948136643],[-74.200811342856,40.591956762415],[-74.200716512689,40.592053550884],[-74.200617663085,40.591997269564],[-74.200532178163,40.59194859769],[-74.200349078423,40.591844346258]]]]},"properties":{"name":null,"construction_year":null,"ground_elevation":"10","height_roof":"112.44","bin":"5156915","geom_source":"Photogrammetric"}},{"type":"Feature","geometry":{"type":"MultiPolygon","coordinates":[[[[-74.085732389034,40.585300276046],[-74.085713938195,40.585224249553],[-74.08559700319,40.585238881996],[-74.085609475051,40.585290274622],[-74.085398486098,40.58532003547],[-74.085241990623,40.585342109163],[-74.085163242898,40.585017608749],[-74.085187971185,40.585014120698],[-74.085325592874,40.584994709537],[-74.085317035056,40.584959444161],[-74.085270630638,40.58493769403],[-74.085302390661,40.584898308543],[-74.085323301772,40.58490810963],[-74.085335216368,40.584913693937],[-74.08534879388,40.584920057761],[-74.085390224005,40.584916583373],[-74.085385393521,40.584896679075],[-74.085339506436,40.584707592282],[-74.085377803852,40.584702190402],[-74.08536855496,40.584664077185],[-74.085387466873,40.584661410187],[-74.085375081979,40.584610372276],[-74.085337231018,40.584615710787],[-74.085323108971,40.584557514993],[-74.085259884832,40.584296980837],[-74.085294537592,40.584292093187],[-74.085291282881,40.584278679593],[-74.085290305324,40.584275332169],[-74.085290097789,40.58427190763],[-74.085290666312,40.584268506828],[-74.085291994486,40.584265231536],[-74.085294043457,40.58426217994],[-74.085296749557,40.584259442138],[-74.085300033753,40.584257100138],[-74.085303799281,40.584255225152],[-74.085307930455,40.584253871298],[-74.085560110082,40.58421830038],[-74.085568634686,40.584253429786],[-74.085601747439,40.584248759315],[-74.085631185292,40.584370067709],[-74.085593897805,40.58437532754],[-74.08568456092,40.584424214259],[-74.085680405442,40.584428722681],[-74.085701832424,40.584440201892],[-74.08570553968,40.584436180087],[-74.085710840873,40.584439019987],[-74.085630503114,40.584526165986],[-74.085638423377,40.584558799583],[-74.085640148741,40.584565911538],[-74.085641660364,40.584572142939],[-74.085656176984,40.58457859608],[-74.085676299648,40.584556661417],[-74.085720470383,40.58450851166],[-74.08572647319,40.584507664291],[-74.085796775649,40.584497798802],[-74.085788645126,40.584464291864],[-74.085782158131,40.584465207138],[-74.085769753968,40.584414087334],[-74.085783121206,40.584412201563],[-74.085781343588,40.584404878026],[-74.08576139318,40.584322664251],[-74.085747939749,40.584324561792],[-74.085705864898,40.58415117383],[-74.085702496118,40.58413729206],[-74.085672577901,40.584141511717],[-74.085668301676,40.584142114655],[-74.085668689238,40.584140382658],[-74.085718703161,40.58391665513],[-74.085719896366,40.583911315031],[-74.085931239865,40.583940353953],[-74.085933600242,40.583940678178],[-74.085930240533,40.58396967487],[-74.08592948705,40.583976177219],[-74.085990514359,40.583986432656],[-74.086009561178,40.583989633271],[-74.086109431186,40.584006415378],[-74.086167475468,40.584016169564],[-74.086176329648,40.584055671624],[-74.086176953351,40.584058455577],[-74.086254288672,40.584044602413],[-74.086271665468,40.584041489762],[-74.086374923634,40.584022993758],[-74.086425873126,40.584232940589],[-74.086438953441,40.584286841533],[-74.08648569315,40.584280247841],[-74.086487861533,40.584289183012],[-74.086496767824,40.584325883476],[-74.086487936662,40.584327129245],[-74.086500463668,40.584378750471],[-74.086534011008,40.584374018169],[-74.086575829738,40.58436811975],[-74.086612383769,40.584362960111],[-74.086643707358,40.584358541035],[-74.086655557037,40.58435686973],[-74.086676079749,40.584441432386],[-74.086777512066,40.584494542582],[-74.086778810039,40.584499893418],[-74.086693932441,40.584511866927],[-74.086695035648,40.58451641104],[-74.086704545345,40.584555596479],[-74.086710139774,40.584578644777],[-74.08672178704,40.58462663933],[-74.086732665982,40.584671460114],[-74.086753653217,40.584757939619],[-74.08676356793,40.584798791617],[-74.086771134896,40.584829969254],[-74.086782666977,40.584828342302],[-74.086852987265,40.584818422122],[-74.086880438684,40.584814549825],[-74.08697635469,40.585209755142],[-74.086893296096,40.585221472572],[-74.086864075421,40.585225594754],[-74.086824874602,40.585266723407],[-74.086799893535,40.585292932226],[-74.086790246955,40.5853030533],[-74.086789759789,40.585303564266],[-74.086669501688,40.585320529065],[-74.086372721484,40.585362393692],[-74.086377198415,40.585380839365],[-74.085991074785,40.585435306334],[-74.085922463769,40.585444984268],[-74.085869684869,40.585452428735],[-74.085858205803,40.585454048352],[-74.085857197635,40.585449895888],[-74.085846677765,40.585406546213],[-74.085837505692,40.585368749963],[-74.085800059453,40.585349240161],[-74.085736196057,40.585315965739],[-74.085735044213,40.585311219036],[-74.085732389034,40.585300276046]]]]},"properties":{"name":null,"construction_year":"1978","ground_elevation":"13","height_roof":"111.7028","bin":"5049717","geom_source":"Photogrammetric"}},{"type":"Feature","geometry":{"type":"MultiPolygon","coordinates":[[[[-74.105217338247,40.635484185076],[-74.105214115331,40.635451577501],[-74.10541229029,40.635446563802],[-74.105426914005,40.63567120667],[-74.105469717871,40.63566875132],[-74.10547342054,40.635746037736],[-74.105509955942,40.6357451109],[-74.105506009253,40.635678741712],[-74.105611866779,40.635675088377],[-74.105611119929,40.635662532215],[-74.105606098426,40.635578103191],[-74.10560364171,40.635536791401],[-74.105510506382,40.635540006208],[-74.105508754066,40.635510544609],[-74.105506033901,40.635464804301],[-74.105504586375,40.635440456474],[-74.105521392174,40.635439876427],[-74.105548220225,40.635438950382],[-74.105544653593,40.635378960126],[-74.10554453824,40.635377027717],[-74.105538386916,40.635321832399],[-74.105451128866,40.63532262747],[-74.10522877155,40.635330693619],[-74.105221127531,40.635243258339],[-74.105212222872,40.635165204926],[-74.105249172317,40.635163930194],[-74.105246069855,40.635111762318],[-74.105317367094,40.635109301653],[-74.105316292459,40.63509124001],[-74.105368591346,40.635089435181],[-74.105367424428,40.635069832834],[-74.105367054056,40.635063599775],[-74.10542201479,40.635061703332],[-74.105423607985,40.635088494137],[-74.105476306384,40.635086675385],[-74.105477724741,40.635110527954],[-74.105577692628,40.635107077267],[-74.105580437124,40.635153231792],[-74.105660476493,40.635150469316],[-74.105660889012,40.63515045543],[-74.105664114467,40.635204693477],[-74.105648887886,40.635205218964],[-74.105580790242,40.635207568834],[-74.105585744898,40.635290876777],[-74.105592715445,40.635408082935],[-74.105688583386,40.635404773697],[-74.105679306486,40.635248775269],[-74.105697733204,40.635232744388],[-74.105737800952,40.635197883546],[-74.105743797595,40.635192666723],[-74.105776318076,40.63519154448],[-74.105773821206,40.635149567244],[-74.105798360777,40.635148719791],[-74.105796781994,40.635122168515],[-74.10583891685,40.635120714121],[-74.105840461646,40.635146694498],[-74.105865730512,40.635145822045],[-74.105868169173,40.635186836677],[-74.106133102329,40.6351776917],[-74.106130611311,40.635135818926],[-74.106155206429,40.635134970445],[-74.106154206846,40.635118160463],[-74.106196035554,40.635116717027],[-74.106196896672,40.635131190287],[-74.106220371247,40.635130379749],[-74.106222974087,40.635174147111],[-74.10626832047,40.635172581531],[-74.106292925054,40.635171732111],[-74.106366995299,40.635169175478],[-74.106368931412,40.635201732882],[-74.106373080542,40.635271481509],[-74.106326704804,40.635311808257],[-74.106307297261,40.635328684834],[-74.106034928465,40.635338677254],[-74.106038407754,40.635394010088],[-74.106054818695,40.635393411416],[-74.106056241249,40.635416051873],[-74.106260135775,40.635408612641],[-74.106431996773,40.63540234186],[-74.10643438607,40.635440345187],[-74.106437698335,40.63549302343],[-74.106434895575,40.635499654751],[-74.10642819758,40.635505356739],[-74.106442058289,40.63551480567],[-74.106495091843,40.635550961962],[-74.106503668856,40.635556809198],[-74.106484545213,40.635573088497],[-74.10648974838,40.635655844149],[-74.106498564696,40.635796073931],[-74.106516027618,40.636073821277],[-74.106446352433,40.636077047525],[-74.106431810077,40.636089426024],[-74.106416651506,40.636102330094],[-74.106389517988,40.636083831511],[-74.106343849817,40.636122707771],[-74.106341565581,40.636124652304],[-74.106353728269,40.636132943847],[-74.106362842596,40.636139158008],[-74.106364537184,40.636140313608],[-74.106354132398,40.636149170839],[-74.106296510562,40.636198221402],[-74.106272610008,40.636181926977],[-74.106250756845,40.636200529397],[-74.106128760889,40.636117358395],[-74.106120784987,40.636111920313],[-74.106052426595,40.636065317549],[-74.106050048027,40.636063695205],[-74.10604748637,40.636065875925],[-74.105998559855,40.636107520548],[-74.106016542297,40.636119780755],[-74.105985731524,40.636146005279],[-74.105967390518,40.636133499555],[-74.105951261481,40.636147227533],[-74.105943981408,40.636142263372],[-74.105863009127,40.636211183585],[-74.105869743668,40.636215775438],[-74.105856343893,40.636227181151],[-74.105870086338,40.636236551914],[-74.105873060141,40.636238579848],[-74.105841572832,40.636265379486],[-74.10583599207,40.636261573624],[-74.105824509857,40.636253745168],[-74.105746054134,40.636320521545],[-74.105712925845,40.636348718463],[-74.105729433824,40.636359974189],[-74.105698600398,40.636386217566],[-74.105679950521,40.63637350136],[-74.105664967632,40.636386253881],[-74.10557441311,40.636388913448],[-74.105515321737,40.636348622604],[-74.105459558055,40.63631060159],[-74.105298990057,40.636201120375],[-74.105296509615,40.636143168799],[-74.105295972028,40.636130598936],[-74.105312154318,40.636116825975],[-74.105294185022,40.636104573751],[-74.105323291408,40.636079799911],[-74.105341260702,40.636092052131],[-74.105356243587,40.63607929875],[-74.105370119159,40.636067488326],[-74.105437793492,40.63600988668],[-74.105452382056,40.635997470444],[-74.105244282688,40.635856095798],[-74.105243922495,40.635845819396],[-74.105212600638,40.63584714571],[-74.105217002123,40.635890258568],[-74.105031281556,40.635896859877],[-74.105007121666,40.635638873124],[-74.105007427503,40.635595099478],[-74.104954544708,40.635416056887],[-74.105156457966,40.635383714843],[-74.105190385817,40.635484209736],[-74.105217338247,40.635484185076]]]]},"properties":{"name":null,"construction_year":"1903","ground_elevation":"81","height_roof":"110","bin":"5106523","geom_source":"Other (Manual)"}},{"type":"Feature","geometry":{"type":"MultiPolygon","coordinates":[[[[-74.131761078001,40.639814912578],[-74.131599661603,40.639743803275],[-74.131645209688,40.639683807141],[-74.131629613049,40.63967693692],[-74.131657266114,40.639640511657],[-74.131665064431,40.639643947216],[-74.131705037691,40.639591293976],[-74.131874250981,40.639665838678],[-74.131761078001,40.639814912578]]]]},"properties":{"name":null,"construction_year":"2024","ground_elevation":"13","height_roof":"109","bin":"5170775","geom_source":"Other (Manual)"}},{"type":"Feature","geometry":{"type":"MultiPolygon","coordinates":[[[[-74.077509617386,40.643082081982],[-74.077467046928,40.643101149435],[-74.077310446559,40.643171291768],[-74.077216350058,40.643213437132],[-74.07709607754,40.643057631731],[-74.077064484238,40.64301670452],[-74.076974105397,40.642899623772],[-74.076976794706,40.642898419779],[-74.077032889694,40.642873293763],[-74.076972897738,40.642795576841],[-74.076825530287,40.642604668151],[-74.077016345068,40.642519201948],[-74.077017441582,40.642518711332],[-74.077049136441,40.642559770866],[-74.077129686787,40.642664121215],[-74.0773651909,40.642969201957],[-74.077396340369,40.643009553954],[-74.077422096815,40.643042920647],[-74.077427378582,40.643049761934],[-74.077427473109,40.643049719546],[-74.077428329765,40.643049336249],[-74.077429223049,40.643048935817],[-74.077430097428,40.643048544403],[-74.077430974171,40.643048152087],[-74.077431871,40.643047749852],[-74.077432725292,40.643047367456],[-74.077433619759,40.643046967024],[-74.077434469324,40.643046586433],[-74.0774353567,40.643046188706],[-74.077465645657,40.643032621803],[-74.07746994902,40.643030695396],[-74.077503669022,40.64307437665],[-74.077509617386,40.643082081982]]]]},"properties":{"name":null,"construction_year":"1965","ground_elevation":"69","height_roof":"108","bin":"5000085","geom_source":"Other (Manual)"}},{"type":"Feature","geometry":{"type":"MultiPolygon","coordinates":[[[[-74.109908612258,40.620397962943],[-74.109782285684,40.62034354268],[-74.10976818384,40.620337467722],[-74.109624412349,40.620275531982],[-74.109584857734,40.620258493109],[-74.109542709607,40.620240335546],[-74.109501811554,40.620222717089],[-74.109492039404,40.620218507454],[-74.10951340054,40.620189716351],[-74.109542129262,40.620150994478],[-74.109583615638,40.620095080292],[-74.109603562843,40.620068194221],[-74.109622294643,40.620076263942],[-74.109730957855,40.620123074728],[-74.110034290125,40.620253746698],[-74.11020845715,40.620328775187],[-74.110244187285,40.620344166857],[-74.110248086473,40.620345846192],[-74.110224737498,40.620377313886],[-74.110191969188,40.620421478049],[-74.110152613909,40.620474522251],[-74.110136560474,40.620496159149],[-74.110037000393,40.620453270809],[-74.109929262438,40.620406858359],[-74.109908612258,40.620397962943]]]]},"properties":{"name":null,"construction_year":"1966","ground_elevation":"171","height_roof":"105.18","bin":"5008970","geom_source":"Photogrammetric"}},{"type":"Feature","geometry":{"type":"MultiPolygon","coordinates":[[[[-74.076125487893,40.640619956041],[-74.076108181387,40.640622364678],[-74.076084780605,40.640625621132],[-74.076063528656,40.640628578088],[-74.076052654465,40.640630090948],[-74.076041742451,40.640631609235],[-74.076030825708,40.640633128425],[-74.075945352183,40.640645023131],[-74.075915247207,40.640649212412],[-74.075844105412,40.640352553659],[-74.075907902388,40.64034367567],[-74.075975305544,40.640334296375],[-74.075989653505,40.64033230035],[-74.076003961277,40.640330308851],[-74.076018129575,40.640328337255],[-74.076031819175,40.640326432611],[-74.076060869679,40.64032238988],[-74.076169405395,40.640307286574],[-74.076237076785,40.640297869126],[-74.076301942158,40.640288842525],[-74.076404251146,40.640274604925],[-74.076510432223,40.640259828849],[-74.076539191011,40.640379748037],[-74.076584175892,40.640567323209],[-74.076606273466,40.6406594631],[-74.076537958766,40.640668969443],[-74.076490996462,40.64067550514],[-74.076498282698,40.640705888306],[-74.076379865072,40.640722367275],[-74.076263991004,40.640738491432],[-74.076260034352,40.640721993847],[-74.07623200999,40.64060513227],[-74.076188092472,40.640611243481],[-74.076149207804,40.640616655242],[-74.076128659136,40.640619514488],[-74.076125487893,40.640619956041]]]]},"properties":{"name":null,"construction_year":"1969","ground_elevation":"76","height_roof":"103.06","bin":"5000025","geom_source":"Photogrammetric"}},{"type":"Feature","geometry":{"type":"MultiPolygon","coordinates":[[[[-74.073791885042,40.637970531847],[-74.073815645968,40.63811832782],[-74.073820805963,40.638150420813],[-74.073916961557,40.638144657854],[-74.073921265857,40.638285691702],[-74.073922042355,40.638311159687],[-74.073875544616,40.638315350869],[-74.073871628704,40.63829014245],[-74.073533550212,40.638320613891],[-74.073428836252,40.638330051611],[-74.073429914562,40.638277608287],[-74.073434549925,40.638052270208],[-74.073435564303,40.638002968835],[-74.073435565423,40.638002912101],[-74.07348328394,40.637998576233],[-74.073649390332,40.637983481719],[-74.073791885042,40.637970531847]]]]},"properties":{"name":null,"construction_year":"1984","ground_elevation":"10","height_roof":"102.86","bin":"5110065","geom_source":"Photogrammetric"}},{"type":"Feature","geometry":{"type":"MultiPolygon","coordinates":[[[[-74.200122422053,40.592502734481],[-74.200082831243,40.592480193032],[-74.200061593535,40.592501869636],[-74.200003222071,40.592468635597],[-74.200024460968,40.592446959002],[-74.199955012404,40.592407417128],[-74.199932522017,40.592394612067],[-74.199911703555,40.592415861066],[-74.199853961769,40.592382984265],[-74.199874781423,40.592361736175],[-74.199830676382,40.592336624286],[-74.199876843968,40.592289505042],[-74.199798356221,40.592244816084],[-74.19990754075,40.592133379772],[-74.199944549278,40.592154451616],[-74.200130920178,40.591964234263],[-74.20010476515,40.591949342796],[-74.200090598389,40.591941276244],[-74.200150324394,40.591880316515],[-74.20022678491,40.59192385069],[-74.200368035691,40.591779683387],[-74.200396534877,40.591795909787],[-74.200349078423,40.591844346258],[-74.200532178163,40.59194859769],[-74.200617663085,40.591997269564],[-74.200546235798,40.592070172016],[-74.20052469099,40.592092161725],[-74.200500190121,40.592078212114],[-74.200420065663,40.59203259259],[-74.200345120326,40.592109085144],[-74.20023880075,40.592217599178],[-74.200343426207,40.592277169378],[-74.200122422053,40.592502734481]]]]},"properties":{"name":null,"construction_year":null,"ground_elevation":"12","height_roof":"101.68","bin":"5156899","geom_source":"Photogrammetric"}},{"type":"Feature","geometry":{"type":"MultiPolygon","coordinates":[[[[-74.106870176242,40.618816229941],[-74.106931304453,40.618733309816],[-74.106982323694,40.618755148619],[-74.107579583144,40.619010807575],[-74.10753083008,40.619076941555],[-74.107466970068,40.619163566594],[-74.107172314007,40.619037439096],[-74.107142212226,40.619024553679],[-74.106818690361,40.618886068204],[-74.106821028754,40.618882896196],[-74.106870176242,40.618816229941]]]]},"properties":{"name":null,"construction_year":"1967","ground_elevation":"140","height_roof":"101.22","bin":"5008972","geom_source":"Photogrammetric"}},{"type":"Feature","geometry":{"type":"MultiPolygon","coordinates":[[[[-74.141219626033,40.576054097403],[-74.141252764938,40.576045996957],[-74.141283709792,40.576058136712],[-74.141294334583,40.576083405002],[-74.141278413513,40.576107000345],[-74.141245274582,40.576115101699],[-74.141214329709,40.576102961933],[-74.141203704945,40.576077693636],[-74.141219626033,40.576054097403]]]]},"properties":{"name":"Lighthouse","construction_year":"1912","ground_elevation":"146","height_roof":"100.67","bin":"5037281","geom_source":"Photogrammetric"}},{"type":"Feature","geometry":{"type":"MultiPolygon","coordinates":[[[[-74.20052469099,40.592092161725],[-74.200343426207,40.592277169378],[-74.20023880075,40.592217599178],[-74.200345120326,40.592109085144],[-74.200420065663,40.59203259259],[-74.200500190121,40.592078212114],[-74.20052469099,40.592092161725]]]]},"properties":{"name":null,"construction_year":null,"ground_elevation":"11","height_roof":"99.71","bin":"5156901","geom_source":"Photogrammetric"}},{"type":"Feature","geometry":{"type":"MultiPolygon","coordinates":[[[[-74.061335594865,40.613278700439],[-74.061311819402,40.61325033499],[-74.061517905247,40.613150021149],[-74.061550431695,40.613134188778],[-74.061570213551,40.613124559713],[-74.061711910906,40.613055586624],[-74.061895543232,40.612966202079],[-74.061856610094,40.612919751626],[-74.061813747149,40.612868611555],[-74.061779790531,40.612885140873],[-74.061716858122,40.612915774403],[-74.061664953795,40.61285384638],[-74.061609933612,40.612788201751],[-74.061612688032,40.612786861199],[-74.061873748007,40.612659787052],[-74.062194014739,40.612503890614],[-74.062253634653,40.612474869649],[-74.06226573893,40.612489311061],[-74.062298563172,40.612528473166],[-74.062347877092,40.612587308118],[-74.062361073307,40.612603052882],[-74.062302192713,40.612631714193],[-74.062095998621,40.612732083537],[-74.06197880978,40.612789127288],[-74.061998759595,40.612812929019],[-74.062039815045,40.612861911447],[-74.062045354584,40.612859214997],[-74.06211237311,40.612939173027],[-74.062135899038,40.612927721888],[-74.062167415032,40.612965322331],[-74.062200006402,40.613004207228],[-74.062189113931,40.613009509089],[-74.06166851868,40.613262916264],[-74.06166447051,40.613258087138],[-74.06152671654,40.613325140845],[-74.061394232599,40.613389627787],[-74.061311208799,40.613290571516],[-74.061335594865,40.613278700439]]]]},"properties":{"name":null,"construction_year":"1982","ground_elevation":"40","height_roof":"99.05","bin":"5042254","geom_source":"Photogrammetric"}},{"type":"Feature","geometry":{"type":"MultiPolygon","coordinates":[[[[-74.131879539304,40.636696574068],[-74.13180853576,40.636666768123],[-74.13178820839,40.636694870538],[-74.131719384111,40.636665977868],[-74.131739712686,40.636637876364],[-74.131669606036,40.636608445722],[-74.131714922088,40.636545798672],[-74.131700797375,40.636539869618],[-74.131749112408,40.636473076727],[-74.131763237113,40.636479006676],[-74.131807905787,40.636417253646],[-74.131882474849,40.636448557571],[-74.131889344954,40.636451441261],[-74.131929020989,40.636396591894],[-74.131903928026,40.636386058482],[-74.131851555804,40.636364072016],[-74.131928060804,40.636258308231],[-74.131898626027,40.636245951743],[-74.13194274743,40.636184956624],[-74.132017421587,40.636216303567],[-74.13204747512,40.636228920464],[-74.132065917244,40.636203426272],[-74.132066649316,40.636202413246],[-74.132116057888,40.636223154899],[-74.132115574554,40.63622382274],[-74.132114183499,40.636225746048],[-74.132186226631,40.636255989164],[-74.132109584115,40.636361943289],[-74.132139518241,40.636374509871],[-74.132093916239,40.636437552746],[-74.132027808432,40.636409801701],[-74.131984756195,40.636469320572],[-74.132002509408,40.636476772708],[-74.131990628772,40.636493197424],[-74.132018263036,40.636504798618],[-74.13197186391,40.636568940994],[-74.131988392664,40.63657587944],[-74.131940603574,40.636641946008],[-74.131924073626,40.636635007557],[-74.131910223046,40.636654155896],[-74.131879539304,40.636696574068]]]]},"properties":{"name":null,"construction_year":"1920","ground_elevation":"30","height_roof":"98.92","bin":"5110130","geom_source":"Photogrammetric"}},{"type":"Feature","geometry":{"type":"MultiPolygon","coordinates":[[[[-74.128770136143,40.59163277077],[-74.128763029624,40.591598553413],[-74.128728091428,40.591602770091],[-74.128651226911,40.591612047825],[-74.128623016969,40.591476227232],[-74.12850155604,40.591490887682],[-74.128502523039,40.591495547714],[-74.128455208956,40.591501258609],[-74.128448621288,40.591469542309],[-74.128442463446,40.591467215934],[-74.128436661427,40.59146440648],[-74.128431282623,40.59146114449],[-74.128426387352,40.591457467718],[-74.128422028852,40.591453416629],[-74.128418256822,40.591449036192],[-74.128415113886,40.59144437679],[-74.128412635583,40.591439490614],[-74.128410848006,40.591434431666],[-74.128409773708,40.591429256654],[-74.128409423433,40.591424024099],[-74.128409800839,40.591418793433],[-74.128410901312,40.591413622294],[-74.128412714332,40.591408569228],[-74.128415217563,40.591403690993],[-74.128418385122,40.591399041649],[-74.128422179308,40.591394674369],[-74.128426557689,40.591390637829],[-74.128431473098,40.591386976207],[-74.128426809875,40.591364523246],[-74.128470716625,40.591359224109],[-74.128471496417,40.591362980224],[-74.128718480472,40.591333169326],[-74.128705012792,40.591268327759],[-74.128846252934,40.59125128014],[-74.128859643246,40.59131574986],[-74.129152341733,40.591280420572],[-74.129157752822,40.591306471157],[-74.129164109894,40.591308581144],[-74.129170120679,40.591311214724],[-74.129175711873,40.591314338661],[-74.129180816069,40.591317915208],[-74.129185369393,40.591321900311],[-74.12918931741,40.591326245405],[-74.129192609221,40.591330896513],[-74.129195205733,40.591335796948],[-74.129197076117,40.591340886409],[-74.129198195444,40.591346102787],[-74.129198551774,40.591351380359],[-74.12919813908,40.591356656994],[-74.129196963138,40.591361865147],[-74.129195039185,40.591366942664],[-74.129192389542,40.591371826485],[-74.129189047171,40.591376457136],[-74.129185052124,40.591380776939],[-74.129180456277,40.591384733606],[-74.129175313875,40.591388278447],[-74.129180496047,40.591413229748],[-74.128893609974,40.591447858283],[-74.128897625896,40.591467192535],[-74.128908943936,40.591521679561],[-74.128995457251,40.59151123635],[-74.129013537495,40.591509053893],[-74.129016240636,40.591522067034],[-74.129026229272,40.591570155516],[-74.128921634437,40.591582780296],[-74.128929590002,40.591621080568],[-74.128872311576,40.591627994209],[-74.128863362966,40.591629074968],[-74.128854083668,40.591630194819],[-74.12883887209,40.591632030035],[-74.128819160815,40.591634409706],[-74.128775545626,40.59163967443],[-74.128771667145,40.591640142546],[-74.128771426287,40.591638982941],[-74.128771036389,40.591637109387],[-74.128770565401,40.591634840594],[-74.128770136143,40.59163277077]]]]},"properties":{"name":null,"construction_year":"1930","ground_elevation":"258","height_roof":"97.51","bin":"5154970","geom_source":"Photogrammetric"}},{"type":"Feature","geometry":{"type":"MultiPolygon","coordinates":[[[[-74.081955451551,40.646057456189],[-74.081748162543,40.646005638408],[-74.081742351706,40.6460191242],[-74.081672995647,40.646001787168],[-74.081649233229,40.645995847111],[-74.081661409023,40.645967589201],[-74.081675250603,40.645935463279],[-74.0816890851,40.645903357172],[-74.081702285329,40.64587272026],[-74.081715280416,40.645842558965],[-74.081728188252,40.645812600348],[-74.081750866907,40.645750379111],[-74.081717075814,40.645743732086],[-74.081729549087,40.645712272612],[-74.081712677406,40.645706707691],[-74.081705812646,40.645722639139],[-74.081693128811,40.645752078896],[-74.081680436709,40.645781535768],[-74.081667754025,40.645810968317],[-74.081655051293,40.645840451308],[-74.081642337937,40.645869956819],[-74.0816315851,40.645894914218],[-74.081644586822,40.645898163964],[-74.081645941238,40.64590069346],[-74.081649055329,40.645906508598],[-74.081645852231,40.645913942852],[-74.08163566261,40.645917057775],[-74.081629685532,40.645930930003],[-74.081620139887,40.645953085931],[-74.081500153604,40.645923091909],[-74.08136410274,40.64588908201],[-74.081365875837,40.645884966286],[-74.08137381233,40.645866545067],[-74.081382331207,40.645846774458],[-74.081383773028,40.645843429813],[-74.081386134405,40.645837950288],[-74.081396360099,40.645834362589],[-74.081403725443,40.645836204339],[-74.081412073364,40.645816830077],[-74.081428261077,40.64577925889],[-74.081440956827,40.645749794839],[-74.0814537009,40.645720217288],[-74.081485372408,40.645646711638],[-74.08135703512,40.645614629677],[-74.081362313128,40.645602378891],[-74.081393133504,40.645530848706],[-74.081341434436,40.645517924122],[-74.081354424902,40.645487774577],[-74.081380753577,40.645426668372],[-74.081403948116,40.645432466604],[-74.081449451678,40.64532686029],[-74.081426707745,40.645321174313],[-74.08142747993,40.645319381735],[-74.081457441863,40.645249844084],[-74.081480185773,40.645255529155],[-74.081526496637,40.645148045556],[-74.081505746632,40.645142857969],[-74.081543959521,40.645054169421],[-74.081620004559,40.645073179452],[-74.081639005997,40.645029077474],[-74.081630005194,40.645026827164],[-74.081656853329,40.64496451563],[-74.081644718757,40.644953851299],[-74.081657910563,40.644923231504],[-74.08167503774,40.644922309817],[-74.081707889872,40.644846062082],[-74.081807304123,40.644870914157],[-74.081802442402,40.644882199313],[-74.08198074706,40.644926772282],[-74.08199819564,40.644886276127],[-74.082051874025,40.64489969519],[-74.082107027139,40.644913482387],[-74.082166152247,40.644776256953],[-74.082167522092,40.644773077143],[-74.082185766099,40.64477763784],[-74.082252879985,40.644794414246],[-74.082260502528,40.644776722607],[-74.082268070839,40.64475915708],[-74.082345275881,40.64477845667],[-74.082443545508,40.644803021749],[-74.082427999904,40.644839105867],[-74.082512824612,40.644860310783],[-74.082408286816,40.645102943131],[-74.08243784377,40.645110331413],[-74.08242360663,40.645143377143],[-74.082391715192,40.645135406093],[-74.082360824158,40.645207104097],[-74.082012872127,40.645120123138],[-74.082017503948,40.645109371244],[-74.081954496998,40.645093621068],[-74.081732675586,40.645038169212],[-74.081727151299,40.645050989319],[-74.08172535019,40.645050538539],[-74.081706698933,40.645093827114],[-74.081776849952,40.645111363477],[-74.08173688668,40.645204113784],[-74.081713583392,40.645198288681],[-74.081689518593,40.645254141532],[-74.081672736988,40.645293090073],[-74.081713652911,40.645303318814],[-74.081720695637,40.645286973],[-74.081781247618,40.645302109996],[-74.081817607017,40.645217723553],[-74.08183572656,40.645175670851],[-74.081819076625,40.645171509695],[-74.081825030018,40.645157692405],[-74.081925548151,40.645182820051],[-74.08201611825,40.645205460267],[-74.082023910661,40.645187374097],[-74.082063645145,40.645197306385],[-74.081914851984,40.645542646071],[-74.081890053958,40.645600201464],[-74.0816726941,40.645545865662],[-74.081690661743,40.645504164294],[-74.081719992774,40.645436090368],[-74.081664026853,40.645422099145],[-74.081675659062,40.645395101442],[-74.081633652721,40.645384600605],[-74.081592683485,40.645479687518],[-74.081633608971,40.645489918982],[-74.081629017142,40.645500575376],[-74.081624669346,40.645510666971],[-74.081605767644,40.645505941857],[-74.081584076959,40.645556281826],[-74.081602979855,40.645561006942],[-74.08159463556,40.645580374912],[-74.081812152755,40.645634750372],[-74.081815313382,40.645627415201],[-74.08185292885,40.645636818664],[-74.081839904392,40.645667047535],[-74.081932992913,40.645690318188],[-74.081937348988,40.645696623216],[-74.081950688443,40.645715936137],[-74.081961286106,40.645731277923],[-74.081971790209,40.645746483796],[-74.081982136799,40.64576146375],[-74.081987799235,40.645769659835],[-74.081974788957,40.645799854491],[-74.081959807556,40.645834625184],[-74.08194522107,40.645868479766],[-74.082062935638,40.645897905817],[-74.082082155607,40.645902709874],[-74.082127129545,40.645913953157],[-74.082175264646,40.64592598572],[-74.082179395548,40.645927018364],[-74.082173248822,40.645941285168],[-74.082165246522,40.645959858677],[-74.08215310631,40.645988034669],[-74.082237413716,40.646008554861],[-74.082267484833,40.645943623078],[-74.082302219791,40.645954319798],[-74.082311384361,40.645928200003],[-74.082763227848,40.646049866248],[-74.08268002555,40.64624297835],[-74.082640521056,40.646233178487],[-74.082637590978,40.646241423939],[-74.082256473215,40.646145916226],[-74.082263025114,40.64613232992],[-74.082228292713,40.646123777321],[-74.082246077756,40.646086595702],[-74.082214162986,40.646080186119],[-74.08222445535,40.646055875567],[-74.082136218176,40.646034494576],[-74.082098511773,40.646114741489],[-74.082078666132,40.64610978029],[-74.082034733965,40.646098798296],[-74.082043106495,40.64607936814],[-74.08199037681,40.646066187035],[-74.081955451551,40.646057456189]]]]},"properties":{"name":null,"construction_year":"1904","ground_elevation":"129","height_roof":"97.46","bin":"5106483","geom_source":"Photogrammetric"}},{"type":"Feature","geometry":{"type":"MultiPolygon","coordinates":[[[[-74.095591224552,40.639955177629],[-74.095577573767,40.639892130116],[-74.095568646208,40.639850897356],[-74.095854733082,40.639814952743],[-74.095860758287,40.639842779168],[-74.095864270116,40.639858998194],[-74.095902692553,40.639854170891],[-74.095916989837,40.639920203048],[-74.095919123607,40.639930061053],[-74.095960847236,40.639924818539],[-74.095984694035,40.63992182242],[-74.095986197076,40.639928762368],[-74.095997386026,40.639980442832],[-74.096003062619,40.640006660313],[-74.096008911768,40.640033670106],[-74.09602421361,40.640104340885],[-74.096035779863,40.640157759032],[-74.09606369056,40.640286662155],[-74.095696853551,40.640332753126],[-74.095624038531,40.640341901741],[-74.095623777911,40.640340697063],[-74.095590610484,40.640187512101],[-74.095567935672,40.640082787955],[-74.095565275966,40.640070507083],[-74.095562300897,40.640056764931],[-74.095558583258,40.640039596019],[-74.095553824341,40.640017611996],[-74.095543847182,40.639971533512],[-74.09554376983,40.63997117607],[-74.095544943497,40.639971028311],[-74.095593340416,40.639964947404],[-74.095591224552,40.639955177629]]]]},"properties":{"name":null,"construction_year":"1974","ground_elevation":"104","height_roof":"97.24030937","bin":"5002173","geom_source":"Photogrammetric"}},{"type":"Feature","geometry":{"type":"MultiPolygon","coordinates":[[[[-74.157631916096,40.613738172998],[-74.15757058038,40.613705591536],[-74.157545543534,40.613732963021],[-74.157487312507,40.613702029718],[-74.157512348184,40.613674658247],[-74.157488620859,40.613662053724],[-74.157461377162,40.613647582727],[-74.157461754326,40.613647168871],[-74.1575038191,40.613601183682],[-74.157508988646,40.613595532122],[-74.157504412142,40.613593100678],[-74.157356578734,40.613514571356],[-74.157306052766,40.613487731094],[-74.157508717257,40.613266168119],[-74.157550338636,40.613288278345],[-74.15759813735,40.613313668795],[-74.157637758054,40.613334716414],[-74.157640666279,40.613336261324],[-74.157688858469,40.613283574978],[-74.157826341395,40.613356606888],[-74.157930381097,40.61341187315],[-74.157631916096,40.613738172998]]]]},"properties":{"name":null,"construction_year":"1975","ground_elevation":"35","height_roof":"96.34","bin":"5030658","geom_source":"Photogrammetric"}},{"type":"Feature","geometry":{"type":"MultiPolygon","coordinates":[[[[-74.075915247207,40.640649212412],[-74.075945352183,40.640645023131],[-74.076030825708,40.640633128425],[-74.076041742451,40.640631609235],[-74.076052654465,40.640630090948],[-74.076063528656,40.640628578088],[-74.076084780605,40.640625621132],[-74.076108181387,40.640622364678],[-74.076125487893,40.640619956041],[-74.076131674037,40.640645750914],[-74.076157803664,40.640754709915],[-74.076132287096,40.640758260448],[-74.076103802574,40.640762224477],[-74.076075854669,40.640766114301],[-74.076051359322,40.640769522759],[-74.076044358457,40.640770497248],[-74.076037430873,40.640771460882],[-74.076030446554,40.640772432657],[-74.076009530238,40.640775343455],[-74.075913392699,40.640788721135],[-74.075881077405,40.640653967193],[-74.075915247207,40.640649212412]]]]},"properties":{"name":null,"construction_year":"1925","ground_elevation":"60","height_roof":"95.43","bin":"5000035","geom_source":"Photogrammetric"}},{"type":"Feature","geometry":{"type":"MultiPolygon","coordinates":[[[[-74.07504521447,40.62351985982],[-74.074946664282,40.62334246031],[-74.07489059594,40.623241531374],[-74.074874060282,40.623211764629],[-74.074880930289,40.623209548475],[-74.074778218388,40.623024655592],[-74.0747056648,40.622894048919],[-74.074805024882,40.622862004116],[-74.074847870358,40.622848185655],[-74.07490494965,40.62295093661],[-74.074920927226,40.622945783325],[-74.074956579045,40.622934284749],[-74.074997179759,40.623007370643],[-74.074964201472,40.62301800659],[-74.074948382193,40.623023108448],[-74.074945550317,40.623024021621],[-74.074947120629,40.623026849133],[-74.075023135215,40.623163684096],[-74.07505104997,40.62315468138],[-74.07508456434,40.623215009689],[-74.075137856163,40.623197821752],[-74.075103707347,40.623135615387],[-74.075108818289,40.623110944986],[-74.075121940038,40.623047604594],[-74.07514291621,40.622946348047],[-74.075150358065,40.622910425915],[-74.075075563459,40.622764388715],[-74.075002054301,40.622620859477],[-74.074991043409,40.622624339068],[-74.074943871407,40.622639244632],[-74.074933137009,40.62261952032],[-74.074772953163,40.622670135727],[-74.074754513427,40.622675962382],[-74.074710228748,40.622689955545],[-74.074693259171,40.622658777037],[-74.074681138053,40.62263650603],[-74.074675339816,40.622625853034],[-74.074759624048,40.622599220285],[-74.074865648816,40.622565717654],[-74.074898247899,40.622555416976],[-74.074890190016,40.622540611361],[-74.074787916559,40.622352696941],[-74.074564291912,40.622423359283],[-74.074531538499,40.622363179812],[-74.074528210697,40.622357064732],[-74.074570823478,40.622343599527],[-74.074577070847,40.622341625135],[-74.074581602788,40.622340193069],[-74.074751836342,40.622286401558],[-74.074744232102,40.622272430421],[-74.074804121886,40.622253506645],[-74.074875818748,40.622230851495],[-74.074882527696,40.622243178856],[-74.074899066397,40.622237953166],[-74.074922441745,40.622280901779],[-74.07493604205,40.62230589137],[-74.074925157617,40.622309330349],[-74.074918785031,40.622311344465],[-74.074925126868,40.622322997573],[-74.07492886328,40.622329861608],[-74.074929345285,40.622330748307],[-74.074930001375,40.622331951876],[-74.074958195637,40.622383757563],[-74.074975079999,40.622414779397],[-74.075006187679,40.622471936768],[-74.075007691724,40.622474699485],[-74.075008429537,40.622476056088],[-74.075008919831,40.622476955389],[-74.075021213937,40.622499545934],[-74.075149863842,40.622458894348],[-74.075385812561,40.622384336138],[-74.075494040019,40.62235013628],[-74.075636361888,40.622305163475],[-74.075589041817,40.622218220504],[-74.075536913612,40.622122442061],[-74.075515701314,40.622129145065],[-74.075478277506,40.622060385165],[-74.075496973375,40.622054477179],[-74.075489816669,40.622041327972],[-74.07554277823,40.622024592123],[-74.075617447028,40.622000997114],[-74.075624902198,40.622014694534],[-74.075850682789,40.621943348809],[-74.075885571312,40.622007451869],[-74.075659791723,40.622078797661],[-74.07567035926,40.622098214038],[-74.075670732314,40.622098898189],[-74.075671993599,40.6221012171],[-74.075760282464,40.622263435492],[-74.075761986685,40.62226656638],[-74.075772509278,40.622285899929],[-74.075994695588,40.622215690048],[-74.076001582386,40.622228342315],[-74.076027945293,40.622276780103],[-74.075801804613,40.622348239877],[-74.075913778125,40.622553971899],[-74.076005054591,40.622525129144],[-74.076137762114,40.622483193229],[-74.076171758209,40.622545653339],[-74.075958677378,40.622612985783],[-74.075946335075,40.622616885988],[-74.075952756468,40.62262868397],[-74.07602585179,40.622762981637],[-74.076058012215,40.622822070543],[-74.0761425596,40.622795353759],[-74.076280918313,40.622751632706],[-74.07631575556,40.622815638409],[-74.076316404577,40.622816831168],[-74.076312438542,40.622818084624],[-74.07610718865,40.622882943814],[-74.0760934983,40.622887269973],[-74.076103189685,40.622905075857],[-74.076035451473,40.62292648013],[-74.075980231614,40.622943930009],[-74.075969198412,40.622923658475],[-74.075951580984,40.622929225428],[-74.075950407316,40.622927069456],[-74.075917586082,40.622866766155],[-74.075936282138,40.622860858098],[-74.07589507831,40.622785154218],[-74.075826245587,40.622658686386],[-74.075807909912,40.622664480722],[-74.075771827332,40.622598186562],[-74.075790162992,40.622592392232],[-74.075746497306,40.622512162102],[-74.075687731776,40.62240419145],[-74.075609225302,40.622428999327],[-74.075486660053,40.622467729323],[-74.075396556594,40.622496201683],[-74.075422200297,40.622543319918],[-74.075469935663,40.622528236386],[-74.075475370204,40.622526519127],[-74.075534563033,40.622635274859],[-74.075572012971,40.622623441718],[-74.075573032539,40.622623119562],[-74.075637294477,40.622741189596],[-74.075598824916,40.622753345815],[-74.075667400309,40.622879342078],[-74.075681634623,40.622905494635],[-74.075686644289,40.622914699161],[-74.07561444368,40.622937514538],[-74.075543742254,40.622959855211],[-74.075541400865,40.622955554062],[-74.07548201825,40.622846449059],[-74.075455772761,40.622798227196],[-74.075417833596,40.62281021641],[-74.075378765689,40.622738435413],[-74.075352080941,40.622689406047],[-74.075390021232,40.622677417754],[-74.075331574709,40.622570031151],[-74.075390800633,40.622551315526],[-74.075366051097,40.622505841049],[-74.075347386987,40.622511738187],[-74.075099415592,40.622590094462],[-74.075031886491,40.622611433171],[-74.07519227701,40.622913463877],[-74.07518529355,40.62294502449],[-74.075247828885,40.622925131595],[-74.075258299876,40.622921800919],[-74.075304611528,40.623006324081],[-74.075321471105,40.623037093733],[-74.075222098703,40.623068704939],[-74.07520387278,40.623074502708],[-74.075182949953,40.623036315406],[-74.075163742265,40.623042424491],[-74.075144363762,40.623140354375],[-74.075210221038,40.623257456438],[-74.075269500335,40.62323833831],[-74.075193478053,40.623101490908],[-74.075238990077,40.623086812361],[-74.075329880564,40.623057497624],[-74.0754015663,40.623186538465],[-74.07544576072,40.623266092082],[-74.075332237392,40.623302706956],[-74.075355750968,40.623345034026],[-74.075277043001,40.623370419939],[-74.075270855227,40.623359282749],[-74.075253528282,40.623328091953],[-74.075189610611,40.623348707071],[-74.075158830529,40.623293300152],[-74.075129476751,40.623302767602],[-74.075144790391,40.623330333337],[-74.075129847672,40.623335152784],[-74.0751129615,40.623340599361],[-74.075166802666,40.623437518725],[-74.075219202665,40.6234206186],[-74.075263434922,40.623500242501],[-74.075229195846,40.623511285484],[-74.075211036053,40.623517142645],[-74.075218333488,40.623530278268],[-74.075266148225,40.623616350253],[-74.075119057266,40.623663790432],[-74.075045866371,40.623532040737],[-74.075051051682,40.623530367787],[-74.07504521447,40.62351985982]]]]},"properties":{"name":null,"construction_year":"1930","ground_elevation":"53","height_roof":"95","bin":"5106863","geom_source":"Other (Manual)"}},{"type":"Feature","geometry":{"type":"MultiPolygon","coordinates":[[[[-74.065218901697,40.617841583318],[-74.065327117011,40.617756135361],[-74.065344521495,40.61776893448],[-74.065420284565,40.617709110294],[-74.065402908465,40.617696332782],[-74.065505216737,40.617615549113],[-74.065522592836,40.61762832661],[-74.065868430507,40.617355245844],[-74.065851024847,40.617342445904],[-74.065884816712,40.61731576301],[-74.065902222371,40.617328562946],[-74.065970679833,40.617274507718],[-74.066222399179,40.617459616384],[-74.065724054441,40.617853121244],[-74.065674453123,40.617816646071],[-74.065636010757,40.61784700118],[-74.065465255613,40.617981831815],[-74.065438425534,40.618003017442],[-74.065400007071,40.617974764746],[-74.065282199799,40.617888131343],[-74.065252405072,40.617866220572],[-74.065218901697,40.617841583318]]]]},"properties":{"name":null,"construction_year":"1917","ground_elevation":"7","height_roof":"93.63","bin":"5042100","geom_source":"Photogrammetric"}},{"type":"Feature","geometry":{"type":"MultiPolygon","coordinates":[[[[-74.076444025686,40.621236266662],[-74.076270624307,40.621044043191],[-74.076060680312,40.621154002612],[-74.07600579152,40.621182750223],[-74.075926239788,40.621094563455],[-74.075946877406,40.621083753478],[-74.07591720116,40.62105085544],[-74.075960851588,40.621027993898],[-74.076321453974,40.620839125645],[-74.076547515164,40.621089726277],[-74.076591080417,40.62113802011],[-74.076547417143,40.621160890004],[-74.076560776877,40.621175699178],[-74.076444381866,40.621236661754],[-74.076444025686,40.621236266662]]]]},"properties":{"name":null,"construction_year":"1972","ground_elevation":"52","height_roof":"91.42958306","bin":"5013953","geom_source":"Photogrammetric"}},{"type":"Feature","geometry":{"type":"MultiPolygon","coordinates":[[[[-74.077226982274,40.642229315151],[-74.077321562091,40.642187180254],[-74.077329815443,40.642183503289],[-74.077357701726,40.64221982317],[-74.077413954471,40.642179461881],[-74.077477815304,40.642133641897],[-74.077521013214,40.642102646643],[-74.077581040962,40.642075904876],[-74.077612657627,40.642061819237],[-74.077623919244,40.642056802049],[-74.07762737654,40.642055261629],[-74.077630016184,40.642054085571],[-74.077632326168,40.642053056519],[-74.077633373046,40.642052590244],[-74.077697796072,40.642136497603],[-74.077830025279,40.642308717059],[-74.077801205344,40.642321556348],[-74.077747979831,40.642345267887],[-74.077702449928,40.64236555223],[-74.077661433644,40.64238382535],[-74.077616144731,40.642404001433],[-74.077567543809,40.642425653883],[-74.07753812471,40.642438760063],[-74.077509271578,40.642451613708],[-74.07748033218,40.642464506127],[-74.077449509322,40.64247823819],[-74.077388019538,40.642505631946],[-74.077312357729,40.64253933883],[-74.077293759693,40.642515114769],[-74.077163696958,40.642345715473],[-74.077172855433,40.64234163538],[-74.077258273434,40.642303581532],[-74.077262270723,40.642290559145],[-74.077265622606,40.642279642605],[-74.077226982274,40.642229315151]]]]},"properties":{"name":null,"construction_year":"1929","ground_elevation":"97","height_roof":"89","bin":"5135204","geom_source":"Other (Manual)"}},{"type":"Feature","geometry":{"type":"MultiPolygon","coordinates":[[[[-74.075838742669,40.582830746363],[-74.075837790518,40.582831652919],[-74.075908091382,40.582870537957],[-74.075813215921,40.582970242711],[-74.075894213001,40.583015044347],[-74.075379994967,40.583555429054],[-74.075298998757,40.583510627057],[-74.075138603477,40.583679181421],[-74.074593743015,40.583377799625],[-74.074409333563,40.583276168976],[-74.075177263879,40.582466201314],[-74.075838742669,40.582830746363]]]]},"properties":{"name":"Ocean Breeze Track & Field Athletic Complex","construction_year":"2014","ground_elevation":"10","height_roof":"89","bin":"5164735","geom_source":"Other (Manual)"}},{"type":"Feature","geometry":{"type":"MultiPolygon","coordinates":[[[[-74.132694478563,40.641118559915],[-74.132933631396,40.640644519408],[-74.132981827056,40.640548987884],[-74.133177615635,40.640606303606],[-74.133363914478,40.640660841091],[-74.133429043123,40.64053174358],[-74.133633843051,40.640591696497],[-74.133582280659,40.640693903256],[-74.133569344705,40.640719546172],[-74.133605792189,40.640730216413],[-74.133423187793,40.641092177082],[-74.133317819451,40.641301037039],[-74.132694478563,40.641118559915]]]]},"properties":{"name":null,"construction_year":"2022","ground_elevation":"18","height_roof":"88.042352","bin":"5107019","geom_source":"Other (Manual)"}},{"type":"Feature","geometry":{"type":"MultiPolygon","coordinates":[[[[-74.075951763774,40.642443390235],[-74.075858834319,40.64232544309],[-74.07584452065,40.642331986696],[-74.075774801437,40.642363858794],[-74.075697192045,40.642265354429],[-74.075695188889,40.642262811782],[-74.075795174191,40.642217102225],[-74.075959875514,40.64214180653],[-74.075987512585,40.642129172002],[-74.075992506287,40.642135510155],[-74.075992778585,40.642135856675],[-74.075993330282,40.642136555113],[-74.075993873694,40.642137245452],[-74.075994438416,40.642137962792],[-74.076054462358,40.642214145724],[-74.076062515285,40.642224366689],[-74.076080819094,40.642215997766],[-74.076298134258,40.642491815971],[-74.076296031046,40.64249277822],[-74.076269913395,40.642504717514],[-74.076310102624,40.642555725952],[-74.076340789779,40.642594673734],[-74.076341107069,40.642595076055],[-74.076312679395,40.6426080723],[-74.076263237263,40.642630675703],[-74.076194037835,40.642662310873],[-74.07605296249,40.642726803962],[-74.076048428745,40.642728877253],[-74.075974384465,40.642634899429],[-74.075968380852,40.642627279604],[-74.076032995804,40.642597740406],[-74.076062681916,40.642584168867],[-74.076015611972,40.642524427157],[-74.075951763774,40.642443390235]]]]},"properties":{"name":null,"construction_year":"1906","ground_elevation":"57","height_roof":"88.01","bin":"5000063","geom_source":"Photogrammetric"}},{"type":"Feature","geometry":{"type":"MultiPolygon","coordinates":[[[[-74.08610241986,40.647975982545],[-74.086078811459,40.647949148562],[-74.086088939417,40.647943978309],[-74.086110539895,40.647932954201],[-74.086153569508,40.64791099075],[-74.08631416557,40.647829019515],[-74.086305820504,40.647819534314],[-74.08637345731,40.647785009891],[-74.086374064607,40.647784700557],[-74.08637417709,40.647784828347],[-74.086382410861,40.647794185752],[-74.086427458314,40.647771192291],[-74.086490712794,40.647738906179],[-74.086494725489,40.647743466087],[-74.086498934024,40.647741317887],[-74.086556511295,40.647711929374],[-74.086590460735,40.647694600357],[-74.086594793126,40.647699525632],[-74.086613378956,40.647720648603],[-74.086631852316,40.647741645583],[-74.086650264116,40.647762571465],[-74.086668577655,40.647783387555],[-74.086686897124,40.647804209041],[-74.08670309717,40.647822621435],[-74.086693473782,40.647827532913],[-74.086652299371,40.647848549624],[-74.086497641957,40.647927490223],[-74.086502458628,40.647932964453],[-74.086506916535,40.647938031018],[-74.08643703122,40.647973701768],[-74.086431547939,40.647967469799],[-74.086425694054,40.647960815766],[-74.086321096939,40.648014203208],[-74.086193395083,40.648079384853],[-74.086167200678,40.648049611734],[-74.086134875372,40.648012870487],[-74.08610241986,40.647975982545]]]]},"properties":{"name":null,"construction_year":"1986","ground_elevation":"37","height_roof":"87.05","bin":"5089355","geom_source":"Photogrammetric"}},{"type":"Feature","geometry":{"type":"MultiPolygon","coordinates":[[[[-74.136503221788,40.612971378139],[-74.136499250188,40.61313897277],[-74.136498255938,40.613180935591],[-74.136520420145,40.613181240661],[-74.13655998153,40.61318178531],[-74.136559542054,40.613200323085],[-74.136499535839,40.613199497439],[-74.136497973614,40.613199475881],[-74.136497939879,40.613200892443],[-74.136497761421,40.613208393105],[-74.136489487064,40.613208279559],[-74.136467207039,40.613207971919],[-74.136473311907,40.612950334227],[-74.13642115719,40.612949616287],[-74.136421796803,40.612922599856],[-74.136422533325,40.612891541766],[-74.136337292021,40.612890368665],[-74.136342364917,40.612676286863],[-74.136343137388,40.612643720355],[-74.136433470337,40.612644963952],[-74.136434804044,40.612588686923],[-74.136560297295,40.612590414586],[-74.136559018134,40.612644421335],[-74.136558965896,40.612646612368],[-74.136649011697,40.612647850734],[-74.136643167458,40.612894498159],[-74.136554019421,40.612893271329],[-74.136552697676,40.612948995423],[-74.136552641141,40.612951397183],[-74.136503711305,40.612950723177],[-74.136503221788,40.612971378139]]]]},"properties":{"name":null,"construction_year":"1965","ground_elevation":"93","height_roof":"86.12","bin":"5177549","geom_source":"Photogrammetric"}},{"type":"Feature","geometry":{"type":"MultiPolygon","coordinates":[[[[-74.158536765799,40.581876280344],[-74.158725838559,40.581933615096],[-74.159032344607,40.58163798367],[-74.158958581665,40.581593527748],[-74.158937902816,40.58161347328],[-74.158692010862,40.581465278704],[-74.158817924617,40.581343830043],[-74.159087367919,40.581083943809],[-74.159361469506,40.581249139963],[-74.159115836415,40.58148606198],[-74.159808504715,40.581903515357],[-74.159756975297,40.581953217683],[-74.159812554273,40.581986712877],[-74.159822570513,40.581992749575],[-74.159760453023,40.582052665081],[-74.15970459487,40.582019001852],[-74.159666620562,40.582055629475],[-74.159661781589,40.582052713094],[-74.159370034087,40.581876884423],[-74.159212592892,40.581781998212],[-74.159014171991,40.581973380726],[-74.159070959461,40.582007604932],[-74.158850754232,40.58221999686],[-74.158655966465,40.582407871578],[-74.158530095452,40.582342295264],[-74.15849294061,40.582375187787],[-74.158416528536,40.582325012335],[-74.158517729257,40.582235425359],[-74.158372290806,40.582139924391],[-74.158293538727,40.582175230858],[-74.158142108161,40.582088414417],[-74.158184172013,40.58201671971],[-74.158170151651,40.582005095219],[-74.158391250334,40.581832153582],[-74.158536765799,40.581876280344]]]]},"properties":{"name":null,"construction_year":"2006","ground_elevation":"87","height_roof":"86.0958","bin":"5149609","geom_source":"Photogrammetric"}},{"type":"Feature","geometry":{"type":"MultiPolygon","coordinates":[[[[-74.148088544017,40.637215265221],[-74.147843434467,40.637219542021],[-74.147846249159,40.637294815592],[-74.147666729131,40.637323947571],[-74.147662434894,40.637168656566],[-74.147693891261,40.637167842619],[-74.147692191625,40.637087832676],[-74.147761195319,40.637086585055],[-74.147758917445,40.636974493019],[-74.147828426958,40.636973244707],[-74.147825341305,40.636725481321],[-74.147896375133,40.636724617331],[-74.147896186664,40.636639580539],[-74.148069574509,40.636636598199],[-74.148074618127,40.636761081434],[-74.148078277011,40.636914631643],[-74.148079942619,40.636977502925],[-74.148083836531,40.637085136199],[-74.148088544017,40.637215265221]]]]},"properties":{"name":null,"construction_year":"2022","ground_elevation":null,"height_roof":"86","bin":"5090045","geom_source":"Other (Manual)"}},{"type":"Feature","geometry":{"type":"MultiPolygon","coordinates":[[[[-74.068095567538,40.619353938699],[-74.068080079903,40.619343210961],[-74.068042614416,40.619317260318],[-74.067934270967,40.619242214645],[-74.067671128188,40.619059945017],[-74.067923834183,40.6188481069],[-74.06795987722,40.618817892929],[-74.068136066682,40.618939934399],[-74.068327622583,40.619072616927],[-74.068384316304,40.619111886453],[-74.068731309723,40.619352232974],[-74.068751628383,40.619335200076],[-74.0687928975,40.619363784037],[-74.068772577661,40.619380817843],[-74.068809268841,40.6194062311],[-74.068740152507,40.619464170546],[-74.068593473398,40.619587130646],[-74.06857734047,40.61960065529],[-74.068536423045,40.619634954421],[-74.068522935033,40.619646261298],[-74.068520520345,40.619648285307],[-74.068348479341,40.619529120932],[-74.068095567538,40.619353938699]]]]},"properties":{"name":null,"construction_year":"1929","ground_elevation":"9","height_roof":"86","bin":"5158313","geom_source":"Other (Manual)"}},{"type":"Feature","geometry":{"type":"MultiPolygon","coordinates":[[[[-74.086524865442,40.644358357312],[-74.08651821752,40.644352703454],[-74.08650879776,40.644344694123],[-74.086405206578,40.644256603119],[-74.086381783294,40.644236684132],[-74.086365060055,40.644248083752],[-74.086329793153,40.644218062624],[-74.086285757504,40.644180577363],[-74.086271235586,40.644168216031],[-74.08628983809,40.644155537179],[-74.086241789159,40.644114635642],[-74.086017289774,40.643923530905],[-74.086040246104,40.643907883427],[-74.086087839558,40.643875444442],[-74.086122999837,40.643851478725],[-74.086319403493,40.64401866676],[-74.086334407084,40.644031438361],[-74.086405855595,40.644092258864],[-74.086415570829,40.644085637254],[-74.086425882559,40.644078609061],[-74.086443687602,40.644093764916],[-74.086500566983,40.644142183561],[-74.086521992491,40.644160421858],[-74.086503918019,40.644172741044],[-74.086501965522,40.644174071678],[-74.086620356951,40.644274850564],[-74.086653074672,40.644302701472],[-74.08663558251,40.644314624011],[-74.086607573069,40.644333716295],[-74.086576771286,40.644354709868],[-74.086545578512,40.64437597118],[-74.086524865442,40.644358357312]]]]},"properties":{"name":null,"construction_year":"1963","ground_elevation":"72","height_roof":"85.05","bin":"5108496","geom_source":"Photogrammetric"}},{"type":"Feature","geometry":{"type":"MultiPolygon","coordinates":[[[[-74.200777566423,40.587796720524],[-74.201084021011,40.587977714423],[-74.20110995965,40.587993760522],[-74.200977020644,40.58812276202],[-74.200874173468,40.588302897547],[-74.200981699371,40.588338577461],[-74.201096665689,40.588137216846],[-74.201251331032,40.588188538979],[-74.201389219209,40.588234293542],[-74.201274608472,40.588435034264],[-74.202481156092,40.588835385524],[-74.203596484773,40.589205453422],[-74.203847914854,40.58928887541],[-74.203977832693,40.589061311608],[-74.204314509543,40.589173018019],[-74.204320853145,40.589161905056],[-74.204324506093,40.589155506628],[-74.204410987464,40.589184200256],[-74.204432094336,40.589191203017],[-74.204431900469,40.58919154286],[-74.204427578975,40.589199111363],[-74.204404588586,40.589239382355],[-74.204426293799,40.589246583969],[-74.204429336266,40.589247593448],[-74.204436077464,40.589249830068],[-74.204438698976,40.589250699814],[-74.204438780565,40.589250726685],[-74.204440317761,40.589251236349],[-74.204575165483,40.589295977609],[-74.204636297533,40.58931626026],[-74.204607069396,40.589367456774],[-74.204549303868,40.589468640943],[-74.204502146886,40.589551242763],[-74.204436716753,40.589665853847],[-74.204412384397,40.589708474896],[-74.204360361778,40.5896912152],[-74.204217657106,40.589643867123],[-74.204216443898,40.589643464943],[-74.204214709221,40.589642888988],[-74.204206726405,40.589640241221],[-74.204200647354,40.58963822404],[-74.204176222372,40.589630120387],[-74.203947377969,40.58955419193],[-74.203889774605,40.58965509091],[-74.203619733537,40.589565493771],[-74.203675674629,40.589467507471],[-74.203483313666,40.58940368312],[-74.203145965413,40.589291752134],[-74.203088480912,40.58939243978],[-74.202890183639,40.589326644673],[-74.202947668382,40.589225957126],[-74.20262376397,40.58911848458],[-74.202521873815,40.589296949407],[-74.202318048265,40.58922931878],[-74.202316168176,40.589228695324],[-74.202342556805,40.589182474398],[-74.202360464109,40.589151109067],[-74.20225593484,40.589116425652],[-74.201905636466,40.589000192199],[-74.201861519885,40.589077463682],[-74.201738023475,40.589036485122],[-74.201658505642,40.589010099719],[-74.201705045338,40.588928585284],[-74.201609246681,40.588896797355],[-74.201594111484,40.588891770159],[-74.201565794529,40.588882379625],[-74.201616424555,40.588793702472],[-74.201288615267,40.588684929056],[-74.201205920167,40.588829766777],[-74.201199147193,40.588827519217],[-74.201047448314,40.588777182403],[-74.20067681727,40.588654197121],[-74.200664120714,40.588676434365],[-74.200610172432,40.588643171291],[-74.200451093604,40.588545088989],[-74.200396547901,40.588511457641],[-74.200308636549,40.588457254293],[-74.200193686323,40.588386378828],[-74.200175274522,40.588375026458],[-74.200167653236,40.588370327284],[-74.200166505109,40.58836994656],[-74.200170129356,40.588366465117],[-74.200768691364,40.58779145895],[-74.200777566423,40.587796720524]]]]},"properties":{"name":null,"construction_year":"1997","ground_elevation":"7","height_roof":"85","bin":"5041883","geom_source":"Other (Manual)"}},{"type":"Feature","geometry":{"type":"MultiPolygon","coordinates":[[[[-74.075613428205,40.638487302782],[-74.075611563085,40.638487547149],[-74.075578554721,40.638491864326],[-74.075496359421,40.638502615589],[-74.075417991256,40.638512866297],[-74.075406194189,40.638514409419],[-74.075385718043,40.638517088382],[-74.075249485461,40.637912686085],[-74.075345951874,40.637912500444],[-74.075421102408,40.637912356621],[-74.075496059075,40.637912212876],[-74.075568139658,40.637912074575],[-74.07564478793,40.637911927821],[-74.075723312216,40.637911777079],[-74.075733141342,40.637919957226],[-74.075756238085,40.637939180705],[-74.075673756704,40.638255756719],[-74.075619004864,40.638465898276],[-74.075613428205,40.638487302782]]]]},"properties":{"name":null,"construction_year":"2005","ground_elevation":"24","height_roof":"85","bin":"5149659","geom_source":"Other (Manual)"}},{"type":"Feature","geometry":{"type":"MultiPolygon","coordinates":[[[[-74.200777566423,40.587796720524],[-74.200779447082,40.587789301407],[-74.200800334976,40.58775596616],[-74.20084674721,40.587681893332],[-74.201412137075,40.586779534811],[-74.201537206821,40.586825080232],[-74.202005068711,40.586995457626],[-74.202151166984,40.586762276931],[-74.202811989643,40.58700291713],[-74.202424431195,40.58762148474],[-74.201544084708,40.587300902478],[-74.20153319367,40.587296935854],[-74.201153089094,40.58787303437],[-74.201096132459,40.58795935852],[-74.201084021011,40.587977714423],[-74.200777566423,40.587796720524]]]]},"properties":{"name":null,"construction_year":"1997","ground_elevation":"7","height_roof":"85","bin":"5164932","geom_source":"Other (Manual)"}},{"type":"Feature","geometry":{"type":"MultiPolygon","coordinates":[[[[-74.132581156705,40.638271139064],[-74.132714531079,40.638095834982],[-74.133060625579,40.638245367976],[-74.132994947978,40.638336111004],[-74.132704356145,40.638213912091],[-74.132642067004,40.638297399119],[-74.132581156705,40.638271139064]]]]},"properties":{"name":null,"construction_year":"2024","ground_elevation":"17","height_roof":"84","bin":"5174637","geom_source":"Other (Manual)"}},{"type":"Feature","geometry":{"type":"MultiPolygon","coordinates":[[[[-74.076043464092,40.641331112302],[-74.076138075257,40.641317947147],[-74.076158273088,40.64131513676],[-74.076285983433,40.641297365015],[-74.076318498752,40.641292839945],[-74.076341736641,40.641289606065],[-74.076350038926,40.64128845059],[-74.076353505698,40.641287968312],[-74.076356201813,40.641287593707],[-74.076358795095,40.641287232678],[-74.076359828153,40.641287088809],[-74.076360104923,40.641288244892],[-74.076361178732,40.641292720658],[-74.076362782321,40.641299405946],[-74.076388002691,40.641404571605],[-74.076386379818,40.641404796912],[-74.076384669479,40.641405035785],[-74.076382920134,40.641405279187],[-74.076346163783,40.64141039423],[-74.076202350973,40.641430406398],[-74.076206096215,40.641446018914],[-74.076203216884,40.641446419752],[-74.076149558017,40.64145388638],[-74.076075383304,40.641464207695],[-74.076043464092,40.641331112302]]]]},"properties":{"name":null,"construction_year":"1924","ground_elevation":"57","height_roof":"83.48","bin":"5000028","geom_source":"Photogrammetric"}},{"type":"Feature","geometry":{"type":"MultiPolygon","coordinates":[[[[-74.086524865442,40.644358357312],[-74.086545578512,40.64437597118],[-74.086685974618,40.644495357962],[-74.086799127211,40.644591578583],[-74.086809502161,40.644600400337],[-74.086811195983,40.644599244593],[-74.086828714158,40.644587292291],[-74.086922762284,40.644667266546],[-74.086903892826,40.644680141115],[-74.087057825314,40.644811038445],[-74.087053964014,40.644813673584],[-74.087032080148,40.644828604538],[-74.087007705147,40.644845235752],[-74.086983804972,40.644861543314],[-74.086964546859,40.644874682038],[-74.086952229413,40.644883086888],[-74.086939371309,40.644872153506],[-74.086866993654,40.644810606422],[-74.086789155249,40.644744416736],[-74.086787454337,40.644745577888],[-74.086774566377,40.644754371272],[-74.086769588843,40.644757767282],[-74.086696497794,40.644695614579],[-74.086672288395,40.644675027159],[-74.086685276754,40.644666165271],[-74.086691855979,40.644661676628],[-74.086642511694,40.644619715426],[-74.086636789267,40.644614849732],[-74.086626429723,40.644606040558],[-74.086556641049,40.644546694896],[-74.086460309306,40.644464777837],[-74.086419613407,40.644430170876],[-74.08652292121,40.644359683438],[-74.086524865442,40.644358357312]]]]},"properties":{"name":null,"construction_year":"1963","ground_elevation":"59","height_roof":"83.16","bin":"5113003","geom_source":"Photogrammetric"}},{"type":"Feature","geometry":{"type":"MultiPolygon","coordinates":[[[[-74.122239343933,40.608743050473],[-74.122226593173,40.608743637666],[-74.122223484643,40.608743780553],[-74.122222613784,40.608732798706],[-74.122210973148,40.608585904338],[-74.122282016645,40.608582633722],[-74.122355606263,40.608579245985],[-74.122354365248,40.608563589019],[-74.122370867231,40.608562830321],[-74.12237210825,40.608578487286],[-74.122407020338,40.608576879599],[-74.122401416346,40.60850616843],[-74.122394274978,40.608416049935],[-74.122265168251,40.608421993016],[-74.122203074753,40.608424851573],[-74.122200741555,40.608395405165],[-74.122195679682,40.608331540082],[-74.122191391904,40.608277435841],[-74.122482830722,40.608264020329],[-74.122482573075,40.608260767916],[-74.1224822368,40.608256520509],[-74.12272152087,40.60824550582],[-74.122736093392,40.608244834679],[-74.122743646484,40.608340141526],[-74.122745959346,40.608369323192],[-74.122739816759,40.608369606213],[-74.12274512715,40.608436608427],[-74.122752437146,40.608528852854],[-74.122754843153,40.608559205099],[-74.122733476952,40.608560188775],[-74.122734258401,40.608570054065],[-74.122734512437,40.608573263257],[-74.122743384584,40.608685150464],[-74.12274430582,40.6086968153],[-74.12274612152,40.608719722655],[-74.122746454701,40.608719706089],[-74.122755022943,40.608719312416],[-74.122784338329,40.608717962737],[-74.122784525818,40.608720322807],[-74.12278655203,40.608745893681],[-74.122770122081,40.608746650561],[-74.122709665861,40.608749432899],[-74.122707452194,40.608721502854],[-74.122704767823,40.60872162549],[-74.1225816661,40.608727292358],[-74.122475551976,40.608732177351],[-74.122351351419,40.608737894672],[-74.122239343933,40.608743050473]]]]},"properties":{"name":null,"construction_year":"1972","ground_elevation":"230","height_roof":"82.73","bin":"5018077","geom_source":"Photogrammetric"}},{"type":"Feature","geometry":{"type":"MultiPolygon","coordinates":[[[[-74.059968773423,40.611193515673],[-74.059924809253,40.611136969633],[-74.059911966461,40.611142768483],[-74.059877057099,40.611097865052],[-74.05987653421,40.611097192635],[-74.059889087611,40.611091524515],[-74.05990003581,40.611086580349],[-74.059915525577,40.611079586028],[-74.059935111612,40.6110707426],[-74.059958962818,40.611059973429],[-74.059959227398,40.611059853521],[-74.059959320855,40.611059973242],[-74.059969240376,40.611072732061],[-74.060040112426,40.611040731044],[-74.060073873538,40.611025485582],[-74.060106518441,40.611010745886],[-74.060200875333,40.610968139651],[-74.060196182327,40.610962104111],[-74.06019472604,40.610960229987],[-74.060341835605,40.610893803312],[-74.060345112552,40.610898017834],[-74.060348626102,40.610902535708],[-74.060447954165,40.610857684359],[-74.060577635352,40.6107991263],[-74.060576590748,40.610797783272],[-74.060571525069,40.610791267065],[-74.060568739065,40.610787683556],[-74.060654111513,40.610749133129],[-74.060657265439,40.610753190115],[-74.06066345854,40.610761155563],[-74.060669575928,40.610769022894],[-74.060678670976,40.610780720372],[-74.060690848977,40.61079638302],[-74.060678941789,40.610801760018],[-74.060705816455,40.61083632496],[-74.060720970956,40.610855817752],[-74.060731759599,40.610850946533],[-74.060757437094,40.610883972203],[-74.060767701002,40.610897174729],[-74.060712166733,40.610922252087],[-74.060681189797,40.610936239139],[-74.060673017482,40.61092572626],[-74.060602959675,40.610957361626],[-74.060453872972,40.611024682092],[-74.060445793855,40.611028329852],[-74.060453248054,40.611037917388],[-74.060304452766,40.611105105129],[-74.060296195314,40.611094485106],[-74.060068131907,40.611197465708],[-74.060077762814,40.611209852753],[-74.059993363905,40.611247962788],[-74.059955643601,40.611199444353],[-74.059968773423,40.611193515673]]]]},"properties":{"name":null,"construction_year":"1964","ground_elevation":"20","height_roof":"82.71","bin":"5122638","geom_source":"Photogrammetric"}},{"type":"Feature","geometry":{"type":"MultiPolygon","coordinates":[[[[-74.129928833386,40.579742245315],[-74.130060406486,40.579686402559],[-74.130065263078,40.579693054644],[-74.130088168772,40.579724428221],[-74.130158503413,40.579694576295],[-74.130273094457,40.579645940526],[-74.130315716448,40.579627850165],[-74.130319125783,40.579626403657],[-74.130340391335,40.579617377883],[-74.130343024155,40.579616260045],[-74.130351125598,40.579612821654],[-74.130353651909,40.579607964957],[-74.130384421793,40.579548800655],[-74.130365970868,40.579536687017],[-74.130359367104,40.579516553364],[-74.130302054347,40.579457492599],[-74.130197165219,40.579456524581],[-74.130167821869,40.579456253454],[-74.130170754621,40.579271490275],[-74.130193867582,40.579271703624],[-74.130193636125,40.579286262677],[-74.130222777431,40.579286531325],[-74.130402139442,40.579288186562],[-74.130486556284,40.579288966023],[-74.130492822471,40.579274744116],[-74.130502770535,40.579263172773],[-74.130507919706,40.579256956902],[-74.130513563604,40.579251876031],[-74.13051982633,40.57924676654],[-74.130526613064,40.57924206169],[-74.130533878989,40.579237793951],[-74.130541576912,40.57923398949],[-74.130549653738,40.579230675385],[-74.130566732846,40.579225600427],[-74.130584664223,40.579222702869],[-74.130602974408,40.579222058891],[-74.130621180373,40.579223685254],[-74.130638542461,40.579227426106],[-74.130652019722,40.579209902768],[-74.130777141164,40.579047224608],[-74.130852214678,40.579080791753],[-74.130932763816,40.579116808341],[-74.13093692249,40.579118667688],[-74.13088948612,40.579180343784],[-74.130823982642,40.579265507222],[-74.130814056147,40.579278414046],[-74.130807973232,40.579294515159],[-74.130804621194,40.579307714372],[-74.130802342256,40.579317039203],[-74.130800591754,40.579324203974],[-74.130801081096,40.579340678526],[-74.130804445485,40.57935609709],[-74.130804627826,40.57935693257],[-74.130811160441,40.579372639297],[-74.130820546042,40.579387482773],[-74.130822901502,40.579390693165],[-74.130851804137,40.579430074437],[-74.13087086218,40.579456042787],[-74.130934863582,40.579543247865],[-74.130958774741,40.579575828628],[-74.130966663026,40.57958657731],[-74.130960036776,40.579589404408],[-74.130956881194,40.579590750688],[-74.130961087649,40.579596483139],[-74.130972522765,40.579612064499],[-74.130966140792,40.579614786857],[-74.130943828672,40.579624307428],[-74.1309131343,40.579637402725],[-74.130882419639,40.579595552493],[-74.130772191271,40.579642580971],[-74.130763444367,40.579646312797],[-74.130760579679,40.57964241048],[-74.130707050309,40.579665248377],[-74.130672491709,40.579618158704],[-74.13058483303,40.579498716356],[-74.1305811786,40.579576562808],[-74.130580571966,40.579589475228],[-74.130539460922,40.579588353066],[-74.130539744398,40.579582318325],[-74.130539867981,40.579579680546],[-74.130542884073,40.579515424646],[-74.130536677146,40.579515255196],[-74.130533101143,40.579519044166],[-74.130528844465,40.579522643899],[-74.13052399634,40.579525780534],[-74.130518648772,40.579528392729],[-74.1305175287,40.579528790232],[-74.13051290088,40.579530433545],[-74.130506862427,40.579531862334],[-74.130500645567,40.579532654654],[-74.130504722134,40.579535402929],[-74.130508227887,40.579538575999],[-74.130511085925,40.579542107314],[-74.130513234683,40.579545920398],[-74.130513841633,40.579547668529],[-74.130514627935,40.579549932456],[-74.130515044492,40.579558206909],[-74.130512301143,40.579566222899],[-74.130505808923,40.579575393118],[-74.130500488402,40.579580365558],[-74.130497304476,40.579581717261],[-74.13049167065,40.579584109151],[-74.130477790237,40.579590000843],[-74.130457559665,40.579598586912],[-74.130434351678,40.579608437092],[-74.130408973466,40.579619208267],[-74.130315544286,40.579658862647],[-74.130302454515,40.579664418425],[-74.130289970137,40.579669716866],[-74.130276031863,40.579675632913],[-74.130264851503,40.579680377851],[-74.130246288372,40.579688255979],[-74.130114072263,40.579744372536],[-74.130105412599,40.57974804748],[-74.13011265309,40.579757963968],[-74.130154369452,40.579815102765],[-74.130146804925,40.579818312702],[-74.130132444128,40.579824408415],[-74.130112094249,40.579833044987],[-74.13008816508,40.579843201192],[-74.130009915218,40.579876411985],[-74.129729450894,40.579995447059],[-74.129722245084,40.579998505274],[-74.129727011664,40.580005035003],[-74.129845609167,40.58016747643],[-74.129708203949,40.58022579386],[-74.129676064454,40.580239434375],[-74.129619056097,40.580161349336],[-74.129553074882,40.580070973213],[-74.12948094529,40.579972175967],[-74.129458740864,40.57994176234],[-74.129651556978,40.579859927609],[-74.129705526099,40.579837022169],[-74.1297937327,40.579799584976],[-74.129928833386,40.579742245315]]]]},"properties":{"name":null,"construction_year":"1973","ground_elevation":"168","height_roof":"82.31205714","bin":"5037085","geom_source":"Photogrammetric"}},{"type":"Feature","geometry":{"type":"MultiPolygon","coordinates":[[[[-74.080375590813,40.621930390046],[-74.080343890108,40.621872146707],[-74.080458168781,40.62183603244],[-74.080482931017,40.621881526529],[-74.080485058687,40.621880854151],[-74.080499332151,40.621876344254],[-74.080607769534,40.622075569738],[-74.080706387114,40.622256751971],[-74.080927358581,40.622662723395],[-74.0809417868,40.622689230872],[-74.080925386684,40.622694414109],[-74.080944292271,40.622729149193],[-74.080830012331,40.62276526304],[-74.08050095861,40.622160720386],[-74.080375590813,40.621930390046]]]]},"properties":{"name":null,"construction_year":"1962","ground_elevation":"32","height_roof":"82.23","bin":"5108863","geom_source":"Photogrammetric"}},{"type":"Feature","geometry":{"type":"MultiPolygon","coordinates":[[[[-74.122466631893,40.608059631567],[-74.122462797495,40.608011244269],[-74.122454917046,40.607911802549],[-74.122694201067,40.607900787916],[-74.122716711297,40.608184814832],[-74.122719004791,40.608213754279],[-74.12272152087,40.60824550582],[-74.1224822368,40.608256520509],[-74.122466631893,40.608059631567]]]]},"properties":{"name":null,"construction_year":"1972","ground_elevation":"234","height_roof":"82.01","bin":"5154742","geom_source":"Photogrammetric"}},{"type":"Feature","geometry":{"type":"MultiPolygon","coordinates":[[[[-74.063569380606,40.611900221865],[-74.064100421896,40.611639795953],[-74.064164361748,40.611715518461],[-74.064223884415,40.611786008669],[-74.064115895492,40.6118389674],[-74.063922388777,40.611933864086],[-74.063894185242,40.61194769557],[-74.063874589572,40.611957305121],[-74.063716178725,40.612034990091],[-74.063626176076,40.612079127685],[-74.06362467604,40.612077351786],[-74.063565101694,40.612006799163],[-74.063517703985,40.611950667037],[-74.063513533947,40.61194572908],[-74.063511558354,40.611943388815],[-74.063502714326,40.611932915232],[-74.063569380606,40.611900221865]]]]},"properties":{"name":null,"construction_year":"1987","ground_elevation":"35","height_roof":"81","bin":"5042253","geom_source":"Other (Manual)"}},{"type":"Feature","geometry":{"type":"MultiPolygon","coordinates":[[[[-74.082290100213,40.623114578355],[-74.082203879814,40.622955791783],[-74.082261282505,40.622937695281],[-74.082234235919,40.622887884316],[-74.082359587409,40.622848367079],[-74.082370356961,40.622844971604],[-74.082428911339,40.622952807518],[-74.082450699891,40.622992935307],[-74.082538135089,40.623153955013],[-74.082403927385,40.623196264102],[-74.082349418058,40.62309587799],[-74.082290100213,40.623114578355]]]]},"properties":{"name":null,"construction_year":"1962","ground_elevation":"33","height_roof":"80","bin":"5108860","geom_source":"Other (Manual)"}},{"type":"Feature","geometry":{"type":"MultiPolygon","coordinates":[[[[-74.23172333097,40.527214978531],[-74.231827680783,40.527149261399],[-74.23195414129,40.527158534468],[-74.232040265018,40.527238158296],[-74.232032799682,40.527335836005],[-74.231930011128,40.527401550168],[-74.231809801457,40.527394646356],[-74.231712740714,40.527311472024],[-74.23172333097,40.527214978531]]]]},"properties":{"name":null,"construction_year":"2006","ground_elevation":"89","height_roof":"80","bin":"5150130","geom_source":"Other (Manual)"}},{"type":"Feature","geometry":{"type":"MultiPolygon","coordinates":[[[[-74.082290100213,40.623114578355],[-74.082344609466,40.623214964495],[-74.082370335493,40.623262342271],[-74.082377886999,40.623276249905],[-74.082476710716,40.623458244525],[-74.082489421011,40.623481651645],[-74.082474596793,40.623486325177],[-74.082494293614,40.623522598427],[-74.082379431795,40.623558808783],[-74.082277552057,40.623371184412],[-74.082228421794,40.623280703725],[-74.082220144196,40.623265460228],[-74.082214925093,40.6232558482],[-74.082209621795,40.623257519757],[-74.08213129033,40.623282213993],[-74.082043857126,40.623121193078],[-74.082000801652,40.623041899628],[-74.081963523239,40.622973247098],[-74.082047157681,40.622946881426],[-74.082019709698,40.62289633317],[-74.081890067925,40.622657575967],[-74.082004927278,40.622621366998],[-74.082022601602,40.622653917221],[-74.082037425667,40.622649244647],[-74.082149933641,40.622856444373],[-74.082176838004,40.622905991607],[-74.082203879814,40.622955791783],[-74.082290100213,40.623114578355]]]]},"properties":{"name":null,"construction_year":"1962","ground_elevation":"33","height_roof":"80","bin":"5157567","geom_source":"Other (Manual)"}},{"type":"Feature","geometry":{"type":"MultiPolygon","coordinates":[[[[-74.081488591204,40.621321799017],[-74.081425079315,40.621204950104],[-74.081521296801,40.621174585687],[-74.081540972431,40.621168376148],[-74.081565198665,40.621212947354],[-74.081580225631,40.621208205354],[-74.081598669246,40.621242137399],[-74.081626845811,40.621293976593],[-74.081758641838,40.621536453545],[-74.081853137625,40.621710304796],[-74.081893843089,40.621785193738],[-74.08202154027,40.622020125131],[-74.082015426644,40.622022054806],[-74.082006513153,40.622024868089],[-74.082026059995,40.62206082995],[-74.081910165596,40.622097404392],[-74.081852483558,40.621991283076],[-74.0815988705,40.621524691896],[-74.081488591204,40.621321799017]]]]},"properties":{"name":null,"construction_year":"1962","ground_elevation":"42","height_roof":"79","bin":"5108862","geom_source":"Photogrammetric"}},{"type":"Feature","geometry":{"type":"MultiPolygon","coordinates":[[[[-74.080397358712,40.621512183748],[-74.081022165968,40.621315996154],[-74.081028571644,40.621327839793],[-74.081075861977,40.62131299018],[-74.081125330798,40.62140446171],[-74.080090889225,40.621729270112],[-74.079949940462,40.621773526165],[-74.079914665079,40.621708298952],[-74.079900471797,40.621682055033],[-74.079939761115,40.621669718499],[-74.079957693352,40.621664088579],[-74.079951371928,40.621652397911],[-74.079951289016,40.621652244881],[-74.079951566641,40.621652157337],[-74.080166063286,40.621584808389],[-74.080241652799,40.621561073754],[-74.080397358712,40.621512183748]]]]},"properties":{"name":null,"construction_year":"1962","ground_elevation":"40","height_roof":"78.93","bin":"5113114","geom_source":"Photogrammetric"}},{"type":"Feature","geometry":{"type":"MultiPolygon","coordinates":[[[[-74.079406828821,40.644899108562],[-74.079363844878,40.644789739634],[-74.07933858441,40.644725469042],[-74.079385003004,40.64471488383],[-74.079492097598,40.644690462529],[-74.079601291193,40.644665562401],[-74.0796417434,40.644656337396],[-74.079658291383,40.644652564468],[-74.079671227434,40.644649614413],[-74.079684670525,40.644646548739],[-74.079698504827,40.64464339364],[-74.079712353312,40.644640235828],[-74.079732495486,40.644635642728],[-74.079746059127,40.644632549947],[-74.07976189204,40.644628939593],[-74.079844978166,40.644609992656],[-74.079945378073,40.644587097457],[-74.07996156081,40.644583406687],[-74.079968387753,40.644600775646],[-74.079986519432,40.644646907411],[-74.080000252076,40.64464377576],[-74.080015872147,40.644683516486],[-74.080039951265,40.644678025476],[-74.080065664205,40.644743447363],[-74.080067592411,40.644748352947],[-74.080008343035,40.644761864141],[-74.079939424386,40.644777580193],[-74.079870142857,40.644793379304],[-74.079829169373,40.644802722718],[-74.079795281468,40.644810451075],[-74.079793194376,40.644805140364],[-74.079779979368,40.644808153663],[-74.079744253574,40.64481630112],[-74.079704086126,40.644825461126],[-74.079686279361,40.644829521297],[-74.079688393719,40.644834901331],[-74.079655272845,40.644842454414],[-74.079588194277,40.64485775114],[-74.079513424933,40.644874801051],[-74.079437831752,40.644892038791],[-74.079406828821,40.644899108562]]]]},"properties":{"name":null,"construction_year":"1965","ground_elevation":"102","height_roof":"78.85","bin":"5000096","geom_source":"Photogrammetric"}},{"type":"Feature","geometry":{"type":"MultiPolygon","coordinates":[[[[-74.08219971691,40.622216541039],[-74.082343926624,40.62217102817],[-74.082350249627,40.622182660171],[-74.082387787906,40.622170812137],[-74.082398524266,40.622167423887],[-74.082446374522,40.62225545061],[-74.082428754256,40.622261012255],[-74.082276355074,40.622309109283],[-74.082166956802,40.62234363515],[-74.081475755156,40.62256177578],[-74.081265505395,40.622628128186],[-74.081217656431,40.622540101875],[-74.081258371872,40.622527252388],[-74.081252049027,40.622515620328],[-74.081409291928,40.622465995748],[-74.081675337879,40.622382033388],[-74.08180883552,40.622339902153],[-74.08219971691,40.622216541039]]]]},"properties":{"name":null,"construction_year":"1962","ground_elevation":"35","height_roof":"78.83","bin":"5108861","geom_source":"Photogrammetric"}},{"type":"Feature","geometry":{"type":"MultiPolygon","coordinates":[[[[-74.088036555729,40.646925381835],[-74.088017527544,40.646942829537],[-74.087793009789,40.647148689474],[-74.087766980178,40.647172555071],[-74.087785178807,40.647184069618],[-74.087693990599,40.647267679383],[-74.087675790779,40.647256163922],[-74.087639120351,40.647289786614],[-74.087529529233,40.647390269776],[-74.087495932747,40.647369011589],[-74.087433178264,40.64732930323],[-74.08742275962,40.647322711251],[-74.087436438755,40.647310169237],[-74.08751059932,40.647242173216],[-74.087579739899,40.647178779017],[-74.087558817434,40.647165540218],[-74.087586001997,40.64714061568],[-74.087648511888,40.647083300485],[-74.087669435527,40.647096539267],[-74.087724316985,40.64704621967],[-74.08792978753,40.646857824677],[-74.088036555729,40.646925381835]]]]},"properties":{"name":null,"construction_year":"1963","ground_elevation":"31","height_roof":"78.67","bin":"5113004","geom_source":"Photogrammetric"}},{"type":"Feature","geometry":{"type":"MultiPolygon","coordinates":[[[[-74.080933921761,40.622959329598],[-74.081048249429,40.6229233615],[-74.081065861851,40.622955864184],[-74.081082184077,40.62295072961],[-74.08123538652,40.623233454301],[-74.08153294325,40.623782563974],[-74.081516620855,40.623787698611],[-74.081536884727,40.623825091869],[-74.081422555778,40.62386106045],[-74.081189830599,40.623431591133],[-74.081129606186,40.623320451763],[-74.081064245935,40.623199835299],[-74.080933921761,40.622959329598]]]]},"properties":{"name":null,"construction_year":"1962","ground_elevation":"29","height_roof":"78.62","bin":"5108859","geom_source":"Photogrammetric"}},{"type":"Feature","geometry":{"type":"MultiPolygon","coordinates":[[[[-74.17617410498,40.615307448859],[-74.176147282459,40.615276146366],[-74.176144420555,40.615277571776],[-74.175968815035,40.615072745746],[-74.175954029922,40.61508010584],[-74.175876640334,40.614989838792],[-74.175897033573,40.61497968571],[-74.175818812057,40.61488844643],[-74.175681016356,40.614727720159],[-74.175824188684,40.614656439185],[-74.175881485382,40.614627913015],[-74.176091627214,40.614873024307],[-74.176102233315,40.614867743602],[-74.175892092643,40.614622632327],[-74.175889062889,40.614619097908],[-74.175876541662,40.614623183828],[-74.175860879544,40.61462864785],[-74.175850469152,40.614630608907],[-74.175839896617,40.614632027195],[-74.175829211555,40.614632896335],[-74.175818463584,40.614633210848],[-74.1758077047,40.614632971555],[-74.175796984533,40.61463217748],[-74.175786353908,40.614630833048],[-74.175775861292,40.614628944488],[-74.175765557522,40.614626520727],[-74.1757554899,40.614623574301],[-74.175745706906,40.614620116842],[-74.175736253493,40.614616166293],[-74.175727174612,40.614611740595],[-74.17571851286,40.614606860394],[-74.175710308477,40.614601549045],[-74.175702600524,40.6145958317],[-74.175721077313,40.614580432429],[-74.175779661767,40.614531605653],[-74.175803494068,40.614511743292],[-74.175832840146,40.614512951934],[-74.175864037683,40.614534689658],[-74.175929742945,40.614580471658],[-74.175957954797,40.614600128316],[-74.175941401374,40.614604129463],[-74.175928170689,40.614607599617],[-74.176142761279,40.614857900025],[-74.176158373945,40.614852492773],[-74.176172777987,40.61484853001],[-74.176187474534,40.614845251194],[-74.176202409259,40.614842669015],[-74.176217524285,40.614840792568],[-74.176232761729,40.614839630046],[-74.176245633557,40.614854643641],[-74.176238815778,40.614858037359],[-74.17626004085,40.614882793509],[-74.176293052255,40.61486635787],[-74.176260493938,40.614828381418],[-74.17627094542,40.614823178379],[-74.176240308604,40.614787443077],[-74.176150439535,40.614832186434],[-74.176036779309,40.614699612668],[-74.176161691831,40.614637422099],[-74.17612284066,40.614592106083],[-74.176181206393,40.614563046816],[-74.176262622559,40.61465801092],[-74.176365202405,40.614777662751],[-74.176390798816,40.614764919798],[-74.176371315022,40.614742192579],[-74.176365959476,40.61474485914],[-74.176306773263,40.614675823093],[-74.176312924229,40.614672759985],[-74.176289014366,40.61464487144],[-74.176292002518,40.614643383696],[-74.176303899655,40.614637459819],[-74.176309962109,40.614634441873],[-74.176293178632,40.614614866833],[-74.176443675267,40.61453993844],[-74.176446080415,40.614538740655],[-74.176453236427,40.614547086523],[-74.176463773091,40.614559376895],[-74.176466854465,40.614557842176],[-74.176481183865,40.614550707846],[-74.176530174843,40.614607850947],[-74.176656962646,40.614755734555],[-74.176687461343,40.614740548988],[-74.176692322393,40.614738129015],[-74.176713871205,40.614763263704],[-74.176728970436,40.614780875431],[-74.176732376359,40.614779179913],[-74.176755825999,40.614767504598],[-74.176703395962,40.614706351448],[-74.176668121205,40.614723914537],[-74.176666428864,40.614724756425],[-74.176658927863,40.614716007666],[-74.176608202508,40.614656842009],[-74.176645741959,40.614638152506],[-74.176585612004,40.614568016712],[-74.17666760293,40.614527195192],[-74.176697490206,40.614512314938],[-74.176757620226,40.614582449774],[-74.176830785916,40.614546021852],[-74.176854883254,40.614574127022],[-74.176861161642,40.614571000652],[-74.17690062851,40.614617034089],[-74.176894348937,40.614620160463],[-74.176915996171,40.61464540933],[-74.176844787106,40.614680862631],[-74.176865132801,40.614704592527],[-74.176852319903,40.614710971734],[-74.176880010177,40.614743269608],[-74.176901893718,40.614732373824],[-74.176924178721,40.61475836644],[-74.17706259851,40.614689449706],[-74.177103495147,40.61473714954],[-74.17696507412,40.614806066325],[-74.176984578283,40.614828815924],[-74.177007161667,40.614817572341],[-74.177028973775,40.614843013645],[-74.177032629376,40.614846793813],[-74.177036942081,40.614850156027],[-74.177041828999,40.614853035577],[-74.177047195449,40.614855377677],[-74.177052939681,40.614857136556],[-74.177058949342,40.614858278167],[-74.17710517941,40.614835260722],[-74.177184215793,40.614927447025],[-74.177099408847,40.614969671762],[-74.177110838287,40.614983002604],[-74.177093158406,40.614991805439],[-74.177094585565,40.614996573311],[-74.177095272059,40.615001442281],[-74.17709520944,40.615006346626],[-74.177094398715,40.615011219704],[-74.177092849161,40.615015995763],[-74.177090583059,40.615020609932],[-74.177087629783,40.615024998227],[-74.177084031715,40.61502910115],[-74.177079837163,40.615032864593],[-74.177075102707,40.61503623534],[-74.177069892043,40.615039169166],[-74.177064277147,40.615041625436],[-74.177058334743,40.615043570714],[-74.177052143932,40.615044977861],[-74.177045789754,40.615045829637],[-74.177039358439,40.615046113302],[-74.177032938604,40.615045824216],[-74.177026615347,40.615044967651],[-74.177020477326,40.615043555178],[-74.177014604945,40.615041604683],[-74.177009081,40.615039143956],[-74.177003978843,40.615036206202],[-74.177010685445,40.615045261439],[-74.176999050291,40.615051054409],[-74.17699874699,40.615051205264],[-74.176978179235,40.615061446161],[-74.177022638114,40.615113301854],[-74.177028447668,40.615120077446],[-74.177061220611,40.615103760823],[-74.177092622582,40.615140387145],[-74.177105891768,40.615155864701],[-74.17707311881,40.615172181337],[-74.177090458606,40.615192406484],[-74.176977261353,40.615248764446],[-74.17676889799,40.61535250381],[-74.176628979588,40.615189304604],[-74.176606936529,40.615200278926],[-74.176458483816,40.615274190399],[-74.176293182706,40.615356488876],[-74.176283472289,40.615361323366],[-74.176210058751,40.615397873786],[-74.176173065763,40.615354726102],[-74.176178744735,40.615351899662],[-74.176150647966,40.615319126768],[-74.17617410498,40.615307448859]]]]},"properties":{"name":null,"construction_year":"2001","ground_elevation":"13","height_roof":"78.42088443","bin":"5141912","geom_source":"Photogrammetric"}},{"type":"Feature","geometry":{"type":"MultiPolygon","coordinates":[[[[-74.094130206191,40.611040763878],[-74.094142531979,40.611003961156],[-74.09417634326,40.611010537886],[-74.094356269127,40.611045535894],[-74.094352015446,40.611058236746],[-74.094320815854,40.611151396137],[-74.094315380773,40.6111676235],[-74.094334742364,40.611182934495],[-74.0943338375,40.611185637704],[-74.094332460781,40.611189745214],[-74.094331897156,40.611191430553],[-74.094331392358,40.611192935739],[-74.094330902862,40.611194399489],[-74.094330409831,40.611195869546],[-74.094329909744,40.611197363922],[-74.094329420248,40.611198827672],[-74.094328924862,40.611200304034],[-74.0943269704,40.611206141021],[-74.094319660865,40.611227965766],[-74.094310695736,40.611254734834],[-74.094301868269,40.611281091349],[-74.094298387645,40.611291485328],[-74.094272655654,40.611296165736],[-74.09427206143,40.611297941152],[-74.09426313157,40.611324602125],[-74.094254092277,40.611351594579],[-74.094248950157,40.611366947291],[-74.094245305961,40.611377829485],[-74.094240365052,40.611392582285],[-74.094235292354,40.611407729621],[-74.094232014099,40.61141751648],[-74.094230084336,40.611423282303],[-74.094228128678,40.611429120189],[-74.09422616361,40.6114349887],[-74.09422416677,40.611440951792],[-74.094222152276,40.611446965328],[-74.094219881267,40.611453747219],[-74.094216746562,40.61146310351],[-74.094213624804,40.61147242467],[-74.094210680726,40.611481216178],[-74.094208152485,40.611480723863],[-74.094162408945,40.611471826368],[-74.094112013174,40.611462024037],[-74.09400014069,40.611440263518],[-74.094001979873,40.611434772432],[-74.094007722169,40.6114176263],[-74.094014169307,40.611398376873],[-74.094017359338,40.611388852145],[-74.094018127724,40.611386558787],[-74.094018903165,40.61138424111],[-74.094019675084,40.611381939645],[-74.094020459939,40.611379594044],[-74.094021250679,40.611377232229],[-74.094022032007,40.611374899238],[-74.094022820394,40.611372544628],[-74.094038281022,40.611326382031],[-74.094039774254,40.611321925928],[-74.094041026259,40.611318187737],[-74.094043252568,40.611311540064],[-74.094057396446,40.611269308419],[-74.094062791589,40.611253199069],[-74.094043415734,40.611241153333],[-74.094045579674,40.611234691218],[-74.094046346878,40.611232399662],[-74.094047095256,40.611230165755],[-74.094047836577,40.611227954367],[-74.094048573187,40.61122575469],[-74.094049301559,40.611223578433],[-74.094050035817,40.611221386862],[-74.094050761836,40.611219217811],[-74.094079928512,40.611132128777],[-74.094097831029,40.611129223446],[-74.094100738386,40.611128751894],[-74.094105621648,40.611114171147],[-74.094106973665,40.611110134801],[-74.094109106999,40.611103762762],[-74.094111836918,40.611095611703],[-74.094114953969,40.611086306759],[-74.094118232222,40.611076518102],[-74.094121501063,40.61106675917],[-74.094124886392,40.611056650741],[-74.094127908124,40.611047627737],[-74.094130206191,40.611040763878]]]]},"properties":{"name":null,"construction_year":"1987","ground_elevation":"189","height_roof":"78","bin":"5089818","geom_source":"Other (Manual)"}},{"type":"Feature","geometry":{"type":"MultiPolygon","coordinates":[[[[-74.142140659829,40.628575775311],[-74.142109966746,40.628564050648],[-74.142085143327,40.628601773536],[-74.14203257106,40.628581691138],[-74.142131755109,40.628430974437],[-74.142177313799,40.628448378308],[-74.142414344987,40.628538924099],[-74.142418481406,40.628532638741],[-74.142432836091,40.628538122242],[-74.142511390033,40.628568130216],[-74.142430206175,40.628691497735],[-74.142421079957,40.628688011417],[-74.14233927526,40.628656762886],[-74.14234196494,40.628652673892],[-74.14215890156,40.628582744402],[-74.142140659829,40.628575775311]]]]},"properties":{"name":null,"construction_year":"1955","ground_elevation":"31","height_roof":"77.61","bin":"5107097","geom_source":"Photogrammetric"}},{"type":"Feature","geometry":{"type":"MultiPolygon","coordinates":[[[[-74.08509784869,40.648137317005],[-74.085101912688,40.648057949517],[-74.0851405717,40.648059097881],[-74.085142406991,40.648023253191],[-74.085145879199,40.647955472208],[-74.085136894601,40.647955205102],[-74.085137469069,40.64794398692],[-74.085140550207,40.647883828213],[-74.085149534794,40.647884094418],[-74.085152247925,40.647831110413],[-74.085158956506,40.647831309863],[-74.085161340876,40.647784751299],[-74.085055415359,40.647781604033],[-74.085048292965,40.647781392275],[-74.085048238737,40.64778244322],[-74.085047570823,40.647795491325],[-74.084963726611,40.647793000329],[-74.084823862126,40.647788845024],[-74.084825686062,40.647753240786],[-74.084829208178,40.647684486313],[-74.084829970732,40.647669590277],[-74.084850733703,40.647670207123],[-74.084852840246,40.64762906989],[-74.084853843921,40.647609479273],[-74.084927291642,40.647611661044],[-74.084926146097,40.647634025363],[-74.085390414328,40.647647818815],[-74.085414154415,40.647648524302],[-74.08559586855,40.647653922882],[-74.08559717766,40.647628366097],[-74.085669187708,40.647630505239],[-74.085668709053,40.647639846673],[-74.085667406902,40.647665277381],[-74.085665995178,40.647692846001],[-74.085665982494,40.647693096355],[-74.085687388671,40.647693732383],[-74.08568660552,40.647709012061],[-74.085685233033,40.647735827819],[-74.085681373866,40.647811186971],[-74.085531018422,40.647806720657],[-74.085514951645,40.647806243624],[-74.085507455627,40.647806020466],[-74.085507397959,40.647807148858],[-74.085499160191,40.64796802448],[-74.085490622488,40.648134755491],[-74.085489894665,40.64814896441],[-74.085471762252,40.64814842587],[-74.085396163241,40.648146180306],[-74.08509784869,40.648137317005]]]]},"properties":{"name":null,"construction_year":"1960","ground_elevation":"35","height_roof":"77.32","bin":"5000009","geom_source":"Photogrammetric"}},{"type":"Feature","geometry":{"type":"MultiPolygon","coordinates":[[[[-74.115036119761,40.635173302709],[-74.115036347855,40.635267903902],[-74.115003531299,40.635267950238],[-74.114917606816,40.635268070366],[-74.11490906213,40.635253259049],[-74.114903399834,40.635259332411],[-74.114897228385,40.635264219396],[-74.114890874157,40.635267989918],[-74.114883037899,40.635271240521],[-74.114879423547,40.635272170767],[-74.114871342947,40.635274250036],[-74.114862792204,40.635275142888],[-74.114853759907,40.635275086173],[-74.114845125395,40.635274010572],[-74.114836344597,40.635271729319],[-74.114829240352,40.635268980823],[-74.114821158024,40.635264560138],[-74.114815850729,40.635260554521],[-74.114812461053,40.635257410589],[-74.114812301219,40.635257263063],[-74.114808943402,40.635253398683],[-74.114802471603,40.63525822833],[-74.114792714319,40.63526550977],[-74.114741699836,40.635265581401],[-74.114735866024,40.635261284538],[-74.114727951495,40.635255453464],[-74.114725452982,40.635253613493],[-74.11472430847,40.635252769948],[-74.114724284757,40.635243101989],[-74.114724267063,40.635235560152],[-74.114725512638,40.635234682704],[-74.114741598857,40.63522335342],[-74.114741553888,40.635204762231],[-74.114741388551,40.635136104053],[-74.114759125438,40.635136079148],[-74.114759000276,40.635083919356],[-74.114758963119,40.635068498889],[-74.114753079998,40.635068513766],[-74.114747824331,40.635068398341],[-74.114742545616,40.635067253645],[-74.114737799409,40.635065069217],[-74.114731493809,40.635059304077],[-74.114729260716,40.635053705071],[-74.114729603698,40.635047623517],[-74.1147315374,40.635043406254],[-74.114736083779,40.635038682092],[-74.114743013041,40.635035238793],[-74.114749544777,40.635033653663],[-74.114758879532,40.635033640745],[-74.114758702354,40.634960169299],[-74.114751477592,40.634960180111],[-74.1147513932,40.634924851897],[-74.114767412496,40.634924829604],[-74.114768314275,40.634922001072],[-74.114769901962,40.634919353759],[-74.114771470553,40.634917974398],[-74.114774882737,40.63491497226],[-74.114778095242,40.634913396746],[-74.114781640749,40.634912311682],[-74.114785392848,40.634911756818],[-74.114789214451,40.634911751202],[-74.114792968441,40.634912295871],[-74.114796520029,40.634913371148],[-74.114799740304,40.63491493844],[-74.114802515688,40.634916940226],[-74.114806344734,40.634921947797],[-74.114807260969,40.634924774514],[-74.114807281909,40.634933510438],[-74.114964254909,40.634933266245],[-74.114970808868,40.634933610895],[-74.114975966279,40.634935020455],[-74.114977776433,40.63493594618],[-74.114980976737,40.634937582827],[-74.114984882257,40.634941000897],[-74.114987467587,40.634945206442],[-74.114987791196,40.634945732022],[-74.114988594502,40.634948873132],[-74.114988315136,40.634953443551],[-74.114986829014,40.634957404623],[-74.114982885539,40.634962145302],[-74.114977235476,40.634965695398],[-74.114972603328,40.634967279542],[-74.114968136409,40.634968026037],[-74.114963556025,40.634968094554],[-74.114954287476,40.634968107423],[-74.114954354034,40.634995765927],[-74.114954443772,40.635032762799],[-74.114959628302,40.635032755815],[-74.11496375812,40.635032569781],[-74.114967864098,40.6350329538],[-74.114971812636,40.635033893596],[-74.114978731235,40.635037304151],[-74.114983618334,40.635042360186],[-74.114985089173,40.635045306117],[-74.114985848194,40.635051558569],[-74.114985111202,40.635054660697],[-74.114981525098,40.635060315046],[-74.114978792691,40.635062681643],[-74.114975545374,40.635064635417],[-74.114971890605,40.635066112322],[-74.114967946506,40.635067064513],[-74.11496384187,40.635067460343],[-74.114959711431,40.63506728707],[-74.114955691232,40.635067292891],[-74.114955856536,40.635135804284],[-74.11497197163,40.635135781868],[-74.114972022551,40.635157104329],[-74.114972062434,40.635173391993],[-74.115036119761,40.635173302709]]]]},"properties":{"name":null,"construction_year":"1935","ground_elevation":"79","height_roof":"77","bin":"5004889","geom_source":"Other (Manual)"}},{"type":"Feature","geometry":{"type":"MultiPolygon","coordinates":[[[[-74.160725628536,40.583461831725],[-74.160597363452,40.583391596304],[-74.160550629913,40.583441204923],[-74.160489676574,40.58340782836],[-74.160500740562,40.583396084462],[-74.160457536196,40.583372426771],[-74.160502352911,40.583324852453],[-74.160514855322,40.583331698791],[-74.160525371453,40.583320535594],[-74.160447595407,40.583277945823],[-74.160336325379,40.583350887023],[-74.160304930141,40.583371467313],[-74.160260497084,40.583340761049],[-74.160203326673,40.583301251883],[-74.160135606528,40.583254452331],[-74.160083684543,40.583218571211],[-74.160264605789,40.583026519681],[-74.16027885899,40.583011389882],[-74.16029818881,40.582990871459],[-74.16031589749,40.582972073497],[-74.160318304437,40.582969518049],[-74.160650843998,40.583151612564],[-74.160670447363,40.58316234643],[-74.160737601288,40.583091061463],[-74.160716194305,40.583079339553],[-74.160980186807,40.58279910107],[-74.161140572034,40.582628843521],[-74.1612710467,40.582700289146],[-74.161250277602,40.582722337045],[-74.161268102152,40.582732098037],[-74.161326770275,40.582764222965],[-74.161106964843,40.582981280668],[-74.160943541813,40.583142658735],[-74.160904223969,40.583181485027],[-74.160910799836,40.583185086024],[-74.160862083872,40.583236801175],[-74.160842677965,40.583226175128],[-74.160807178286,40.583263858677],[-74.160874304226,40.583300616007],[-74.160940692224,40.583336968194],[-74.160789907835,40.583497029773],[-74.160725628536,40.583461831725]]]]},"properties":{"name":null,"construction_year":"2001","ground_elevation":"62","height_roof":"76.93","bin":"5145698","geom_source":"Photogrammetric"}},{"type":"Feature","geometry":{"type":"MultiPolygon","coordinates":[[[[-74.118792249434,40.635231798545],[-74.118778994432,40.635163141284],[-74.118761337848,40.635165119054],[-74.118749621943,40.635104432504],[-74.118767279693,40.635102454734],[-74.11872902294,40.634904287986],[-74.118874660793,40.634887970474],[-74.118906396607,40.63505236181],[-74.11892214568,40.635050596712],[-74.118926283282,40.635072028411],[-74.11894729467,40.635180870541],[-74.118929951273,40.635182813793],[-74.118961721958,40.635347381575],[-74.118817678603,40.635363520146],[-74.118792249434,40.635231798545]]]]},"properties":{"name":null,"construction_year":"1962","ground_elevation":"34","height_roof":"76.68","bin":"5095819","geom_source":"Photogrammetric"}},{"type":"Feature","geometry":{"type":"MultiPolygon","coordinates":[[[[-74.16464321444,40.620563731254],[-74.164599781961,40.620555208773],[-74.164592137068,40.62057783183],[-74.164514651536,40.620561976487],[-74.164522608567,40.620539400716],[-74.164513379881,40.62053751202],[-74.164411616068,40.620516688949],[-74.164196899535,40.62047275138],[-74.164189963457,40.620492433194],[-74.163813311184,40.620415359036],[-74.163820247365,40.620395677245],[-74.163845744557,40.620323332578],[-74.163797327622,40.620313424691],[-74.1638316423,40.620216060863],[-74.164276473185,40.620293670619],[-74.164287341716,40.620236313436],[-74.164314578231,40.62024569217],[-74.164338667299,40.620251585873],[-74.16436472557,40.620255686517],[-74.164391207423,40.620257587475],[-74.164418936367,40.62025720562],[-74.164448727866,40.620254068812],[-74.164470273356,40.62026557728],[-74.164496233768,40.620275040645],[-74.164521590145,40.62028061191],[-74.164541741223,40.620282572322],[-74.164546234347,40.620283009849],[-74.164570427372,40.620282642024],[-74.164596700951,40.620279152706],[-74.164620538093,40.620272970708],[-74.164655212122,40.620178051936],[-74.164718949453,40.620191570218],[-74.164965815981,40.620243930091],[-74.164959275222,40.620261839157],[-74.165136807041,40.620299492651],[-74.165064707425,40.620496868193],[-74.165017757866,40.620486910084],[-74.165008869114,40.62052118321],[-74.165026455087,40.620523830716],[-74.164963625691,40.620695644167],[-74.16482813095,40.620655985913],[-74.164748420376,40.620632655082],[-74.164708058337,40.620620841335],[-74.164691927955,40.620616120494],[-74.164646352259,40.620606895091],[-74.164655790779,40.620579819981],[-74.164638930916,40.620576407736],[-74.16464321444,40.620563731254]]]]},"properties":{"name":null,"construction_year":"2007","ground_elevation":"15","height_roof":"76.57629625","bin":"5032481","geom_source":"Photogrammetric"}},{"type":"Feature","geometry":{"type":"MultiPolygon","coordinates":[[[[-74.092056024377,40.634202950121],[-74.091943018641,40.634177727831],[-74.091738074467,40.634131983934],[-74.091739729331,40.634127680831],[-74.091752127261,40.634095442236],[-74.091764757216,40.634062602807],[-74.091777218725,40.634030199364],[-74.091788047739,40.634002037769],[-74.091797889726,40.633976447045],[-74.091805426681,40.633956847518],[-74.091811509011,40.633941032236],[-74.09181317918,40.633936690396],[-74.091813400611,40.633936113887],[-74.091862107612,40.633946985681],[-74.091863670594,40.633942922187],[-74.091875093188,40.633913220221],[-74.091891018608,40.633871809699],[-74.091892543898,40.633867845293],[-74.091911244252,40.633819216685],[-74.091945345806,40.633730544951],[-74.091764624695,40.633629269182],[-74.091798650913,40.633594029895],[-74.09183561146,40.633555749899],[-74.091871559222,40.633518519807],[-74.091874071021,40.6335159198],[-74.091881838941,40.633507873752],[-74.092083637799,40.633620961687],[-74.092160438871,40.633664000833],[-74.092174778679,40.633672037284],[-74.092172350031,40.633678351875],[-74.092150286071,40.633735727269],[-74.092135305451,40.633774681354],[-74.092115750172,40.633825529564],[-74.092101926127,40.633861474081],[-74.092087025543,40.633900220974],[-74.092075102471,40.633931223713],[-74.092065299469,40.633956715372],[-74.092055816825,40.633981372893],[-74.092053032454,40.6339886135],[-74.092037396246,40.633985122996],[-74.092033548298,40.63399512905],[-74.092022210565,40.634024611236],[-74.092017118828,40.634037851151],[-74.092225599503,40.634084383272],[-74.092221686796,40.63409455688],[-74.092216812989,40.634107230202],[-74.092211941539,40.634119899019],[-74.092205626078,40.634136319659],[-74.092206808492,40.634136583464],[-74.092237245029,40.634143376887],[-74.092232587941,40.63415548721],[-74.092226371419,40.634171651124],[-74.092219119593,40.634190508421],[-74.092213070317,40.63420623905],[-74.092181653532,40.634199226679],[-74.092176124844,40.634213604308],[-74.092170404168,40.634228480077],[-74.092124853962,40.634218313693],[-74.092056024377,40.634202950121]]]]},"properties":{"name":null,"construction_year":"1967","ground_elevation":"230","height_roof":"76.55179348","bin":"5002835","geom_source":"Photogrammetric"}},{"type":"Feature","geometry":{"type":"MultiPolygon","coordinates":[[[[-74.118383929357,40.636575041669],[-74.11837559454,40.636530465511],[-74.118337570387,40.63653459121],[-74.118326024139,40.636472838235],[-74.118347204328,40.636470539923],[-74.118343008289,40.636448095182],[-74.118359852211,40.636446266899],[-74.118322783736,40.636248009671],[-74.118412995122,40.636238220907],[-74.118467610049,40.636232295062],[-74.11849089966,40.636356853489],[-74.118491564399,40.636360409857],[-74.118498191482,40.636395852893],[-74.118515261124,40.636394000942],[-74.118529939094,40.636472503942],[-74.118531097919,40.636478704627],[-74.11853617835,40.636505876179],[-74.118539451929,40.636523383413],[-74.118522382254,40.636525235369],[-74.118536391948,40.636600168494],[-74.118553390023,40.636691078261],[-74.118408563918,40.636706793877],[-74.118396799182,40.636643874962],[-74.118389593316,40.636605333828],[-74.118383929357,40.636575041669]]]]},"properties":{"name":null,"construction_year":"1962","ground_elevation":"27","height_roof":"76.5","bin":"5095815","geom_source":"Photogrammetric"}},{"type":"Feature","geometry":{"type":"MultiPolygon","coordinates":[[[[-74.08081980415,40.624052154811],[-74.080688526311,40.623799671698],[-74.080663120718,40.62380734035],[-74.0804907522,40.623475824617],[-74.080581009936,40.62344857917],[-74.080573045796,40.623433261492],[-74.080678842773,40.62340132597],[-74.080874250644,40.623777150647],[-74.080900113417,40.623769344747],[-74.081016318682,40.623992835175],[-74.08081980415,40.624052154811]]]]},"properties":{"name":null,"construction_year":"2010","ground_elevation":"24","height_roof":"76.21076172","bin":"5158679","geom_source":"Photogrammetric"}},{"type":"Feature","geometry":{"type":"MultiPolygon","coordinates":[[[[-74.117787141079,40.636696873529],[-74.117784657669,40.636592496817],[-74.11776644441,40.636592747807],[-74.117766292472,40.636586362376],[-74.117764009532,40.636490398114],[-74.117763330254,40.636461836121],[-74.117781544658,40.63646158423],[-74.117777620999,40.636296658034],[-74.117924786256,40.636294626914],[-74.117929539132,40.636494452802],[-74.117946474553,40.636494219307],[-74.117946604808,40.636499697036],[-74.117947958414,40.636556605801],[-74.117931022977,40.636556839296],[-74.117931573312,40.636579955077],[-74.117932201531,40.636606339664],[-74.117932366284,40.636613278001],[-74.117933211637,40.63664881615],[-74.117935603401,40.63674936214],[-74.117935797476,40.636757508044],[-74.11789676323,40.636758046961],[-74.117788631201,40.636759540079],[-74.117787141079,40.636696873529]]]]},"properties":{"name":null,"construction_year":"1962","ground_elevation":"30","height_roof":"75.87","bin":"5095816","geom_source":"Photogrammetric"}},{"type":"Feature","geometry":{"type":"MultiPolygon","coordinates":[[[[-74.099756671248,40.620886080193],[-74.099671709115,40.620871670809],[-74.099590859593,40.620857958404],[-74.099536049703,40.620848662968],[-74.099502163235,40.62084291546],[-74.099400177604,40.620825618229],[-74.099357733847,40.620818420134],[-74.099326842883,40.620813180582],[-74.099301304528,40.620808849526],[-74.09927636196,40.620804618808],[-74.099245965132,40.620799463456],[-74.099221186886,40.620795261401],[-74.099127619214,40.620779391193],[-74.098950656063,40.620749377995],[-74.098998882069,40.620584285357],[-74.099145078071,40.620609081285],[-74.099291179612,40.620633859998],[-74.099393324507,40.620651184204],[-74.099447383574,40.620660352484],[-74.099488055258,40.620667250405],[-74.099533110215,40.620674891948],[-74.099582719857,40.620683305778],[-74.099635389997,40.620692239236],[-74.09970014133,40.620703220784],[-74.099755649751,40.620712634405],[-74.099798378374,40.620719881634],[-74.099833751902,40.620725880809],[-74.099815311941,40.620789008945],[-74.099785527858,40.620890973795],[-74.099766615199,40.620887766345],[-74.099756671248,40.620886080193]]]]},"properties":{"name":null,"construction_year":"1965","ground_elevation":"217","height_roof":"75.54","bin":"5006535","geom_source":"Photogrammetric"}},{"type":"Feature","geometry":{"type":"MultiPolygon","coordinates":[[[[-74.119655075089,40.636571950091],[-74.119595006132,40.636401292024],[-74.11955872332,40.636408701412],[-74.119546456971,40.636373844234],[-74.119537602968,40.636348685709],[-74.119557673418,40.636344588188],[-74.119552569176,40.636330084319],[-74.119549931511,40.636322589332],[-74.11956509453,40.636319492888],[-74.119568231828,40.636318852057],[-74.119567659145,40.636317224513],[-74.119499714455,40.636124152535],[-74.119642345864,40.636095022781],[-74.1196842492,40.636214094544],[-74.119698984551,40.636255965088],[-74.119717119409,40.636252261281],[-74.119761771164,40.636379141263],[-74.119743636274,40.636382845077],[-74.119795428966,40.636530014425],[-74.119799785928,40.636542395636],[-74.119655075089,40.636571950091]]]]},"properties":{"name":null,"construction_year":"1962","ground_elevation":"22","height_roof":"75.51","bin":"5095813","geom_source":"Photogrammetric"}},{"type":"Feature","geometry":{"type":"MultiPolygon","coordinates":[[[[-74.077331041049,40.643621468839],[-74.077330771642,40.643621588789],[-74.077312892724,40.643629544286],[-74.077294881461,40.643637558403],[-74.07726154472,40.643652391637],[-74.077260485035,40.643651010053],[-74.07724655876,40.643632850543],[-74.077183608501,40.643660860221],[-74.07708399751,40.643705182126],[-74.076999103379,40.643742955424],[-74.076978875902,40.643716577466],[-74.076927478484,40.643649555637],[-74.07694210684,40.643643046807],[-74.07702131142,40.643607804216],[-74.077045192948,40.643597178307],[-74.077002030259,40.64354089328],[-74.076975021023,40.643552910774],[-74.076942859956,40.643567220828],[-74.076950501475,40.643577185357],[-74.076906025639,40.643596974291],[-74.076891957374,40.643603234199],[-74.076858220595,40.6435592412],[-74.076814913643,40.643502768892],[-74.076888666179,40.643469952428],[-74.076932629118,40.643450391675],[-74.07689947965,40.643407164636],[-74.076844264269,40.643431731676],[-74.076781780767,40.643459533703],[-74.076721240981,40.643380587812],[-74.07670481551,40.643359169126],[-74.076703427877,40.643357360009],[-74.076702840617,40.643356593158],[-74.076713583803,40.643351813243],[-74.07677563949,40.643324201548],[-74.076819486569,40.643304692244],[-74.076927862285,40.64325647086],[-74.077019715483,40.64321560147],[-74.077019775745,40.643215574414],[-74.077040499178,40.643242597707],[-74.077102288334,40.643323172532],[-74.077101945668,40.643323324949],[-74.077085518995,40.643330633765],[-74.077067695661,40.643338564873],[-74.077049825058,40.643346515822],[-74.077008288059,40.643364997075],[-74.077007514107,40.643365341591],[-74.07701492947,40.643375011798],[-74.076985453108,40.643388126878],[-74.077000694679,40.643408001027],[-74.077032813119,40.643393709897],[-74.077072112167,40.643376224308],[-74.077085981858,40.643370052762],[-74.077179342563,40.643491797002],[-74.07717173183,40.643495183558],[-74.077151812291,40.643504047222],[-74.0770922167,40.64353056424],[-74.077110224163,40.643554045799],[-74.077141539155,40.643540111783],[-74.07715131309,40.643552858372],[-74.077184868404,40.643537928668],[-74.07720170986,40.643530434052],[-74.07721851114,40.643522958372],[-74.077235293509,40.643515490806],[-74.077246087491,40.643510688294],[-74.077331041049,40.643621468839]]]]},"properties":{"name":null,"construction_year":"1925","ground_elevation":"52","height_roof":"75.38","bin":"5000065","geom_source":"Photogrammetric"}},{"type":"Feature","geometry":{"type":"MultiPolygon","coordinates":[[[[-74.088017527544,40.646942829537],[-74.088036555729,40.646925381835],[-74.088102176562,40.64686521477],[-74.088174918941,40.64679851705],[-74.088154783348,40.646785776643],[-74.088245652674,40.646702457619],[-74.088269089564,40.646717287381],[-74.088308629981,40.646681032768],[-74.088507849967,40.646498366128],[-74.088512648095,40.646501401685],[-74.088611953465,40.646564236334],[-74.088399564854,40.646758978423],[-74.088420408079,40.646772166702],[-74.08834738021,40.646839126848],[-74.088278441455,40.64690233675],[-74.088259168412,40.646890142314],[-74.088126502762,40.647011783428],[-74.088122942312,40.647009530357],[-74.088045073948,40.646960259598],[-74.088017527544,40.646942829537]]]]},"properties":{"name":null,"construction_year":"1963","ground_elevation":"26","height_roof":"75.28","bin":"5108497","geom_source":"Photogrammetric"}},{"type":"Feature","geometry":{"type":"MultiPolygon","coordinates":[[[[-74.149764405266,40.605742537458],[-74.149764486513,40.605717657696],[-74.149904323296,40.605717924754],[-74.150048080471,40.605718198231],[-74.15004825148,40.605666012684],[-74.150048486535,40.605594483814],[-74.150048860219,40.605480545519],[-74.150039956068,40.605480528327],[-74.150034178296,40.605480517859],[-74.150035280507,40.60514448435],[-74.150043107046,40.605144499348],[-74.15005184928,40.60514451585],[-74.150052127707,40.605059693395],[-74.150274516219,40.605060117846],[-74.150286402523,40.605060140126],[-74.150285795319,40.605245469519],[-74.150305039136,40.60524550649],[-74.150405748084,40.605245698028],[-74.150405882972,40.605204351224],[-74.150480194988,40.605204492589],[-74.150562861702,40.605204649977],[-74.150562259739,40.605388296285],[-74.15056213883,40.605425320558],[-74.150404813386,40.605425020456],[-74.150404950006,40.605383392687],[-74.150338981876,40.605383267375],[-74.150291268646,40.605383176689],[-74.150290338314,40.605666923787],[-74.150290169339,40.605718354693],[-74.150360228337,40.605718488189],[-74.150360094304,40.605759178509],[-74.15035986977,40.605827886025],[-74.150562995591,40.605828272985],[-74.150562922767,40.605850469178],[-74.150562755564,40.605901544374],[-74.150095685242,40.605900655024],[-74.149763887746,40.605900022539],[-74.149764047978,40.605851360756],[-74.149764405266,40.605742537458]]]]},"properties":{"name":"Campus Services and Central Plant","construction_year":"1993","ground_elevation":"57","height_roof":"75.23","bin":"5107288","geom_source":"Photogrammetric"}},{"type":"Feature","geometry":{"type":"MultiPolygon","coordinates":[[[[-74.076687219713,40.627561154885],[-74.07666255002,40.627476450391],[-74.076640400751,40.627400401814],[-74.076646279897,40.627394422042],[-74.076816374105,40.62748500982],[-74.077067767246,40.627618893922],[-74.07712145301,40.62764748546],[-74.077115069583,40.627659935833],[-74.077099200038,40.62769088475],[-74.077081583316,40.62769090827],[-74.076865854407,40.627691194987],[-74.076840049248,40.627691229347],[-74.076725148742,40.627691382629],[-74.07672409265,40.627687756039],[-74.076687219713,40.627561154885]]]]},"properties":{"name":null,"construction_year":"1929","ground_elevation":"11","height_roof":"75.17","bin":"5013661","geom_source":"Photogrammetric"}},{"type":"Feature","geometry":{"type":"MultiPolygon","coordinates":[[[[-74.087781457745,40.646001187383],[-74.087767863039,40.645986885818],[-74.087730360581,40.646007568727],[-74.087683345434,40.646033498995],[-74.087661385914,40.645998245126],[-74.087654484695,40.645987165904],[-74.087640314461,40.64595231673],[-74.087623929472,40.645907260963],[-74.087615967698,40.645881713014],[-74.087611422392,40.645850563037],[-74.087610424978,40.645840071855],[-74.08760696517,40.64580365752],[-74.087648678406,40.645791713675],[-74.087642551764,40.64578526883],[-74.087646639409,40.645783014419],[-74.087672291147,40.645768866629],[-74.087646344971,40.645741571878],[-74.087672289679,40.645727262672],[-74.087644326169,40.645697845134],[-74.087566403766,40.645615872655],[-74.087510145471,40.645556690172],[-74.087453878989,40.645497499563],[-74.087453010017,40.645496584396],[-74.087550609878,40.645442758178],[-74.087564095502,40.645435320433],[-74.08757226312,40.645443911464],[-74.087649430012,40.645525091161],[-74.08773586577,40.645616019952],[-74.087760823383,40.645642274439],[-74.087780804341,40.645631253951],[-74.087857552602,40.645711991671],[-74.087902816488,40.645759608022],[-74.087879687087,40.645772364435],[-74.087889592748,40.64578278397],[-74.087962069807,40.645859028594],[-74.088031826423,40.645932410705],[-74.08807462096,40.645977429081],[-74.087961562103,40.64603978377],[-74.087936536464,40.646053585345],[-74.087919880145,40.646036063183],[-74.08785052015,40.645963098543],[-74.087781457745,40.646001187383]]]]},"properties":{"name":null,"construction_year":"1963","ground_elevation":"39","height_roof":"75.04","bin":"5108499","geom_source":"Photogrammetric"}},{"type":"Feature","geometry":{"type":"MultiPolygon","coordinates":[[[[-74.117753597703,40.636150117623],[-74.117751634926,40.636139778063],[-74.117728364179,40.636142341358],[-74.117727056462,40.636135453719],[-74.117700182632,40.635993878078],[-74.11767913634,40.635883003294],[-74.117699277455,40.63588078451],[-74.11769085609,40.635836424513],[-74.117663522243,40.63583943591],[-74.117633508282,40.635681320011],[-74.117627364711,40.635648953504],[-74.117644717779,40.635647041957],[-74.117924145408,40.635616258713],[-74.117928468322,40.635639034732],[-74.118074467737,40.6356229511],[-74.118099565529,40.635755165778],[-74.118112546399,40.635823546934],[-74.118130935982,40.635821521684],[-74.118142566183,40.635882786514],[-74.118124175403,40.635884812668],[-74.118138072713,40.635958023267],[-74.11815648159,40.636054997551],[-74.118161845087,40.636083250354],[-74.118110746432,40.636088879773],[-74.118015844686,40.636099334096],[-74.118007457672,40.636055148789],[-74.117992162058,40.635974571556],[-74.117984383615,40.635933597777],[-74.117965997543,40.635935622999],[-74.117942078817,40.635809617071],[-74.117850315254,40.635819725841],[-74.11788376618,40.635995950316],[-74.117900982703,40.636086646537],[-74.117904843864,40.636106984422],[-74.117883883663,40.636109294134],[-74.11788880439,40.636135223161],[-74.117753597703,40.636150117623]]]]},"properties":{"name":null,"construction_year":"1962","ground_elevation":"37","height_roof":"75","bin":"5095818","geom_source":"Other (Manual)"}},{"type":"Feature","geometry":{"type":"MultiPolygon","coordinates":[[[[-74.072488270071,40.616912673874],[-74.072794225915,40.617315583538],[-74.0725005429,40.617445082185],[-74.072194588236,40.617042171744],[-74.072488270071,40.616912673874]]]]},"properties":{"name":null,"construction_year":"2018","ground_elevation":"19","height_roof":"75","bin":"5166680","geom_source":"Other (Manual)"}}],"metadata":{"source":"https://data.cityofnewyork.us/d/3g6p-4u5s","api":"https://data.cityofnewyork.us/resource/5zhs-2jue.geojson","sampling":"Tallest buildings per borough, ordered by height then BIN","limit_per_borough":100}}